영화명,영화형태,국적,개봉극장수,전국매출,전국관객수,서울매출,서울관객수,장르,등급,예측티켓값,개봉연도,개봉월,국내외구분,전국대비서울
명량,장편,한국,1587,135748398910,17613682,33121225810,4163666,사극,15세이상관람가,18571.05037360996,2014,7,국내,23.638816688072374
왕과 사는 남자,장편,한국,1724,162898938670,16880990,34840190620,3494144,사극,12세이상관람가,23252.63880022682,2026,2,국내,20.698691249743053
극한직업,장편,한국,1978,139647979516,16264944,31858660536,3638287,코미디,15세이상관람가,20688.737413435974,2019,1,국내,22.368887344463037
신과함께-죄와 벌,장편,한국,1912,115698654137,14410754,27530825087,3346172,판타지,12세이상관람가,19346.103450209343,2017,12,국내,23.219964756875317
국제시장,장편,한국,966,110828014630,14245998,25842519330,3233946,드라마,12세이상관람가,18745.99848601404,2014,12,국내,22.700733216444366
어벤져스: 엔드게임,장편,미국,2835,122182694160,13934592,33577136860,3597963,액션,12세이상관람가,21128.43565897187,2019,4,해외,25.820368475804674
겨울왕국 2,장편,미국,2648,114810421450,13747792,28824682580,3225974,애니메이션,전체관람가,20123.349113210854,2019,11,해외,23.46539720705696
아바타,장편,미국,912,128447097523,13624328,40547523000,3993374,SF,12세이상관람가,22717.529875137676,2009,12,해외,29.310612604159264
베테랑,장편,한국,1064,105024756250,13395400,26766369950,3290366,액션,15세이상관람가,18892.43335825947,2015,8,국내,24.56340236200487
서울의 봄,장편,한국,2328,127926951712,13128080,29336875104,2956518,드라마,12세이상관람가,23480.79193367764,2023,11,국내,22.520566602275427
도둑들,장편,한국,1072,93665568500,12983330,26089426500,3468906,액션,15세이상관람가,17383.84259355966,2012,7,국내,26.71815320106629
7번방의 선물,장편,한국,787,91431914670,12811206,22800931670,3070053,코미디,15세이상관람가,17197.277654789003,2013,1,국내,23.963809496155164
암살,장편,한국,1519,98463132781,12705700,25306651181,3155960,액션,15세이상관람가,18673.55288713509,2015,7,국내,24.83893055872561
범죄도시2,장편,한국,2498,131293353478,12692959,29072759869,2755760,범죄,15세이상관람가,24924.80488221951,2022,5,국내,21.710934384960982
알라딘,장편,미국,1311,106983620359,12555894,30218911039,3377404,어드벤처,전체관람가,20531.54130536201,2019,5,해외,26.89895279459989
"광해, 왕이 된 남자",장편,한국,810,88900208769,12319542,25192804727,3355700,사극,15세이상관람가,17388.420001953877,2012,9,국내,27.238837287944634
신과함께-인과 연,장편,한국,2235,102476768809,12253247,22905551759,2636542,판타지,12세이상관람가,20152.370472392744,2018,8,국내,21.51708849091184
택시운전사,장편,한국,1906,95284747049,12099971,22186916199,2729932,드라마,15세이상관람가,18975.400859892332,2017,8,국내,22.561475560561263
파묘,장편,한국,2355,115148478414,11913725,26979812331,2723228,미스터리,15세이상관람가,23289.62713557541,2024,2,국내,22.857905482961876
부산행,장편,한국,1788,93175877048,11565078,23020827248,2754686,액션,15세이상관람가,19413.633497139523,2016,7,국내,23.819000615473584
범죄도시4,장편,한국,2980,110038420734,11501621,22859743231,2314667,액션,15세이상관람가,23053.517503818213,2024,4,국내,20.124702422380288
해운대,장편,한국,753,81934638201,11453338,21141403500,2791508,액션,12세이상관람가,17238.019443322093,2009,7,국내,24.372877147256112
변호인,장편,한국,923,82856578300,11372451,22571929000,2978688,드라마,15세이상관람가,17555.96973266086,2013,12,국내,26.192137473267636
어벤져스: 인피니티 워,장편,미국,2553,99919006769,11211880,28631269069,3008819,액션,12세이상관람가,21474.426323653,2018,4,해외,26.83599003913706
아바타: 물의 길,장편,미국,2809,137647702899,10805065,35476705140,2623216,액션,12세이상관람가,30696.827071824122,2022,12,해외,24.277651268178396
범죄도시3,장편,한국,2582,104687737771,10682813,22152818269,2215433,범죄,15세이상관람가,23613.59401187187,2023,5,국내,20.738292432901336
어벤져스: 에이지 오브 울트론,장편,미국,1843,88582586366,10494499,25001906266,2823388,액션,12세이상관람가,20339.419284308762,2015,4,해외,26.903504397875494
기생충,장편,한국,1948,87459829095,10313086,24128560195,2790209,드라마,15세이상관람가,20434.870428941456,2019,5,국내,27.055034739359296
겨울왕국,장편,미국,1010,82461504400,10296101,25847243500,3003446,애니메이션,전체관람가,19298.802550690194,2014,1,해외,29.170712291963724
인터스텔라,장편,미국,1342,82274331200,10273803,25500349600,3079036,SF,12세이상관람가,19296.78819828721,2014,11,해외,29.96977847443639
보헤미안 랩소디,장편,미국,936,86280975785,9948386,27849793695,3097336,드라마,12세이상관람가,20898.46189592844,2018,10,해외,31.134055313093
검사외전,장편,한국,1812,77252755264,9699092,18302525664,2219587,범죄,15세이상관람가,19192.643755066398,2016,2,국내,22.884482382474566
엑시트,장편,한국,1660,79232212162,9426051,18533549352,2132869,코미디,12세이상관람가,20254.610670093527,2019,7,국내,22.627386590630582
관상,장편,한국,1190,66005451500,9134586,19311179000,2561744,사극,15세이상관람가,17411.766742673568,2013,9,국내,28.044445582974426
아이언맨 3,장편,미국,1381,70806191000,9001309,21668935500,2595269,액션,12세이상관람가,18954.72399745897,2013,4,해외,28.832128749274133
설국열차,장편,한국,1128,64016480000,8914845,18975866000,2550437,SF,15세이상관람가,17303.338231147376,2013,8,국내,28.608876542441287
인사이드 아웃 2,장편,미국,2619,84509284036,8799013,22334734771,2218355,애니메이션,전체관람가,23143.14446431772,2024,6,해외,25.211407233970444
캡틴 아메리카: 시빌 워,장편,미국,1991,72672111827,8677249,21248121149,2400069,액션,12세이상관람가,20180.76494920208,2016,4,해외,27.659330739500504
수상한 그녀,장편,한국,692,62696639249,8656397,15358810049,2042110,드라마,15세이상관람가,17452.55435422115,2014,1,국내,23.59076183774843
해적: 바다로 간 산적,장편,한국,838,66240631706,8646758,14906345006,1868694,어드벤처,12세이상관람가,18459.633080335756,2014,8,국내,21.611498783705983
국가대표,장편,한국,580,60896633308,8487894,16782332500,2213346,드라마,12세이상관람가,17288.019317979684,2009,7,국내,26.076503782917175
백두산,장편,한국,1971,69825366300,8252669,15055877210,1724785,어드벤처,12세이상관람가,20387.81571135292,2019,12,국내,20.89972347127941
과속스캔들,장편,한국,405,53940101534,8245523,16515292833,2390408,코미디,12세이상관람가,15763.238823625717,2008,12,국내,28.990374534156295
탑건: 매버릭,장편,미국,1975,87855360975,8177446,25925045991,2309600,액션,12세이상관람가,25888.237598878673,2022,6,해외,28.243537163070233
스파이더맨: 파 프롬 홈,장편,미국,2142,69000711100,8020208,18515112400,2051196,액션,12세이상관람가,20730.980260728873,2019,7,해외,25.575346674300715
공조,장편,한국,976,63781731326,7817446,14672808676,1744624,액션,15세이상관람가,19659.991109350973,2017,1,국내,22.317058538044265
트랜스포머 3,장편,미국,1409,74841350500,7784807,21746223000,2143018,액션,12세이상관람가,23165.712857680075,2011,6,해외,27.528209755232208
히말라야,장편,한국,1009,60173583015,7759473,13920553930,1738016,드라마,12세이상관람가,18686.39604497796,2015,12,국내,22.398634546444068
미션임파서블:고스트프로토콜,장편,미국,1038,57795846000,7575899,18719283500,2347164,액션,15세이상관람가,18382.913868727755,2011,12,해외,30.98198642827736
스파이더맨: 노 웨이 홈,장편,미국,2948,75193912210,7551990,21054819760,2041418,액션,12세이상관람가,23992.37153433922,2021,12,해외,27.03152414131904
베테랑2,장편,한국,2691,72474035814,7525339,14954292776,1489640,액션,15세이상관람가,23206.427096122636,2024,9,국내,19.79498863772117
트랜스포머: 패자의 역습,장편,미국,1129,51478531663,7505700,16083028500,2200557,SF,12세이상관람가,16526.726968788862,2009,6,해외,29.31847795675287
밀정,장편,한국,1444,61158644831,7487545,15436298021,1827424,액션,15세이상관람가,19682.049124036483,2016,9,국내,24.406183869345693
최종병기 활,장편,한국,615,55808856500,7466976,16139541000,2059847,사극,15세이상관람가,18009.857308923536,2011,8,국내,27.586093754687308
써니,장편,한국,472,53773170600,7328820,15401904600,2004824,드라마,15세이상관람가,17680.050139073,2011,5,국내,27.355345062370205
한산: 용의 출현,장편,한국,2223,73700628377,7264934,15974849913,1513672,액션,12세이상관람가,24445.077630055406,2022,7,국내,20.83531660439035
스파이더맨: 홈 커밍,장편,미국,1965,59120173820,7257973,16753103620,1969107,액션,12세이상관람가,19627.82861946093,2017,7,해외,27.13026074910998
엘리멘탈,장편,미국,1251,71129945066,7239288,19102254019,1883280,애니메이션,전체관람가,23676.010401901603,2023,6,해외,26.01471304912859
1987,장편,한국,1299,58165581145,7231638,14638920495,1776877,드라마,15세이상관람가,19381.22827157854,2017,12,국내,24.570878686128925
베를린,장편,한국,894,52354931637,7166199,16070379637,2118794,액션,15세이상관람가,17604.376012430526,2013,1,국내,29.56649682767671
마스터,장편,한국,1501,58067927865,7150541,14520299965,1731940,액션,15세이상관람가,19568.13026412798,2016,12,국내,24.2211043891644
터널,장편,한국,1105,57510324417,7118592,14121558017,1675010,드라마,12세이상관람가,19467.2057312349,2016,8,국내,23.530074486640054
어벤져스,장편,미국,967,59557853478,7074867,19280107897,2147619,액션,12세이상관람가,20284.89015369306,2012,4,해외,30.355609511811316
내부자들,장편,한국,1075,56596582057,7071763,16340245357,1972885,범죄,청소년관람불가,19284.767626042583,2015,11,국내,27.898064457194057
인천상륙작전,장편,한국,1049,55101410303,7049643,11459996563,1427944,전쟁,12세이상관람가,18834.213683988157,2016,7,국내,20.255550529296308
공조2: 인터내셔날,장편,한국,2389,70884583586,6979319,15028120901,1444987,액션,15세이상관람가,24473.193660933644,2022,9,국내,20.703839443361165
럭키,장편,한국,1158,56361435256,6965706,13812629836,1640015,코미디,15세이상관람가,19497.045577843142,2016,10,국내,23.544131779319997
은밀하게 위대하게,장편,한국,1341,48663939413,6953800,12415574413,1691014,액션,15세이상관람가,16863.082718749254,2013,6,국내,24.31784060513676
곡성,장편,한국,1485,55853108382,6878264,15445041342,1829923,미스터리,15세이상관람가,19566.827229969727,2016,5,국내,26.604431001776028
범죄도시,장편,한국,1315,56077813249,6851297,14046905449,1670254,범죄,청소년관람불가,19722.873032794207,2017,10,국내,24.37865414387962
아바타: 불과 재,장편,미국,2582,78912610960,6744610,20611979760,1612310,SF,12세이상관람가,28193.011869201116,2025,12,해외,23.90516278924949
"좋은 놈, 나쁜 놈, 이상한 놈",장편,한국,825,43768628939,6686912,13860913000,2012173,서부극(웨스턴),15세이상관람가,15772.089681549047,2008,7,국내,30.091214001320786
늑대소년,장편,한국,706,46593107500,6654837,12336313500,1677173,멜로/로맨스,15세이상관람가,16870.81865307461,2012,10,국내,25.202315248292333
군함도,장편,한국,2027,50510565168,6592151,11091878868,1398649,액션,15세이상관람가,18463.200437019175,2017,7,국내,21.216883533159358
미션 임파서블: 폴아웃,장편,미국,1957,55888375112,6584915,14891043562,1686255,액션,15세이상관람가,20451.40801398494,2018,7,해외,25.607847633568543
주토피아 2,장편,미국,2383,62729606490,6504926,16382398220,1610429,애니메이션,전체관람가,23237.1095826696,2025,11,해외,24.757068719920873
다크 나이트 라이즈,장편,미국,1210,47644838000,6396528,16258149500,2057529,액션,15세이상관람가,17948.305479819188,2012,7,해외,32.16634086491922
아저씨,장편,한국,478,47870792359,6282774,14820865000,1863328,액션,청소년관람불가,18359.932553543487,2010,8,국내,29.65772762158881
사도,장편,한국,1210,48842902501,6246849,12987928301,1606486,사극,12세이상관람가,18840.49717966051,2015,9,국내,25.716741352320188
전우치,장편,한국,606,44605437017,6136928,12917834500,1684123,액션,12세이상관람가,17514.134231957003,2009,12,국내,27.4424435157134
미션 임파서블: 로그네이션,장편,미국,1202,48547353607,6126488,13751315607,1669524,액션,15세이상관람가,19094.393877312177,2015,7,해외,27.250914390104086
킹스맨 : 시크릿 에이전트,장편,미국,706,50333635795,6125154,16707645195,1968882,액션,청소년관람불가,19801.276732885763,2015,2,해외,32.144204047767616
연평해전,장편,한국,1013,45560620330,6043458,9906059630,1265879,드라마,12세이상관람가,18165.8625411486,2015,6,국내,20.94626950332078
인셉션,장편,미국,528,44106546302,5926948,15810485000,2026998,드라마,12세이상관람가,17931.798028707286,2010,7,해외,34.199692658008814
레미제라블,장편,미국,696,43044999000,5911890,16482217500,2190090,드라마,12세이상관람가,17544.793485099774,2012,12,해외,37.04551336374662
닥터 스트레인지: 대혼돈의 멀티버스,장편,미국,2691,62648728870,5884587,18021250750,1610656,액션,12세이상관람가,25653.591740224307,2022,5,해외,27.370756860252044
캡틴 마블,장편,미국,2100,51491272223,5801069,15433909683,1650932,액션,12세이상관람가,21388.360447741074,2019,3,해외,28.459099521139986
군체,장편,한국,2110,60506776940,5744222,14291959160,1278553,액션,15세이상관람가,25381.933794693887,2026,5,국내,22.258070805759246
쥬라기 월드: 폴른 킹덤,장편,미국,1972,49770711037,5661128,12526470537,1342621,액션,12세이상관람가,21184.72222948186,2018,6,해외,23.716492543535495
좀비딸,장편,한국,1598,53139332990,5640423,10312571340,1045683,코미디,12세이상관람가,22701.59268517136,2025,7,국내,18.53908829178237
청년경찰,장편,한국,1102,44241099316,5636259,9885607016,1207318,액션,15세이상관람가,18914.15185014938,2017,8,국내,21.420555726768413
숨바꼭질,장편,한국,779,39593038500,5602543,10079982000,1356936,스릴러,15세이상관람가,17028.858510892784,2013,8,국내,24.2200015243078
덕혜옹주,장편,한국,964,44344141109,5593551,10625578869,1304324,사극,12세이상관람가,19102.954825991488,2016,8,국내,23.318353582545328
극장판 귀멸의 칼날: 무한성편,장편,일본,2298,60271624740,5588011,15611502300,1352645,애니메이션,15세이상관람가,25990.07602146724,2025,8,해외,24.206197876131597
더 테러 라이브,장편,한국,743,39866712881,5583596,11349884881,1525130,범죄,15세이상관람가,17204.749123674388,2013,7,국내,27.314476190612645
스즈메의 문단속,장편,일본,1486,56800548472,5553332,14272074503,1352438,애니메이션,12세이상관람가,24646.246883635842,2023,3,해외,24.353631297390468
쥬라기 월드,장편,미국,1290,47800698826,5546792,13625824326,1502391,액션,12세이상관람가,20765.58969754744,2015,6,해외,27.085764167828902
의형제,장편,한국,572,40800867602,5507106,12204373500,1563042,드라마,15세이상관람가,17852.451654149587,2010,2,국내,28.382275554529002
감시자들,장편,한국,949,39298005179,5496547,11031549179,1477594,범죄,15세이상관람가,17227.904788794225,2013,7,국내,26.88222260266309
2012,장편,미국,789,39415166660,5462953,11671854500,1528658,SF,12세이상관람가,17385.52486261904,2009,11,해외,27.982265269351576
앤트맨과 와스프,장편,미국,1775,47465443185,5447826,13821594585,1503229,액션,12세이상관람가,20994.532845132402,2018,7,해외,27.593190384568082
닥터 스트레인지,장편,미국,1503,47482530396,5446379,15365072146,1657823,액션,12세이상관람가,21007.67058149569,2016,10,해외,30.43899442179841
검은 사제들,장편,한국,1088,42395347092,5440945,11618059792,1428491,미스터리,15세이상관람가,18775.683796158417,2015,11,국내,26.25446498724027
안시성,장편,한국,1540,46335334026,5440186,10028662426,1146191,사극,12세이상관람가,20523.45403108759,2018,9,국내,21.0689671272269
블랙 팬서,장편,미국,1620,45883143457,5398994,13105688057,1468761,액션,12세이상관람가,20478.22084311459,2018,2,해외,27.204345846652174
더 킹,장편,한국,1310,43486078535,5316325,11144618435,1318493,범죄,15세이상관람가,19710.18164044496,2017,1,국내,24.800835163388243
완득이,장편,한국,500,38530503500,5310510,11657798500,1525277,드라마,12세이상관람가,17483.17708600265,2011,10,국내,28.7218553396943
트랜스포머: 사라진 시대,장편,미국,1602,44012272845,5295801,11664376045,1323527,액션,12세이상관람가,20025.99219759657,2014,6,해외,24.992007819024924
완벽한 타인,장편,한국,1313,44356752474,5294119,11870044374,1373292,드라마,15세이상관람가,20189.14589966807,2018,10,국내,25.939953370900803
조커,장편,미국,1418,45442252130,5255228,14704552340,1638904,액션,15세이상관람가,20836.28012388646,2019,10,해외,31.186163568926027
월드 워 Z,장편,미국,964,38555357000,5237525,12048296500,1562677,드라마,15세이상관람가,17738.23985542698,2013,6,해외,29.836172619701102
F1 더 무비,장편,미국,1665,54928849030,5213527,18564835270,1672150,드라마,12세이상관람가,25387.549035699976,2025,6,해외,32.07329702138303
타워,장편,한국,617,37654858000,5181014,9052298500,1186378,드라마,12세이상관람가,17512.90337960126,2012,12,국내,22.898567732108038
밀수,장편,한국,1932,49685009003,5143219,10715377316,1082269,액션,15세이상관람가,23277.81750305421,2023,7,국내,21.042638860993478
미녀와 야수,장편,미국,1627,42130589579,5137993,13177630229,1531839,멜로/로맨스,전체관람가,19758.589192598312,2017,3,해외,29.81395653906107
추격자,장편,한국,435,33943278500,5071619,11611882500,1662668,범죄,청소년관람불가,16127.203666150885,2008,2,국내,32.783771809357134
독전,장편,한국,1357,43484892913,5063620,10658158413,1201461,범죄,15세이상관람가,20693.273683482694,2018,5,국내,23.72731366097772
쿵푸팬더 2,장편,미국,948,44298724500,5062722,14917759000,1575363,애니메이션,전체관람가,21084.29308538595,2011,5,해외,31.116916947049432
아쿠아맨,장편,미국,1285,44113456704,5038134,11897439184,1294275,액션,12세이상관람가,21098.582537450366,2018,12,해외,25.689570781563177
공작,장편,한국,1317,42759410176,4971261,10296507676,1158151,드라마,12세이상관람가,20726.073991219262,2018,8,국내,23.296926071674772
인사이드 아웃,장편,미국,777,38015586936,4968687,12814825236,1594626,애니메이션,전체관람가,18436.223481609664,2015,7,해외,32.09350880826263
킹스맨: 골든 서클,장편,미국,1687,40987484736,4945484,12306638886,1419759,액션,청소년관람불가,19970.749770950824,2017,9,해외,28.70819114974389
하얼빈,장편,한국,2125,46978947380,4914963,11600537920,1163075,드라마,15세이상관람가,23032.173964152633,2024,12,국내,23.66396247540419
더 퍼스트 슬램덩크,장편,일본,1023,51249971605,4897590,17392458420,1613819,애니메이션,12세이상관람가,25215.240042945145,2023,1,해외,32.95128828668794
바람과 함께 사라지다,장편,한국,694,34524377161,4897551,8302901161,1122802,코미디,12세이상관람가,16986.29994204652,2012,8,국내,22.92578474425279
마션,장편,미국,1132,39612764295,4875494,12914889095,1509471,액션,12세이상관람가,19578.00462565175,2015,10,해외,30.96037037477638
토르: 라그나로크,장편,미국,1640,39248432595,4857152,12088848195,1419464,액션,12세이상관람가,19471.191425241374,2017,10,해외,29.22420381326341
어메이징 스파이더맨,장편,미국,1118,41163951235,4853123,13100185524,1446116,액션,12세이상관람가,20438.436021456502,2012,6,해외,29.797637521241477
"님아, 그 강을 건너지 마오",장편,한국,206,37354452679,4801355,9129018879,1140795,다큐멘터리,전체관람가,18746.943174788776,2014,11,국내,23.759855290850187
조선명탐정 : 각시투구꽃의 비밀,장편,한국,611,35841769500,4786259,10712744000,1363857,코미디,12세이상관람가,18044.512350575726,2011,1,국내,28.495261121472947
봉오동 전투,장편,한국,1476,40514276538,4779501,7782799628,891383,사극,15세이상관람가,20425.722840557766,2019,8,국내,18.650126864708263
군도: 민란의 시대,장편,한국,1394,36987755999,4774895,9976707399,1239945,사극,15세이상관람가,18665.77650171504,2014,7,국내,25.968005579180275
남산의 부장들,장편,한국,1659,41223596650,4750104,9851448590,1113402,드라마,15세이상관람가,20911.956418496375,2020,1,국내,23.439528902946126
라이온 킹,장편,미국,1936,41518977430,4743184,11620751790,1218042,어드벤처,전체관람가,21092.525347316896,2019,7,해외,25.679838690634817
파일럿,장편,한국,1956,43204079201,4718036,9238563114,980597,코미디,12세이상관람가,22065.582997282912,2024,7,국내,20.784008430626642
범죄와의 전쟁: 나쁜놈들 전성시대,장편,한국,699,36479147500,4710454,11716858500,1451900,범죄,청소년관람불가,18660.952901984365,2012,2,국내,30.822931292822304
주토피아,장편,미국,661,37077444042,4703245,12142771642,1465960,애니메이션,전체관람가,18996.084332290087,2016,2,해외,31.16911834276122
엣지 오브 투모로우,장편,미국,801,38703942201,4697142,12201872401,1401887,액션,12세이상관람가,19855.161144310914,2014,6,해외,29.84553160198265
신세계,장편,한국,671,34881330905,4682492,11114978905,1435648,범죄,청소년관람불가,17950.14273832915,2013,2,국내,30.65991356739104
쿵푸 팬더,장편,미국,351,30000965000,4673009,10590329000,1556669,애니메이션,전체관람가,15470.006997142707,2008,6,해외,33.31191957901215
신비한 동물사전,장편,미국,1431,39337263058,4666993,12640487458,1425528,어드벤처,12세이상관람가,20310.419510363037,2016,11,해외,30.544892610723863
도가니,장편,한국,644,35566854800,4662822,10141606500,1267508,드라마,청소년관람불가,18380.127866410785,2011,9,국내,27.18328085438389
내 아내의 모든 것,장편,한국,563,34222160500,4598583,11547286500,1475165,코미디,15세이상관람가,17932.271169053074,2012,5,국내,32.07868597783274
나쁜 녀석들: 더 무비,장편,한국,1511,39560195124,4573902,8008441184,905239,범죄,15세이상관람가,20841.236078764374,2019,9,국내,19.791394743481604
노량: 죽음의 바다,장편,한국,2196,45008260375,4573398,9861139267,970454,사극,12세이상관람가,23714.017336306908,2023,12,국내,21.21953960709302
판도라,장편,한국,1166,35965733064,4571142,7213559964,880999,드라마,12세이상관람가,18959.029717669404,2016,12,국내,19.27306130503056
터미네이터 : 미래전쟁의 시작,장편,미국,704,30146162133,4568891,9506441000,1367218,SF,15세이상관람가,15899.121808191396,2009,5,해외,29.92450465550612
맘마미아!,장편,미국,457,29570784560,4554785,11275657333,1646593,멜로/로맨스,12세이상관람가,15643.966192524316,2008,9,해외,36.15083917243075
연가시,장편,한국,759,32154766664,4513026,7819583000,1040068,공포(호러),15세이상관람가,17168.384462092992,2012,7,국내,23.045911988984773
아이언맨 2,장편,미국,757,33161943100,4498335,10697867500,1370291,SF,12세이상관람가,17763.971919945052,2010,4,해외,30.46218211849495
강철비,장편,한국,1426,35477912466,4451336,8694723516,1060541,액션,15세이상관람가,19205.233148251406,2017,12,국내,23.825229099757916
해리 포터와 죽음의 성물2,장편,미국,757,34507819000,4400298,11183806000,1361311,판타지,전체관람가,18896.759056849638,2011,7,해외,30.936791099148287
다만 악에서 구하소서,장편,한국,1998,38554527990,4352669,8906277620,984042,범죄,15세이상관람가,21343.79551588631,2020,8,국내,22.607783867783194
헌트,장편,한국,1625,44573032153,4350029,10985286495,1052205,액션,15세이상관람가,24690.616258929967,2022,8,국내,24.188459433258952
아이언맨,장편,미국,592,27802744668,4316003,9029366168,1329214,SF,12세이상관람가,15522.363044015548,2008,4,해외,30.797337258570025
엑스맨: 데이즈 오브 퓨처 패스트,장편,미국,1056,34654558766,4313871,11315080666,1345720,액션,12세이상관람가,19357.31524700848,2014,5,해외,31.19518409335838
강철중: 공공의 적 1-1,장편,한국,659,28465757767,4300670,9048970100,1298197,드라마,15세이상관람가,15949.186380345725,2008,6,국내,30.185924518737778
아가씨,장편,한국,1171,35114332791,4277071,10881501871,1283972,스릴러,청소년관람불가,19782.89584128839,2016,6,국내,30.019889779711395
가디언즈 오브 갤럭시: Volume 3,장편,미국,1819,44355754061,4208993,13547092538,1235431,액션,12세이상관람가,25393.564467022632,2023,5,해외,29.35217521150546
어메이징 스파이더맨 2,장편,미국,1312,34869056800,4168350,10562832700,1187974,액션,12세이상관람가,20157.09420141251,2014,4,해외,28.499862055729487
인디아나 존스 4 : 크리스탈 해골의 왕국,장편,미국,660,26693951667,4136101,8495873167,1245028,액션,12세이상관람가,15551.54845135668,2008,5,해외,30.101489301155848
용의자,장편,한국,807,30037161000,4131248,7563772000,997760,액션,15세이상관람가,17519.81512724951,2013,12,국내,24.15153968001921
건축학개론,장편,한국,593,30219800500,4110645,11003948000,1431173,멜로/로맨스,12세이상관람가,17714.688664562902,2012,3,국내,34.81626362772752
미이라 3:황제의 무덤,장편,미국,527,26222207084,4090795,6942890084,1027371,액션,12세이상관람가,15445.907498729479,2008,7,해외,25.114213740849884
7급 공무원,장편,한국,475,26701311856,4088799,8090460000,1173540,코미디,12세이상관람가,15735.796867585212,2009,4,국내,28.701337483207173
다크 나이트,장편,미국,462,27059471306,4087355,10406924000,1487898,범죄,15세이상관람가,15952.503591115197,2008,8,해외,36.402465653215835
댄싱퀸,장편,한국,534,30129259500,4057546,8223006000,1055086,코미디,12세이상관람가,17892.742386951333,2012,1,국내,26.00305702017919
우리 생애 최고의 순간,장편,한국,418,26151780425,4044582,8551706425,1264173,드라마,전체관람가,15580.432878723681,2008,1,국내,31.255961679105532
미션 임파서블: 데드 레코닝 PART ONE,장편,미국,2437,40426400113,4021778,11155001710,1067176,액션,15세이상관람가,24221.3797779196,2023,7,해외,26.534930570508863
꾼,장편,한국,1314,31313568795,4018341,7524464445,931901,범죄,15세이상관람가,18777.496145437686,2017,11,국내,23.191187607024887
혹성탈출: 반격의 서막,장편,미국,922,31509793095,4002134,9067860195,1095630,액션,12세이상관람가,18971.681677102373,2014,7,해외,27.376144826734937
타짜-신의 손,장편,한국,890,32267244827,4001813,8495857527,1016403,드라마,청소년관람불가,19429.292966336503,2014,9,국내,25.398563101274345
쿵푸팬더3,장편,미국,1365,31340798156,3984812,8695148256,1045418,애니메이션,전체관람가,18951.959479299527,2016,1,해외,26.235064540058602
캡틴 아메리카: 윈터 솔져,장편,미국,1106,31710585385,3963220,10405400885,1237982,액션,15세이상관람가,19280.042268781934,2014,3,해외,31.236772119640086
박수건달,장편,한국,599,28343986569,3893216,6808915069,894127,코미디,15세이상관람가,17543.019143265483,2013,1,국내,22.966282887977446
베놈,장편,미국,1308,34100211207,3888096,9452036857,1026909,액션,15세이상관람가,21133.527472399164,2018,10,해외,26.411616379842474
조선명탐정 : 사라진 놉의 딸,장편,한국,811,30456879428,3872015,6908501928,845522,사극,12세이상관람가,18953.973812302735,2015,2,국내,21.836743917572633
소방관,장편,한국,1414,36248498170,3851772,6523082380,671851,드라마,12세이상관람가,22676.778044726314,2024,12,국내,17.442647176416465
역린,장편,한국,1054,29893297890,3849433,8426821290,1044988,사극,15세이상관람가,18712.377409461013,2014,4,국내,27.146543400028005
콘크리트 유토피아,장편,한국,1731,37388022232,3847066,8918633541,894336,드라마,15세이상관람가,23418.2672811292,2023,8,국내,23.247222688667154
매드 맥스: 분노의 도로,장편,미국,799,32906364462,3842441,11443176062,1271954,액션,15세이상관람가,20635.956280590122,2015,5,해외,33.102759417776355
남한산성,장편,한국,1229,31067321992,3829891,7375553392,889444,사극,15세이상관람가,19546.51368621007,2017,10,국내,23.22374187672704
반도,장편,한국,2575,33071341280,3812080,8005831840,895163,액션,15세이상관람가,20904.59250276799,2020,7,국내,23.482272145390443
데드풀 2,장편,미국,1576,34185664639,3784602,10757126939,1145250,액션,청소년관람불가,21765.854247200277,2018,5,해외,30.26077775153107
쌍화점,장편,한국,499,25616489949,3779553,15503994514,2175717,드라마,청소년관람불가,16331.68837818104,2008,12,국내,57.565458137509914
암수살인,장편,한국,1177,32855895548,3772620,7777232448,862386,범죄,15세이상관람가,20985.636678431205,2018,10,국내,22.85907406523848
국가부도의 날,장편,한국,1180,30891765837,3754983,7993870137,937443,드라마,12세이상관람가,19823.78880774552,2018,11,국내,24.965306101252654
신기전,장편,한국,585,24314570667,3726134,6189726667,891357,사극,15세이상관람가,15723.891547763375,2008,9,국내,23.921764488340997
미이라,장편,미국,1257,30504689978,3689325,7851059428,909202,액션,15세이상관람가,19923.77387609432,2017,6,해외,24.644128668523376
82년생 김지영,장편,한국,1486,30305744310,3679019,8397712370,994852,드라마,12세이상관람가,19849.283165869616,2019,10,국내,27.04123028448616
분노의 질주: 홉스&쇼,장편,미국,1311,32241767793,3657536,7717831533,839251,액션,12세이상관람가,21241.35120751251,2019,8,해외,22.945802857442825
분노의 질주: 더 익스트림,장편,미국,1469,29981156348,3653238,7936210998,932027,액션,15세이상관람가,19775.2651856092,2017,4,해외,25.512353698280815
너의 이름은.,장편,일본,947,29248867156,3637122,9352306256,1124392,애니메이션,12세이상관람가,19377.738213418485,2017,1,해외,30.914332815891242
모가디슈,장편,한국,1688,34558297730,3613984,8498347010,887264,액션,15세이상관람가,23041.885790947956,2021,7,국내,24.550855786854616
인턴,장편,미국,496,28518443148,3610642,10024307548,1228273,코미디,12세이상관람가,19032.388177964654,2015,9,해외,34.01813306331672
라라랜드,장편,미국,727,30006844694,3597193,13131083194,1536629,드라마,12세이상관람가,20100.57560577379,2016,12,해외,42.71744663130391
귀향,장편,한국,876,27245051990,3586523,6310471892,801788,드라마,15세이상관람가,18304.839446658225,2016,2,국내,22.355579484642927
리얼 스틸,장편,미국,603,26566677000,3579666,8578776500,1090591,액션,12세이상관람가,17883.257587894095,2011,10,해외,30.466278138798426
신의 한 수,장편,한국,794,28777712256,3562123,8104315156,965372,범죄,청소년관람불가,19467.01025040878,2014,7,국내,27.101029358054173
모아나 2,장편,미국,1985,32794295730,3550048,6977472390,722395,애니메이션,전체관람가,22259.529828722763,2024,11,해외,20.348879789794392
웡카,장편,미국,1753,33956553189,3531468,9833219001,981614,판타지,전체관람가,23169.69026266984,2024,1,해외,27.796202599032473
코코,장편,미국,1177,27685479440,3510017,8547812240,1024250,애니메이션,전체관람가,19006.175369122833,2018,1,해외,29.180770349545316
부러진 화살,장편,한국,453,25878110500,3450941,7619815000,972059,드라마,15세이상관람가,18069.533142144228,2012,1,국내,28.1679402806365
끝까지 간다,장편,한국,645,27006007900,3450143,7567987400,927324,액션,15세이상관람가,18861.4552589053,2014,5,국내,26.877842454646085
비긴 어게인,장편,미국,213,27096673061,3427464,10856208161,1324469,멜로/로맨스,15세이상관람가,19049.999678711487,2014,8,해외,38.64282746660505
스파이,장편,한국,785,24436429305,3423920,5483475805,733029,액션,15세이상관람가,17197.528616533942,2013,9,국내,21.409057454613425
그것만이 내 세상,장편,한국,862,27441213382,3417629,6258257482,759455,코미디,12세이상관람가,19347.742467002427,2018,1,국내,22.22169229018129
이끼,장편,한국,736,25856306126,3408144,8251736000,1044532,드라마,청소년관람불가,18281.02102224653,2010,7,국내,30.648118154631966
토이 스토리 4,장편,미국,1336,28757726040,3399913,9071405870,1009214,애니메이션,전체관람가,20381.617234791116,2019,6,해외,29.683524254885345
미션 임파서블: 파이널 레코닝,장편,미국,2385,33259841900,3392542,9759653950,941231,액션,15세이상관람가,23623.64190315038,2025,5,해외,27.744122254050207
돈,장편,한국,1431,28869614062,3389035,7287586982,833513,범죄,15세이상관람가,20526.590929027476,2019,3,국내,24.59440519203844
포화속으로,장편,한국,736,24217600897,3385706,6203066000,822965,드라마,12세이상관람가,17235.89254709304,2010,6,국내,24.307042607952372
맨 인 블랙 3,장편,미국,770,27301520070,3379762,9258393070,1068672,액션,12세이상관람가,19464.91952669969,2012,5,해외,31.619741271722685
야당,장편,한국,1850,31999779430,3377887,7493553140,766827,범죄,청소년관람불가,22827.25924252761,2025,4,국내,22.70138107047394
어바웃 타임,장편,영국,568,24867023000,3375735,10488833000,1368822,멜로/로맨스,15세이상관람가,17750.367653088168,2013,12,해외,40.548858248648074
악인전,장편,한국,1307,29128292150,3364079,6407047240,722563,범죄,청소년관람불가,20864.152055624298,2019,5,국내,21.478776211854715
올빼미,장편,한국,1541,32860420124,3329547,8943067323,885145,스릴러,15세이상관람가,23781.534016055102,2022,11,국내,26.58454738737732
슈퍼배드 3,장편,미국,1057,24216987019,3324861,5558252919,723552,애니메이션,전체관람가,17550.86470921696,2017,7,해외,21.761872150444788
데드풀,장편,미국,1036,27595618651,3317196,9150924002,1062535,액션,청소년관람불가,20045.68515966969,2016,2,해외,32.03111905356211
시동,장편,한국,1515,28098934360,3317038,6069057020,694921,드라마,15세이상관람가,20412.2700934584,2019,12,국내,20.950046396815473
아이 캔 스피크,장편,한국,1140,25532214986,3280243,6409220686,796658,코미디,12세이상관람가,18755.747548221058,2017,9,국내,24.286554380269997
스타워즈: 깨어난 포스,장편,미국,940,28353796331,3273879,9631617574,1047074,액션,12세이상관람가,20868.945003034736,2015,12,해외,31.98267254226561
영웅,장편,한국,1314,32293415750,3273771,7387009217,734872,드라마,12세이상관람가,23769.365553838135,2022,12,국내,22.447263415797867
분노의 질주: 더 세븐,장편,미국,983,26449334694,3247558,7328474894,864171,액션,15세이상관람가,19625.00334468182,2015,4,해외,26.609871170892095
터미네이터 제니시스,장편,미국,1113,26546725129,3239371,7364611329,852065,액션,15세이상관람가,19747.047299934507,2015,7,해외,26.303408902530766
오펜하이머,장편,미국,1636,34375467901,3232774,11970590134,1070726,스릴러,15세이상관람가,25622.716828795943,2023,8,해외,33.120966699187754
살목지,장편,한국,1463,33212592670,3230066,7213049890,666905,공포(호러),15세이상관람가,24776.68994476662,2026,4,국내,20.646791737382454
그래비티,장편,미국,636,31484135600,3227452,14128973600,1311034,SF,12세이상관람가,23506.27894325053,2013,10,해외,40.62133224599467
마녀,장편,한국,1117,27242029463,3189091,6459959863,732154,미스터리,15세이상관람가,20583.74768520454,2018,6,국내,22.958078022859805
탐정: 리턴즈,장편,한국,1041,26865721678,3148038,5989673378,680077,코미디,15세이상관람가,20564.135103251196,2018,6,국내,21.603201740258534
캐리비안의 해적: 낯선 조류,장편,미국,960,27279967500,3130046,8991119500,977452,액션,12세이상관람가,21001.244533078152,2011,5,해외,31.228039460122954
퀵,장편,한국,512,22960890000,3125069,5353417500,692405,코미디,15세이상관람가,17704.391737632843,2011,7,국내,22.156470785125066
감기,장편,한국,806,21784202000,3119023,4692878000,638882,드라마,15세이상관람가,16829.64601801532,2013,8,국내,20.483401372801676
나우 유 씨 미 2,장편,미국,1200,25116690113,3100113,7162588413,850601,범죄,12세이상관람가,19522.56090361945,2016,7,해외,27.437741785541363
하모니,장편,한국,405,21992266198,3068544,5451128000,718993,드라마,12세이상관람가,17269.888430897914,2010,1,국내,23.431080017102573
거북이 달린다,장편,한국,379,20857347292,3059812,6785771000,942277,드라마,15세이상관람가,16425.410506754655,2009,6,국내,30.795258009315607
캐리비안의 해적: 죽은 자는 말이 없다,장편,미국,1357,24975495122,3049894,7206844722,839897,액션,12세이상관람가,19732.46150739223,2017,5,해외,27.53856363532634
이터널스,장편,미국,2648,31721584450,3049688,8398642580,770301,액션,12세이상관람가,25064.056681065824,2021,11,해외,25.25835429722647
스물,장편,한국,926,23558988686,3044134,5990587486,740243,코미디,15세이상관람가,18648.537625526533,2015,3,국내,24.31703072203786
토르: 다크 월드,장편,미국,733,22525808500,3039889,6890911500,885699,액션,12세이상관람가,17855.604802183905,2013,10,해외,29.135899370009895
방자전,장편,한국,512,22853629794,3035116,7700850000,975688,사극,청소년관람불가,18143.948190257535,2010,6,국내,32.146646124892754
인크레더블 2,장편,미국,1605,24554683588,3033052,7611573288,880527,애니메이션,전체관람가,19507.714427659324,2018,7,해외,29.031055187975674
마더,장편,한국,648,20195373838,3013523,7430891000,1060010,드라마,청소년관람불가,16148.392236219028,2009,5,국내,35.17510900032951
미키 17,장편,미국,2153,29706604100,3013500,10448596080,1010337,어드벤처,15세이상관람가,23753.833932044756,2025,2,해외,33.527028372324544
레드: 더 레전드,장편,미국,739,21511358970,3004647,6308770970,841287,액션,15세이상관람가,17251.477437353155,2013,7,해외,27.999528729997238
해리 포터와 혼혈 왕자,장편,미국,751,20580402431,3002669,6666092500,907125,어드벤처,전체관람가,16515.750207244335,2009,7,해외,30.21062261607923
오싹한 연애,장편,한국,469,21965313000,3001530,6146203500,797727,공포(호러),12세이상관람가,17633.828434245523,2011,12,국내,26.57734555376758
드래곤 길들이기 2,장편,미국,829,23979935189,3000056,6564340689,751931,애니메이션,전체관람가,19260.63258787041,2014,7,해외,25.06389880722227
형,장편,한국,993,23129111893,2982022,5484309343,675698,코미디,12세이상관람가,18689.600459744655,2016,11,국내,22.659054829240024
친구 2,장편,한국,968,21804687513,2971475,5171825013,675887,액션,청소년관람불가,17681.930924532735,2013,11,국내,22.745841711607873
26년,장편,한국,604,21241327145,2963449,6121058611,817210,액션,15세이상관람가,17271.740067510967,2012,11,국내,27.576313950400362
워낭소리,장편,한국,20,19259975032,2962897,6486389900,958688,다큐멘터리,전체관람가,15663.58141722829,2009,1,국내,32.35644033525296
블랙 위도우,장편,미국,2528,29987732620,2961507,7871682460,751987,액션,12세이상관람가,24399.603537894323,2021,7,해외,25.392038580357905
서치,장편,미국,816,25283364845,2949944,8341418045,945989,드라마,12세이상관람가,20652.517712486537,2018,8,해외,32.068032477904666
고지전,장편,한국,585,21968557600,2945137,6379632100,817904,드라마,15세이상관람가,17974.13273932383,2011,7,국내,27.77133966942794
어쩔수가없다,장편,한국,2114,28768679430,2942758,8824380030,855486,스릴러,15세이상관람가,23556.853505600437,2025,9,국내,29.070891999953787
엑스맨: 아포칼립스,장편,미국,1262,24467887950,2938818,7495864450,847621,액션,12세이상관람가,20062.067860132312,2016,5,해외,28.842242017028614
프리즌,장편,한국,1047,23790276987,2931897,5681060637,679455,범죄,청소년관람불가,19552.517923847085,2017,3,국내,23.17458628321527
솔트,장편,미국,556,21719123025,2921331,6529156500,837532,스릴러,15세이상관람가,17914.860111647493,2010,7,해외,28.669534537510472
가장 보통의 연애,장편,한국,1073,24822316930,2917213,6614922790,753953,멜로/로맨스,15세이상관람가,20503.409205813245,2019,10,국내,25.844976009636593
프로젝트 헤일메리,장편,미국,1337,32953911590,2905838,13054382440,1073872,SF,12세이상관람가,27326.718103183342,2026,3,해외,36.95567337201867
헬로우 고스트,장편,한국,472,21154651779,2897477,6343048000,823854,코미디,12세이상관람가,17592.91429326647,2010,12,국내,28.433495762002597
원티드,장편,미국,446,19258777000,2867594,7021231500,994356,스릴러,청소년관람불가,16183.14571946554,2008,6,해외,34.67562004942123
극비수사,장편,한국,894,22389535897,2860786,5828885297,717981,드라마,15세이상관람가,18858.694396726543,2015,6,국내,25.097333390194166
표적,장편,한국,665,22256359300,2841788,5348606900,652750,액션,15세이상관람가,18871.844573129005,2014,4,국내,22.969693728033196
앤트맨,장편,미국,949,23502249937,2839921,7332839937,840337,액션,12세이상관람가,19941.374270282922,2015,9,해외,29.590154092314542
쥬라기 월드: 도미니언,장편,미국,2218,29226463310,2836786,6938382730,639474,액션,12세이상관람가,24825.705144900152,2022,6,해외,22.542200927387544
호빗: 다섯 군대 전투,장편,미국,926,24268487685,2836774,7327248685,809402,어드벤처,12세이상관람가,20614.361094085485,2014,12,해외,28.532480909653007
너의 결혼식,장편,한국,962,23670604369,2820029,5852853319,666845,멜로/로맨스,12세이상관람가,20225.891609326227,2018,8,국내,23.646742639880653
호빗: 뜻밖의 여정,장편,미국,1028,23436820716,2818993,8241919216,910976,어드벤처,12세이상관람가,20033.489542379913,2012,12,해외,32.31565314280667
말모이,장편,한국,1203,23682638520,2812444,5900912990,681266,드라마,12세이상관람가,20290.75026680478,2019,1,국내,24.223273423399718
메이즈 러너,장편,미국,648,21489367677,2812427,6423264777,805570,액션,12세이상관람가,18411.716592196335,2014,9,해외,28.643232339897178
해리 포터와 죽음의 성물1,장편,미국,718,19906900266,2809053,6430256500,866701,미스터리,전체관람가,17076.372135343696,2010,12,해외,30.85385003415742
마녀(魔女) Part2. The Other One,장편,한국,1796,28920265670,2806254,6020427150,570910,액션,15세이상관람가,24832.886530095464,2022,6,국내,20.34420262741719
빅 히어로,장편,미국,825,21993119765,2801949,6512949165,772249,애니메이션,전체관람가,18913.78797874373,2015,1,해외,27.561136908630385
덩케르크,장편,미국,1252,24576771848,2792705,9451418198,989011,액션,12세이상관람가,21205.654368482363,2017,7,해외,35.41408777511409
극장판 체인소 맨: 레제편,장편,일본,1064,29429853880,2781303,8198695860,736754,애니메이션,15세이상관람가,25497.15387148285,2025,9,해외,26.489526671491742
혹성탈출: 진화의 시작,장편,미국,514,20629757000,2773794,6637598000,849251,액션,12세이상관람가,17921.394967083103,2011,8,해외,30.61694559869983
부당거래,장편,한국,502,21326977937,2766436,7587039000,944655,범죄,청소년관람불가,18576.358998338554,2010,10,국내,34.14700358150342
메이즈 러너: 스코치 트라이얼,장편,미국,804,21596946349,2744413,5743724849,697898,액션,12세이상관람가,18962.46467856828,2015,9,해외,25.429773142744917
가디언즈 오브 갤럭시 VOL. 2,장편,미국,1218,23452674686,2735719,7669006186,854131,액션,12세이상관람가,20657.263820915658,2017,5,해외,31.221444892549272
시라노; 연애조작단,장편,한국,402,20171151599,2731828,7068438000,910652,멜로/로맨스,12세이상관람가,17792.18332043731,2010,9,국내,33.33489516909556
핸콕,장편,미국,602,17854932333,2723518,5977901000,860691,액션,12세이상관람가,15797.190740993861,2008,7,해외,31.60217777154401
내가 살인범이다,장편,한국,547,20338948000,2721903,6313599000,809580,액션,청소년관람불가,18005.606097282693,2012,11,국내,29.743161310303854
나우 유 씨 미 : 마술사기단,장편,미국,691,19146691869,2718227,6322143282,855244,범죄,12세이상관람가,16973.051519704946,2013,8,해외,31.463303101617342
미스 페레그린과 이상한 아이들의 집,장편,미국,904,21841214586,2718158,6220296286,737280,미스터리,12세이상관람가,19362.16832772392,2016,9,해외,27.12425105531025
토르: 러브 앤 썬더,장편,미국,2143,29494473721,2715682,8443171772,729804,액션,12세이상관람가,26170.59766734759,2022,7,해외,26.873691396857218
적벽대전 2 : 최후의 결전,장편,중국,426,17910684413,2713031,5181840500,743318,액션,15세이상관람가,15907.770937367066,2009,1,해외,27.398065116100774
지.아이.조 : 전쟁의 서막,장편,미국,446,19889126096,2706748,5995248000,774359,액션,15세이상관람가,17705.972277656587,2009,8,해외,28.60846299692472
타이탄,장편,미국,694,22143097429,2685508,6821236500,798779,액션,12세이상관람가,19868.44249754564,2010,4,해외,29.74405587322771
곤지암,장편,한국,1124,21442114144,2675559,4978152594,596536,공포(호러),15세이상관람가,19311.009372359647,2018,3,국내,22.295752027893982
소원,장편,한국,641,18251983100,2663170,3769048600,518005,드라마,12세이상관람가,16514.41033380321,2013,10,국내,19.4506922201737
살인자의 기억법,장편,한국,1064,21361479492,2656694,5389419142,643595,범죄,15세이상관람가,19374.999363508236,2017,9,국내,24.225409475084447
브레이킹 던 part2,장편,미국,665,18909583065,2654817,5571602065,745970,드라마,15세이상관람가,17163.23964988561,2012,11,해외,28.09873524239147
탐정 : 더 비기닝,장편,한국,764,20463956973,2625686,4092941173,504961,코미디,15세이상관람가,18780.135817449576,2015,9,국내,19.231583669943777
미니언즈,장편,미국,792,18997911278,2625572,4787634178,630536,애니메이션,전체관람가,17435.476713287713,2015,7,해외,24.015186024226338
후궁 : 제왕의 첩,장편,한국,624,19250354500,2621436,5525028500,716851,사극,청소년관람불가,17695.032945890027,2012,6,국내,27.34573722188907
트랜스포머: 최후의 기사,장편,미국,1739,21501959228,2614601,5273073728,609345,액션,12세이상관람가,19816.388790101417,2017,6,해외,23.305468023610487
제이슨 본,장편,미국,827,21253434663,2611966,6707397843,797790,액션,15세이상관람가,19607.106514209594,2016,7,해외,30.543659450391008
드래곤 길들이기,장편,미국,562,27471926367,2603857,9508353500,846400,애니메이션,전체관람가,25422.829645610385,2010,5,해외,32.505625308916734
만약에 우리,장편,한국,961,25510034820,2602829,7263909620,717670,멜로/로맨스,15세이상관람가,23616.596949583225,2025,12,국내,27.572691098800572
지금 만나러 갑니다,장편,한국,1163,20800916128,2602273,5390273428,652981,멜로/로맨스,12세이상관람가,19261.118823836026,2018,3,국내,25.092717020850618
도리를 찾아서,장편,미국,1091,20703899933,2601734,6199961913,724706,애니메이션,전체관람가,19175.256002806138,2016,7,해외,27.854730729582656
위험한 상견례,장편,한국,524,19174920500,2595625,5930105000,765417,코미디,12세이상관람가,17800.964203551506,2011,3,국내,29.488735853599806
아수라,장편,한국,1278,20576226662,2594028,5577412282,676676,범죄,청소년관람불가,19113.62138922951,2016,9,국내,26.085917345533666
굿모닝 프레지던트,장편,한국,586,18770889320,2583294,6239306300,815403,코미디,전체관람가,17509.06346796363,2009,10,국내,31.56446769125001
보안관,장편,한국,1091,20697532509,2571491,4093422209,491530,범죄,15세이상관람가,19394.80725806288,2017,5,국내,19.11459149575091
기술자들,장편,한국,641,19894297783,2564340,4534671083,564420,범죄,15세이상관람가,18694.115034273127,2014,12,국내,22.010341842345397
히트맨2,장편,한국,1507,23983159200,2547448,4330729960,447289,코미디,15세이상관람가,22685.740812075837,2025,1,국내,17.558317186454836
탈주,장편,한국,1234,24102444596,2547035,5683783805,575613,액션,12세이상관람가,22802.269992127156,2024,7,국내,22.599336090787915
퍼시픽 림,장편,미국,1005,20477392512,2539114,6769401012,776183,액션,12세이상관람가,19433.201694270912,2013,7,해외,30.569048888706845
엑스맨: 퍼스트 클래스,장편,미국,587,19063768000,2532306,6847701000,870595,액션,12세이상관람가,18140.299932727634,2011,6,해외,34.37953391098864
정글북,장편,미국,924,21457807134,2532051,6360280354,702113,어드벤처,12세이상관람가,20420.42571774271,2016,6,해외,27.729022835637984
목격자,장편,한국,1021,21732042597,2524086,4600434447,514732,스릴러,15세이상관람가,20746.66540823667,2018,8,국내,20.392807535083985
마이펫의 이중생활,장편,미국,726,19379904655,2517805,5360235715,656542,애니메이션,전체관람가,18547.332074459675,2016,8,해외,26.075966963287467
증인,장편,한국,1047,20312348931,2516128,4478036341,547326,드라마,12세이상관람가,19452.674550278593,2019,2,국내,21.752708924188276
조작된 도시,장편,한국,1019,20119979587,2512572,4696743687,564486,범죄,15세이상관람가,19295.7171069691,2017,2,국내,22.466460662619816
반창꼬,장편,한국,466,17883988787,2471721,4304602748,568409,멜로/로맨스,15세이상관람가,17434.794980637926,2012,12,국내,22.99648706306254
블랙머니,장편,한국,1117,20747796510,2465678,5032675390,579290,범죄,12세이상관람가,20276.244661931596,2019,11,국내,23.4941464376127
보스 베이비,장편,미국,1116,18918869704,2450023,4724943504,582820,애니메이션,전체관람가,18607.02444057213,2017,5,해외,23.788348109385097
화차,장편,한국,548,18450760000,2435211,6041917500,760953,미스터리,15세이상관람가,18257.006333579477,2012,3,국내,31.24792882423741
이웃사람,장편,한국,600,18087442369,2434099,5411949754,697152,스릴러,청소년관람불가,17905.68028642963,2012,8,국내,28.64107006329652
보스,장편,한국,1296,23347951550,2432734,4286904830,431632,코미디,15세이상관람가,23126.295031379294,2025,10,국내,17.742671414137344
조선명탐정: 흡혈괴마의 비밀,장편,한국,1249,19690818764,2424330,4072581264,490363,사극,12세이상관람가,19571.492353694146,2018,2,국내,20.226743058906997
재심,장편,한국,935,19263100637,2420729,4569982837,555767,드라마,15세이상관람가,19174.847729206656,2017,2,국내,22.95866245250914
신비한 동물들과 그린델왈드의 범죄,장편,미국,1601,20816583118,2414062,6579253518,721713,판타지,12세이상관람가,20778.439513232377,2018,11,해외,29.89620813384246
터미네이터: 다크 페이트,장편,미국,1315,20167141830,2410227,5471943420,623198,액션,15세이상관람가,20162.2181155251,2019,10,해외,25.85640273716957
히트맨,장편,한국,1122,20614278000,2406232,4072414720,472840,코미디,15세이상관람가,20643.46207520496,2020,1,국내,19.650640503492596
사바하,장편,한국,1174,20002183194,2397792,5593443364,654182,미스터리,15세이상관람가,20101.006172666806,2019,2,국내,27.282683402063228
슈퍼 마리오 브라더스,장편,미국,1526,23548177482,2394076,5765317428,556377,애니메이션,전체관람가,23701.25106394646,2023,4,해외,23.239738421002507
의뢰인,장편,한국,522,17797042500,2393086,5652134000,719601,스릴러,15세이상관람가,17920.14150725722,2011,9,국내,30.07000166312452
화이: 괴물을 삼킨 아이,장편,한국,817,17678676795,2391963,5419118695,697799,액션,청소년관람불가,17809.3144387146,2013,10,국내,29.172650245844107
테이큰,장편,프랑스,254,15971389000,2379830,5816455000,825364,범죄,청소년관람불가,16171.438589645137,2008,4,해외,34.68163692364581
007 스카이폴,장편,미국,748,17487213000,2376145,6160910500,793030,액션,15세이상관람가,17733.70844397224,2012,10,해외,33.37464674925141
가문의 영광4 - 가문의 수난,장편,한국,537,17762035500,2363955,4095559500,516319,코미디,15세이상관람가,18105.287766547448,2011,9,국내,21.841321006533544
블라인드,장편,한국,404,18361430500,2362906,5974758500,736580,스릴러,청소년관람불가,18724.575096670582,2011,8,국내,31.172632343394106
박열,장편,한국,1176,18093543795,2359174,4921077395,623230,드라마,12세이상관람가,18480.578673231976,2017,6,국내,26.417296901373106
미인도,장편,한국,463,15531621371,2325715,4979210500,709649,사극,청소년관람불가,16092.080785934751,2008,11,국내,30.51315401930159
라스트 갓파더,장편,한국,547,16832542997,2316099,4836322500,633176,코미디,12세이상관람가,17512.35356134791,2010,12,국내,27.338036931927352
스파이,장편,미국,665,18396836358,2315882,5393002858,648385,액션,15세이상관람가,19141.616957969112,2015,5,해외,27.997324561441385
모아나,장편,미국,953,18055062307,2310054,4735422707,572295,애니메이션,전체관람가,18833.401398294125,2017,1,해외,24.774096189959195
테이큰 2,장편,프랑스,682,17581098553,2308596,5503312053,692896,액션,청소년관람불가,18350.58749941314,2012,9,해외,30.013739952767832
하녀,장편,한국,577,17310669976,2304487,5832848500,740713,스릴러,청소년관람불가,18100.53941440936,2010,5,국내,32.142207788544695
메이즈 러너: 데스 큐어,장편,미국,1090,18902873104,2299732,5015312604,582686,액션,12세이상관람가,19806.26082381228,2018,1,해외,25.337126239057422
분노의 질주: 더 얼티메이트,장편,미국,2297,22059658060,2292415,5325279420,542395,액션,12세이상관람가,23187.68746244326,2021,5,해외,23.660419252186013
호빗: 스마우그의 폐허,장편,미국,811,17850613316,2282744,3736656816,471461,어드벤처,12세이상관람가,18842.904006165652,2013,12,해외,20.653257658326996
나잇&데이,장편,미국,501,17054262425,2282191,6032890000,771899,액션,15세이상관람가,18006.647231985426,2010,6,해외,33.82271685411081
미니언즈2,장편,미국,1394,21999556172,2269024,4467034398,436111,애니메이션,전체관람가,23362.89908247372,2022,7,해외,19.220202166217724
컨저링,장편,미국,553,16353225777,2262758,4503892277,593487,공포(호러),15세이상관람가,17414.749309502957,2013,9,해외,26.22847869723585
슈렉 포에버,장편,미국,561,23178925617,2261356,8349179500,767056,애니메이션,전체관람가,24698.82354306363,2010,7,해외,33.92017886613165
이글 아이,장편,미국,330,14577167667,2258369,4745696667,695165,액션,12세이상관람가,15553.572167208613,2008,10,해외,30.781727875294074
배트맨 대 슈퍼맨: 저스티스의 시작,장편,미국,1709,18906246428,2256913,5864824079,663637,액션,12세이상관람가,20185.634230665397,2016,3,해외,29.40463367440393
레디 플레이어 원,장편,미국,1079,19933108071,2254430,7259199621,763259,액션,12세이상관람가,21305.42341667429,2018,3,해외,33.85596359168393
위키드,장편,미국,1803,22168795550,2244536,9129526680,887543,판타지,전체관람가,23799.477690636875,2024,11,해외,39.54238203352497
배틀쉽,장편,미국,736,16545921500,2241687,4666555500,597715,SF,12세이상관람가,17785.574150827382,2012,4,해외,26.663624315080565
셜록홈즈 : 그림자 게임,장편,미국,370,16670913500,2239156,6013564500,774620,액션,15세이상관람가,17940.186348612806,2011,12,해외,34.59428463224536
박쥐,장편,한국,462,15051788827,2237271,5232105000,741819,공포(호러),청소년관람불가,16211.433781365728,2009,4,국내,33.15731531852869
7광구,장편,한국,812,19314027000,2232179,4908554500,528995,SF,15세이상관람가,20849.50360001843,2011,8,국내,23.698592272393924
타짜: 원 아이드 잭,장편,한국,1429,19673441214,2227671,4585277834,513548,범죄,청소년관람불가,21280.468454890106,2019,9,국내,23.053134865965397
쥬라기 월드: 새로운 시작,장편,미국,1645,21205076760,2224611,5181193090,517657,어드벤처,12세이상관람가,22968.76645221304,2025,7,해외,23.269551395727163
셜록 홈즈,장편,미국,377,16207513113,2207751,5705938500,739965,미스터리,12세이상관람가,17689.60741725867,2009,12,해외,33.5166873438173
007 퀀텀 오브 솔러스,장편,미국,518,14366688333,2201300,4929184833,717142,액션,15세이상관람가,15726.40081025506,2008,11,해외,32.57811293326671
마당을 나온 암탉,장편,한국,345,14656535500,2199048,3749312000,538167,애니메이션,전체관람가,16060.110107668499,2011,7,국내,24.472726379778887
싱크홀,장편,한국,1603,21395652690,2195683,3909551320,395724,코미디,12세이상관람가,23480.525018619643,2021,8,국내,18.022820234068394
악의 연대기,장편,한국,776,17360123332,2192243,4131865932,498114,스릴러,15세이상관람가,19081.654035044012,2015,5,국내,22.721659961965894
강남 1970,장편,한국,841,17717971499,2192172,4859661899,586992,액션,청소년관람불가,19475.619260945776,2015,1,국내,26.776731022930683
이상한 나라의 앨리스,장편,미국,401,20661000236,2182365,7781819000,760628,판타지,전체관람가,22812.65633262511,2010,3,해외,34.85338153791873
맨 오브 스틸,장편,미국,998,17092964063,2182227,6028385063,720823,SF,12세이상관람가,18874.23499573976,2013,6,해외,33.031531550109136
황해,장편,한국,618,16765970362,2167426,5751617500,714591,스릴러,청소년관람불가,18639.58842568675,2010,12,국내,32.969568511220224
원더 우먼,장편,미국,1034,17468588886,2165401,5360314986,639541,액션,12세이상관람가,19438.886962493267,2017,5,해외,29.53452963215589
초능력자,장편,한국,622,15618440958,2164805,4771902000,623616,SF,15세이상관람가,17384.844126448632,2010,11,국내,28.807028808599387
내 사랑 내 곁에,장편,한국,474,15764312409,2160265,4551271500,592412,드라마,12세이상관람가,17584.090359953887,2009,9,국내,27.423117071285237
극장판 귀멸의 칼날: 무한열차편,장편,일본,380,20656041700,2151861,5127417970,512597,애니메이션,15세이상관람가,23130.487730309404,2021,1,해외,23.821101827673814
30일,장편,한국,1226,21079830749,2146902,4954795858,495022,코미디,12세이상관람가,23659.567548568415,2023,10,국내,23.05750332339343
신의 한 수: 귀수편,장편,한국,1246,18390955050,2146764,4084690170,463426,범죄,15세이상관람가,20642.955787105337,2019,11,국내,21.587188903857154
승부,장편,한국,1773,20042357660,2146284,5433771180,560398,드라마,12세이상관람가,22501.606374058494,2025,3,국내,26.110151312687417
마이 웨이,장편,한국,645,15994803000,2142622,4281032000,548651,전쟁,15세이상관람가,17988.09774934805,2011,12,국내,25.606523222481613
겟 아웃,장편,미국,945,17431570075,2138146,5334272375,630367,공포(호러),15세이상관람가,19644.9556359823,2017,5,해외,29.48194370262835
나의 사랑 나의 신부,장편,한국,629,16592056305,2135614,4663682705,571741,멜로/로맨스,15세이상관람가,18721.01351942114,2014,10,국내,26.771738713082044
베놈 2: 렛 데어 비 카니지,장편,미국,1998,21116442890,2123652,5215485700,507629,액션,15세이상관람가,23960.137967832135,2021,10,해외,23.903586840028403
굿바이 싱글,장편,한국,841,16912706195,2108273,4380827515,527830,코미디,15세이상관람가,19330.280710142593,2016,6,국내,25.036131468742422
블랙 팬서: 와칸다 포에버,장편,미국,2571,22204965504,2105831,6358559927,567795,액션,12세이상관람가,25408.46866319946,2022,11,해외,26.962989907547186
이클립스,장편,미국,535,15192541723,2105050,4906227000,648625,판타지,12세이상관람가,17390.81459931553,2010,7,해외,30.812807296738793
몽타주,장편,한국,540,15000722500,2095375,3543306000,469536,스릴러,15세이상관람가,17250.525217256305,2013,5,국내,22.408208554554673
명당,장편,한국,1117,17900775524,2087474,4530609774,518726,사극,12세이상관람가,20663.44244431885,2018,9,국내,24.84945920284516
논스톱,장편,미국,582,16066174940,2084457,4940277040,611415,액션,15세이상관람가,18572.54649734529,2014,2,해외,29.332099438846665
내부자들: 디 오리지널,장편,한국,838,16973885275,2083999,4701340971,564863,범죄,청소년관람불가,19626.174663948485,2015,12,국내,27.104763485970963
쩨쩨한 로맨스,장편,한국,463,15901620661,2080574,5725361000,716536,코미디,청소년관람불가,18416.628401237886,2010,12,국내,34.43934221998353
장화신은 고양이,장편,미국,593,17601188500,2080154,5630702000,606226,애니메이션,전체관람가,20389.11657965639,2012,1,해외,29.143323042428587
인투 더 스톰,장편,미국,585,16155930332,2078492,3815945232,472848,액션,12세이상관람가,18729.902548207505,2014,8,해외,22.749570361589075
로건,장편,미국,954,17590962723,2070084,5779445923,655286,액션,청소년관람불가,20476.397084916618,2017,3,해외,31.655043949907345
눈에는 눈 이에는 이,장편,한국,445,13414023500,2058764,4139247500,601154,범죄,15세이상관람가,15700.171652880606,2008,7,국내,29.199752861425594
뷰티 인사이드,장편,한국,648,16152717131,2053947,5031538031,611979,판타지,12세이상관람가,18949.95827751002,2015,8,국내,29.795267355973643
혹성탈출: 종의 전쟁,장편,미국,1017,16851234778,2050909,4721118278,538479,액션,12세이상관람가,19798.725836801594,2017,8,해외,26.25562616381322
소울,장편,미국,2018,19034164180,2048137,6297246010,659789,애니메이션,전체관람가,22393.744097890758,2021,1,해외,32.21410481818355
봉이 김선달,장편,한국,942,16172133642,2044564,3545320462,432216,사극,12세이상관람가,19059.807728058815,2016,7,국내,21.139763783378754
비상선언,장편,한국,1734,20778871412,2042999,4560827837,432547,드라마,12세이상관람가,24507.877716763385,2022,8,국내,21.172159164052452
노아,장편,미국,952,15514083500,2026574,4774266400,596745,어드벤처,15세이상관람가,18446.56732739084,2014,3,해외,29.446000984913457
듄: 파트2,장편,미국,1544,23639319949,2016202,9741110013,761213,액션,12세이상관람가,28252.237000349327,2024,2,해외,37.75479837833709
그대들은 어떻게 살 것인가,장편,일본,1733,19608939412,2015965,6170396885,607706,애니메이션,전체관람가,23438.133308097033,2023,10,해외,30.14467017036506
레버넌트: 죽음에서 돌아온 자,장편,미국,967,16107288130,2007180,5111304509,613536,어드벤처,15세이상관람가,19336.951584774517,2016,1,해외,30.567064239380628
페르시아의 왕자: 시간의 모래,장편,미국,570,14717552534,2003533,4744931500,613211,액션,12세이상관람가,17700.722678208225,2010,5,해외,30.606483646638218
박물관이 살아있다 2,장편,미국,569,12591000149,2002526,3546079500,533642,어드벤처,전체관람가,15150.74430752995,2009,6,해외,26.648443016470196
에이리언: 로물루스,장편,미국,1436,20443955430,2002033,5989730813,561343,공포(호러),15세이상관람가,24606.25933979074,2024,8,해외,28.038648713582642
천문: 하늘에 묻는다,장편,한국,1198,16502543020,2000490,4303987150,519037,사극,12세이상관람가,19877.711912388695,2019,12,국내,25.945493354128242
테넷,장편,미국,2228,18464298170,1998987,6648665370,680773,액션,12세이상관람가,22257.41575457367,2020,8,해외,34.05589931300204
크루엘라,장편,미국,1184,19252879640,1983397,6685580860,679324,드라마,12세이상관람가,23390.41606911827,2021,5,해외,34.2505307812808
휴민트,장편,한국,1520,19987794860,1981474,5243342790,490850,액션,15세이상관람가,24306.834764641742,2026,2,국내,24.771962690401185
육사오(6/45),장편,한국,1159,19791166880,1980769,3932407651,385835,코미디,12세이상관람가,24076.28489086206,2022,8,국내,19.4790508130933
남자가 사랑할 때,장편,한국,531,14510222300,1979311,3441120300,448985,멜로/로맨스,15세이상관람가,17664.93041484504,2014,1,국내,22.683903641216567
데드풀과 울버린,장편,미국,1948,20489875630,1977010,6668511690,612284,액션,청소년관람불가,24973.669475195686,2024,7,해외,30.970202477478615
루시,장편,미국,641,16439450039,1971837,5101800739,586398,액션,청소년관람불가,20089.45598652241,2014,9,해외,29.73866501135743
협상,장편,한국,919,17032133166,1967721,3777056966,424008,범죄,15세이상관람가,20857.26824958894,2018,9,국내,21.5481767994548
알리타: 배틀 엔젤,장편,미국,1043,18527661667,1949372,5508845197,540123,액션,12세이상관람가,22902.231011981887,2019,2,해외,27.707538632954616
뉴 문,장편,미국,532,13988362067,1949027,4807037000,636212,판타지,12세이상관람가,17294.217343827437,2009,12,해외,32.642544202825306
천사와 악마,장편,미국,558,12734649711,1936321,4509133500,653372,미스터리,15세이상관람가,15847.528853982523,2009,5,해외,33.74295894120861
애나벨 : 인형의 주인,장편,미국,1006,15526858738,1934192,3970570338,472569,공포(호러),15세이상관람가,19343.538511669914,2017,8,해외,24.432372794427852
컨저링 2,장편,미국,635,15737956229,1926201,3866716509,453800,공포(호러),15세이상관람가,19687.86543770661,2016,6,해외,23.5593274014498
터보,장편,미국,634,13113579000,1923748,2894499000,398526,애니메이션,전체관람가,16425.740555503464,2013,7,해외,20.716122901752204
존 윅 4,장편,미국,1532,19935436129,1923520,6084990966,572209,액션,청소년관람불가,24973.587740998933,2023,4,해외,29.74801405756114
애자,장편,한국,262,13785879439,1922634,3876788000,514001,드라마,15세이상관람가,17277.852466980195,2009,9,국내,26.73420942311433
천박사 퇴마 연구소: 설경의 비밀,장편,한국,1511,18635492555,1916429,4206158370,426353,판타지,12세이상관람가,23431.497507786306,2023,9,국내,22.247263008439134
그림자 살인,장편,한국,387,12805808556,1914779,4256402500,604843,미스터리,15세이상관람가,16115.368935244136,2009,4,국내,31.58813628100162
#살아있다,장편,한국,1882,15965329900,1903703,3885303840,476332,드라마,15세이상관람가,20208.33841089252,2020,6,국내,25.021339988433073
내안의 그놈,장편,한국,1041,16293580567,1901684,3159829257,357691,판타지,15세이상관람가,20645.72238104855,2019,1,국내,18.809171239806403
수어사이드 스쿼드,장편,미국,823,15873106188,1898121,4616155428,521174,액션,15세이상관람가,20150.69041740918,2016,8,해외,27.457364414597386
헤어질 결심,장편,한국,1374,19678744478,1897784,8025321064,763206,미스터리,15세이상관람가,24986.332160441383,2022,6,국내,40.21564097916306
하이파이브,장편,한국,1343,17545718020,1893622,3829560060,397589,코미디,15세이상관람가,22326.968424748782,2025,5,국내,20.996217830168852
오늘의 연애,장편,한국,709,14924654487,1891993,3951958987,480061,멜로/로맨스,15세이상관람가,19008.010526593367,2015,1,국내,25.373296835664828
글러브,장편,한국,605,13757574500,1888100,3986844000,520939,드라마,전체관람가,17557.746903082912,2011,1,국내,27.590646681849478
퍼시 잭슨과 번개 도둑,장편,미국,353,13372357257,1877226,3823887000,508812,판타지,12세이상관람가,17164.980459054434,2010,2,해외,27.104461583208415
해결사,장편,한국,524,14063913437,1873327,3623264000,456531,액션,15세이상관람가,18090.246946189243,2010,9,국내,24.370064596303795
아이들...,장편,한국,504,13562608500,1864408,3413341000,443026,범죄,15세이상관람가,17528.880125674958,2011,2,국내,23.762288082865982
마약왕,장편,한국,1297,16222446942,1864076,3961025202,444222,범죄,청소년관람불가,20970.300349975387,2018,12,국내,23.83068072331815
테이큰 3,장편,미국,616,15088105000,1860934,4082036100,487343,액션,15세이상관람가,19536.898954004973,2015,1,해외,26.188086197576055
코리아,장편,한국,537,13334762500,1857392,3257620500,430385,드라마,12세이상관람가,17299.502652819276,2012,5,국내,23.171468381472515
지.아이.조 2,장편,미국,766,14457048500,1855917,4297507500,525451,액션,15세이상관람가,18770.376824924355,2013,3,해외,28.312203616864334
노무현입니다,장편,한국,775,14554935612,1854867,3471668912,427607,다큐멘터리,12세이상관람가,18908.166464128844,2017,5,국내,23.0532431705346
집으로 가는 길,장편,한국,740,13048519745,1854625,3235828745,440958,드라마,15세이상관람가,16953.409046579254,2013,12,국내,23.776127249443956
악마를 보았다,장편,한국,494,14148937025,1848418,4418565000,551368,스릴러,청소년관람불가,18444.86699254525,2010,8,국내,29.82918365867461
뺑반,장편,한국,1285,15222811848,1826714,3228907718,376646,범죄,15세이상관람가,20080.57875098681,2019,1,국내,20.618772287287445
007 스펙터,장편,영국,1105,14302132030,1820842,4498038930,548085,액션,15세이상관람가,18926.9408037534,2015,11,해외,30.10063476128077
변신,장편,한국,975,15417922925,1804112,3329066895,375676,공포(호러),15세이상관람가,20592.746739683622,2019,8,국내,20.823319173089033
차우,장편,한국,397,12676951144,1799356,3362197000,450304,액션,12세이상관람가,16976.55729411302,2009,7,국내,25.025842579233903
작전명 발키리,장편,미국,372,11972135869,1798205,3785088000,539828,스릴러,12세이상관람가,16042.954038202019,2009,1,해외,30.02038143593194
강철비2: 정상회담,장편,한국,2137,14655366110,1790797,3474597010,441770,드라마,15세이상관람가,19719.78689087556,2020,7,국내,24.668904404016757
분노의 질주: 더 맥시멈,장편,미국,656,13203523042,1790457,3808832042,490893,액션,15세이상관람가,17769.607521149057,2013,5,해외,27.417190136373005
드래곤 길들이기,장편,미국,1650,17921757490,1789326,5663362030,526123,액션,전체관람가,24134.76236707504,2025,6,해외,29.403417823247413
저스티스 리그,장편,미국,1308,14629692795,1786386,4549730995,524158,액션,12세이상관람가,19733.849120615996,2017,11,해외,29.34181078445532
핸섬가이즈,장편,한국,965,16579544601,1774398,3634776613,379367,코미디,15세이상관람가,22515.07828679232,2024,6,국내,21.38003987831366
하이재킹,장편,한국,1155,16840813086,1773716,4040391554,410242,범죄,12세이상관람가,22878.67533268322,2024,6,국내,23.12895638309628
분노의 질주: 라이드 오어 다이,장편,미국,1731,18474198210,1773424,4487591876,408482,액션,15세이상관람가,25101.803215170337,2023,5,해외,23.03352159438465
쿵푸팬더4,장편,미국,2311,16522806152,1770394,3901280844,398667,애니메이션,전체관람가,22488.774096450194,2024,4,해외,22.51854671897894
벤자민 버튼의 시간은 거꾸로 간다,장편,미국,313,11603912005,1767051,4484156500,649782,드라마,12세이상관람가,15823.67104683903,2009,2,해외,36.772113538318926
공범,장편,한국,611,12333110882,1766285,3073743882,413549,스릴러,15세이상관람가,16825.33649705387,2013,10,국내,23.41349216009874
나를 찾아줘,장편,미국,658,14017716731,1764233,5591958031,681067,스릴러,청소년관람불가,19145.78781663671,2014,10,해외,38.60414128972761
베놈: 라스트 댄스,장편,미국,1663,17256631588,1764011,4403943170,425952,액션,15세이상관람가,23572.55413393763,2024,10,해외,24.146788200300335
대호,장편,한국,892,13489904632,1762742,3054751306,383850,사극,12세이상관람가,18440.471886399657,2015,12,국내,21.775733487940947
걸리버 여행기,장편,미국,513,16441355500,1762070,4505618000,442035,코미디,전체관람가,22483.626698363598,2011,1,해외,25.086120301690624
주먹왕 랄프 2: 인터넷 속으로,장편,미국,1453,13877029723,1754375,3619852653,429885,애니메이션,전체관람가,19060.13585382499,2019,1,해외,24.50359814748842
이미테이션 게임,장편,영국,541,13654746120,1743774,4581883920,569958,드라마,15세이상관람가,18868.84579010536,2015,2,해외,32.68531357847978
샹치와 텐 링즈의 전설,장편,미국,1784,17691789720,1739052,5222818950,496069,액션,12세이상관람가,24513.826269950318,2021,9,해외,28.5252539889549
전설의 주먹,장편,한국,724,12732236500,1737253,3596610500,473110,드라마,청소년관람불가,17660.115108051177,2013,4,국내,27.233223946080393
제보자,장편,한국,676,13371522302,1735640,3805990802,474188,드라마,12세이상관람가,18564.06608943668,2014,10,국내,27.32064252955682
씽,장편,미국,795,13257953389,1729426,3515441489,434689,애니메이션,전체관람가,18472.531138160626,2016,12,해외,25.13487133881415
러브픽션,장편,한국,617,13200412500,1726202,4746233500,593077,멜로/로맨스,15세이상관람가,18426.709557494585,2012,2,국내,34.357334773103034
킬러의 보디가드,장편,미국,482,14020395800,1721757,4048575300,488376,액션,15세이상관람가,19621.866654272493,2017,8,해외,28.36497833317942
교섭,장편,한국,1289,17460908740,1721100,3694134663,355275,드라마,12세이상관람가,24446.27208852842,2023,1,국내,20.642321770960432
언터처블: 1%의 우정,장편,프랑스,454,12731016000,1719772,4700697000,606387,코미디,12세이상관람가,17837.915135234096,2012,3,해외,35.25973210402309
담보,장편,한국,1342,14749476550,1719592,2689563450,305919,드라마,12세이상관람가,20668.22092065885,2020,9,국내,17.790208375009886
평양성,장편,한국,451,12684530500,1717566,3145453500,405140,전쟁,12세이상관람가,17795.609446705257,2011,1,국내,23.588030969406706
시민덕희,장편,한국,1272,16174180097,1715064,3307511645,344020,드라마,15세이상관람가,22724.474389631123,2024,1,국내,20.058726671424505
샌 안드레아스,장편,미국,847,14411907152,1714071,3828644552,430540,액션,12세이상관람가,20260.238410925227,2015,6,해외,25.117979360248206
파파로티,장편,한국,552,11808286000,1713891,3136119000,433742,드라마,15세이상관람가,16601.814937367242,2013,3,국내,25.307443705579875
쥬만지: 새로운 세계,장편,미국,791,13814824864,1708672,3546830914,421003,액션,12세이상관람가,19482.226320820027,2018,1,해외,24.639193478912276
노이즈,장편,한국,878,16758897410,1707629,3387445320,331907,공포(호러),15세이상관람가,23648.512250202595,2025,6,국내,19.436716054833923
쎄시봉,장편,한국,829,13509581911,1707487,3396629711,414692,멜로/로맨스,15세이상관람가,19064.982295090027,2015,2,국내,24.28668563801657
님은 먼 곳에,장편,한국,499,11211235000,1706576,3753937167,545819,드라마,15세이상관람가,15829.956647922825,2008,7,국내,31.983281143060726
토이 스토리 5,장편,미국,1847,17529568230,1700030,5249616190,474224,애니메이션,전체관람가,24846.575322660854,2026,6,해외,27.8950371464033
토르: 천둥의 신,장편,미국,496,15985407000,1694529,5350815000,519905,액션,12세이상관람가,22731.42154076336,2011,4,해외,30.681386981279164
불꽃처럼 나비처럼,장편,한국,437,12447633504,1690294,3677266500,475245,멜로/로맨스,15세이상관람가,17745.018085611144,2009,9,국내,28.11611471140523
콩: 스컬 아일랜드,장편,미국,984,13951644383,1685933,3315501383,382935,액션,12세이상관람가,19940.543426102937,2017,3,해외,22.71353606578672
점퍼,장편,미국,353,10999769000,1685405,3677476000,535228,SF,15세이상관람가,15726.467804402811,2008,2,해외,31.756640095407334
피끓는 청춘,장편,한국,679,11688382888,1676040,2648698888,362379,코미디,15세이상관람가,16804.35911038728,2014,1,국내,21.6211426934918
23 아이덴티티,장편,미국,952,13609456135,1675798,4134850035,490806,스릴러,15세이상관람가,19569.106900007802,2017,2,해외,29.28789746735585
PMC: 더 벙커,장편,한국,1081,14024838424,1671548,3416787594,394373,액션,15세이상관람가,20217.661343337153,2018,12,국내,23.593280001531515
검은 수녀들,장편,한국,1662,16134349980,1670559,4092567400,405045,미스터리,15세이상관람가,23272.420644249105,2025,1,국내,24.246075714775714
마다가스카의 펭귄,장편,미국,615,12498978959,1661230,3023319659,382230,애니메이션,전체관람가,18129.952858997134,2014,12,해외,23.008854884633674
캡틴 아메리카: 브레이브 뉴 월드,장편,미국,1901,16372717086,1654160,4683184070,445050,액션,12세이상관람가,23850.371383488204,2025,2,해외,26.904894327030032
아이스 에이지 4: 대륙 이동설,장편,미국,501,12291809704,1648070,3012620000,376094,애니메이션,전체관람가,17971.82071383826,2012,7,해외,22.82026855655403
공모자들,장편,한국,496,12240964500,1646142,3347272500,427942,범죄,청소년관람불가,17918.442029909937,2012,8,국내,25.99666371430897
그대를 사랑합니다,장편,한국,242,12005917000,1640351,3938125000,517602,드라마,15세이상관람가,17636.420791603574,2011,2,국내,31.554344161706855
인질,장편,한국,1288,15585244870,1638439,3252498560,373813,액션,15세이상관람가,22921.08947337231,2021,8,국내,22.815191777051204
슈퍼 마리오 갤럭시,장편,미국,1847,15886708360,1636104,3745064920,354993,애니메이션,전체관람가,23397.794372396515,2026,4,해외,21.69745933021373
임금님의 사건수첩,장편,한국,1054,12648793723,1634403,3034042823,380247,코미디,12세이상관람가,18648.412306681468,2017,4,국내,23.265192244507627
고死 : 피의 중간고사,장편,한국,270,10299976000,1634051,2309889500,344864,공포(호러),15세이상관람가,15188.766615673829,2008,8,국내,21.10484923665173
마다가스카3 : 이번엔 서커스다!,장편,미국,564,12494860000,1626704,3690019500,447184,애니메이션,전체관람가,18508.650858141475,2012,6,해외,27.490188749766396
걸캅스,장편,한국,973,13772604134,1625037,3195307954,367990,코미디,15세이상관람가,20422.302946488613,2019,5,국내,22.645022851787374
블랙 스완,장편,미국,294,12484096000,1623199,5412384000,677998,드라마,청소년관람불가,18532.637733355295,2011,2,해외,41.76924702393237
분노의 질주: 언리미티드,장편,미국,457,12292868000,1621973,4007958500,504937,스릴러,15세이상관람가,18262.553491765153,2011,4,해외,31.131036089996567
마이클,장편,미국,1734,17767118230,1615890,5995407170,513202,드라마,12세이상관람가,26494.583841930667,2026,5,해외,31.759711366491533
무방비도시,장편,한국,336,10591349944,1613728,3030958444,440111,범죄,15세이상관람가,15815.134375969841,2008,1,국내,27.27293571159452
우아한 거짓말,장편,한국,555,11694011300,1613392,2889534200,382305,드라마,12세이상관람가,17465.278420822535,2014,3,국내,23.69572924620923
하울링,장편,한국,550,11765293500,1612554,2751165500,355720,범죄,15세이상관람가,17580.871598270267,2012,2,국내,22.05941630481832
두근두근 내 인생,장편,한국,629,12191623034,1611519,2557981934,322968,드라마,12세이상관람가,18229.636077021012,2014,9,국내,20.041215772200015
사자,장편,한국,1405,12917306145,1609737,3155811715,380265,미스터리,15세이상관람가,19336.102048728742,2019,7,국내,23.622802979617166
닥터 두리틀,장편,미국,1290,13449206760,1607082,3702475700,425975,판타지,전체관람가,20165.57159655209,2020,1,해외,26.506114809325226
퓨리오사: 매드맥스 사가,장편,미국,1442,16489584088,1605454,5790118396,525712,액션,15세이상관람가,24749.346640542666,2024,5,해외,32.74537918869055
스타트렉 다크니스,장편,미국,607,12964828000,1605271,4797934000,557358,액션,12세이상관람가,19461.230781338705,2013,5,해외,34.72049267693741
창궐,장편,한국,1351,13275772490,1599290,3015779340,352559,사극,15세이상관람가,20002.50938161038,2018,10,국내,22.044719844430965
악마는 프라다를 입는다 2,장편,미국,1578,16185918530,1596771,5991710660,562645,드라마,12세이상관람가,24425.67739851313,2026,4,해외,35.23642400820155
로빈 후드,장편,미국,555,11746340129,1596574,3818192500,492605,액션,15세이상관람가,17728.231855074137,2010,5,해외,30.853878367053454
더 폰,장편,한국,794,12309164568,1593694,2963876068,366753,스릴러,15세이상관람가,18611.250034983514,2015,10,국내,23.012761546444928
성난황소,장편,한국,1010,13236490737,1593386,2517251837,293079,범죄,15세이상관람가,20017.22018544762,2018,11,국내,18.39347151286631
300: 제국의 부활,장편,미국,720,13395159700,1593116,4270110800,481429,액션,청소년관람불가,20260.60453414067,2014,3,해외,30.219331172369117
라이프 오브 파이,장편,미국,392,15812506500,1588373,6744353500,631357,어드벤처,전체관람가,23988.336052806753,2013,1,해외,39.748661051277004
지구가 멈추는 날,장편,미국,469,10395192543,1576333,3176244333,453854,SF,12세이상관람가,15890.460156655023,2008,12,해외,28.791759101661896
적벽대전:거대한 전쟁의 시작,장편,중국,447,10218959760,1573621,3441752000,502882,액션,15세이상관람가,15647.986028202946,2008,7,해외,31.95699599840114
삼진그룹 영어토익반,장편,한국,1615,13985885870,1571774,3946153940,444282,드라마,12세이상관람가,21441.333046117903,2020,10,국내,28.266277467371264
무적자,장편,한국,416,11816488677,1571432,2859696500,358104,드라마,15세이상관람가,18119.43927040194,2010,9,국내,22.78838664352005
원스어폰어타임,장편,한국,315,10180143111,1562486,2842247111,413874,액션,12세이상관람가,15699.638478495708,2008,1,국내,26.48817333403307
슈퍼배드 4,장편,미국,1178,14202093607,1562001,3051515835,317260,애니메이션,전체관람가,21909.02074071918,2024,7,해외,20.311126561378643
위플래쉬,장편,미국,436,12445626245,1561815,5238475345,635871,드라마,15세이상관람가,19201.672945467486,2015,3,해외,40.71359283910066
범블비,장편,미국,1016,13090949707,1561643,3204981287,368023,액션,12세이상관람가,20199.531599284346,2018,12,해외,23.566397697809293
용의자X,장편,한국,553,11241013000,1552055,3368822000,444111,미스터리,15세이상관람가,17452.20260445217,2012,10,국내,28.614385443814815
앤트맨과 와스프: 퀀텀매니아,장편,미국,2090,16346738806,1551129,4870924016,434458,액션,12세이상관람가,25394.233530963964,2023,2,해외,28.00914688591342
듄,장편,미국,1576,16903293110,1549346,6583109040,576084,SF,12세이상관람가,26289.045036476255,2021,10,해외,37.182398250616714
도어락,장편,한국,954,12694612486,1545442,2808006386,326012,스릴러,15세이상관람가,19793.319760371745,2018,12,국내,21.095065359942332
도굴,장편,한국,1635,13947969670,1543813,3235832320,355865,범죄,12세이상관람가,21770.489994500316,2020,11,국내,23.051043099131824
외계+인 1부,장편,한국,1959,15987826548,1538504,3879858553,355262,액션,12세이상관람가,25040.48299399467,2022,7,국내,23.0913926775621
유감스러운 도시,장편,한국,375,10300187478,1534911,2231852000,311803,코미디,15세이상관람가,16170.14202299065,2009,1,국내,20.314076842240365
작전,장편,한국,393,10198304795,1534407,3071680000,441745,범죄,15세이상관람가,16015.456408688664,2009,2,국내,28.7892977547678
정직한 후보,장편,한국,1187,12765456530,1525718,2843152830,331403,코미디,12세이상관람가,20161.08888855442,2020,2,국내,21.72111753285994
벼랑 위의 포뇨,장편,일본,379,9546895503,1521842,3155013000,472286,애니메이션,전체관람가,15116.265339705722,2008,12,해외,31.033839255323482
오블리비언,장편,미국,634,11165841500,1515356,3772808000,484314,액션,15세이상관람가,17755.327572316142,2013,4,해외,31.960410622982323
몬스터 호텔 2,장편,미국,686,11088271276,1515104,2466450593,325206,애니메이션,전체관람가,17634.912168580548,2015,12,해외,21.46426911947959
엑소더스: 신들과 왕들,장편,미국,865,12444133926,1511145,3884573126,451543,드라마,12세이상관람가,19843.142042575473,2014,12,해외,29.88085193677642
퍼펙트 게임,장편,한국,413,11220408500,1507084,3504286500,450844,드라마,12세이상관람가,17940.027838967602,2011,12,국내,29.914988149300235
드래곤 길들이기 3,장편,미국,971,12340610576,1506942,3246170416,369678,애니메이션,전체관람가,19732.94992541586,2019,1,해외,24.531667443073456
리틀 포레스트,장편,한국,884,11924818185,1505560,3853015885,474626,드라마,전체관람가,19085.59051157205,2018,2,국내,31.524881107362045
인디펜던스 데이 : 리써전스,장편,미국,926,12770879840,1500830,3608327100,398361,액션,12세이상관람가,20504.124007205974,2016,6,해외,26.54271303212223
더 게임,장편,한국,339,9869346557,1496214,3151455557,453937,스릴러,15세이상관람가,15894.489671046187,2008,1,국내,30.33904240970877
토이 스토리 3,장편,미국,394,14556420970,1484843,5326645000,511917,가족,전체관람가,23622.506339540876,2010,8,해외,34.476170207894036
나니아 연대기:캐스피언 왕자,장편,미국,551,9236952333,1478573,2808375333,427352,어드벤처,전체관람가,15053.512045100406,2008,5,해외,28.903003098257578
어스,장편,미국,1132,12586771104,1475087,4105738924,463806,공포(호러),15세이상관람가,20561.20684766472,2019,3,해외,31.442619994617267
차이나타운,장편,한국,551,11989400678,1472006,3327822078,395351,범죄,청소년관람불가,19626.361655905377,2015,4,국내,26.857974763689825
스윙키즈,장편,한국,984,12077312892,1470753,3606050352,421172,드라마,12세이상관람가,19787.1150192477,2018,12,국내,28.63648756793289
부라더,장편,한국,889,11590908298,1468301,2357877298,287039,코미디,12세이상관람가,19021.916836706514,2017,11,국내,19.54905703939451
해무(海霧),장편,한국,584,11631310219,1466830,3232230219,393674,드라마,청소년관람불가,19107.363184390175,2014,8,국내,26.838420266833925
잠,장편,한국,1231,13817855033,1462621,3709945927,385986,미스터리,15세이상관람가,22764.63706188848,2023,9,국내,26.39002174862798
브레이킹 던 part1,장편,미국,636,10713863000,1462280,3478893500,452507,드라마,15세이상관람가,17654.989023577968,2011,11,해외,30.94530459282764
새미의 어드벤쳐 2,장편,벨기에,486,10805555000,1452872,2214827000,279930,애니메이션,전체관람가,17921.387381483604,2012,8,해외,19.267354591457472
신의악단,장편,한국,522,13824265730,1452727,3038971260,313761,드라마,15세이상관람가,22930.312224352536,2025,12,국내,21.598070387622727
위대한 개츠비,장편,미국,562,10580582143,1445124,4776767643,625029,드라마,15세이상관람가,17642.346717535194,2013,5,해외,43.25089058101588
말레피센트 2,장편,미국,1108,12191395690,1444952,3153886600,352835,어드벤처,12세이상관람가,20330.680247051354,2019,10,해외,24.41845819099873
나의 특별한 형제,장편,한국,936,11835049574,1441813,2227671104,263613,드라마,12세이상관람가,19779.39701235758,2019,5,국내,18.283438975789508
잃어버린 세계를 찾아서,장편,미국,316,9339002945,1438353,2232136500,317918,SF,전체관람가,15645.409405213371,2008,12,해외,22.102919102612503
다이하드: 굿 데이 투 다이,장편,미국,459,10825703000,1438056,2967502000,373401,액션,15세이상관람가,18139.788245590717,2013,2,해외,25.96567866619937
외계+인 2부,장편,한국,1390,13792326337,1430121,3321420005,330032,기타,12세이상관람가,23238.957608465233,2024,1,국내,23.077208152317183
탐정 홍길동: 사라진 마을,장편,한국,764,11483686845,1426873,2822840805,336208,드라마,15세이상관람가,19393.130689462243,2016,5,국내,23.56257354368609
보이스,장편,한국,1296,14025546720,1426357,2973358110,303001,범죄,15세이상관람가,23694.27718339934,2021,9,국내,21.242998772397094
런닝맨,장편,한국,567,10011200500,1416053,2410370500,324400,액션,15세이상관람가,17035.64393338045,2013,4,국내,22.908747059608643
구르믈 버서난 달처럼,장편,한국,509,10408565262,1407681,3349797000,432451,사극,15세이상관람가,17817.161806828102,2010,4,국내,30.720809615246637
위시,장편,미국,1421,13379469253,1403386,3552631510,357704,애니메이션,전체관람가,22972.785069102836,2024,1,해외,25.488639618750653
위대한 쇼맨,장편,미국,702,11511889500,1402809,5093464700,606546,드라마,12세이상관람가,19774.247792168666,2017,12,해외,43.23796040658422
예스맨,장편,미국,244,9346501843,1402609,4069577833,585717,코미디,15세이상관람가,16056.998912706113,2008,12,해외,41.75910749182417
벤허,장편,미국,717,11405870395,1399771,2957265515,356087,어드벤처,12세이상관람가,19634.658132075012,2016,9,해외,25.438946799155005
말레피센트,장편,미국,554,10776965900,1397526,3434954900,423807,액션,12세이상관람가,18581.831415029475,2014,5,해외,30.325518094117747
라스트 에어벤더,장편,미국,396,14078896543,1394110,3563315000,333170,액션,전체관람가,24334.558901982895,2010,8,해외,23.898401130470337
달짝지근해: 7510,장편,한국,884,13445519901,1388309,2731589483,276799,코미디,12세이상관람가,23336.910684105456,2023,8,국내,19.937852452155823
기억의 밤,장편,한국,751,10652346660,1387599,2887719160,362973,미스터리,15세이상관람가,18498.359543945535,2017,11,국내,26.158349782610106
골든슬럼버,장편,한국,833,11412768798,1387508,2666693198,315506,범죄,15세이상관람가,19820.17235650108,2018,2,국내,22.739040063192427
램페이지,장편,미국,909,11951980109,1385511,2979863959,329834,액션,12세이상관람가,20786.519969801408,2018,4,해외,23.805945965062712
해피 데스데이,장편,미국,714,11003095402,1382480,3024232752,365202,공포(호러),15세이상관람가,19178.203588034215,2017,11,해외,26.416440020832127
폼페이: 최후의 날,장편,미국,561,10303127700,1373873,3209370000,409656,액션,15세이상관람가,18070.675917599194,2014,2,해외,29.817603228245986
브이아이피,장편,한국,996,10956621835,1373316,2863320535,345963,범죄,청소년관람불가,19224.63467810057,2017,8,국내,25.191798537263093
특별시민,장편,한국,1154,10494768945,1362634,2869531745,360598,드라마,15세이상관람가,18558.61505545134,2017,4,국내,26.463305627189694
퓨리,장편,미국,590,10367640686,1362114,3235026086,408093,액션,15세이상관람가,18340.80459730464,2014,11,해외,29.960267642796417
포드 V 페라리,장편,미국,986,11977959920,1361794,4620407110,504576,액션,12세이상관람가,21194.50814447441,2019,12,해외,37.05230012762576
A MINECRAFT MOVIE 마인크래프트 무비,장편,미국,1450,12741589670,1358269,2434031660,243661,어드벤처,12세이상관람가,22604.230613260977,2025,4,해외,17.939082759011654
트와일라잇,장편,미국,343,8796916521,1356180,3326752000,490035,액션,12세이상관람가,15630.218117970267,2008,12,해외,36.133477856921644
차형사,장편,한국,433,9752555296,1346754,2184448796,283739,코미디,15세이상관람가,17449.462369054403,2012,5,국내,21.068361408245305
닌자 어쌔신,장편,미국,324,10240398634,1345025,3427351500,430606,액션,청소년관람불가,18345.874135451864,2009,11,해외,32.014720915968105
궁합,장편,한국,966,10478875438,1340117,2478594738,309094,코미디,12세이상관람가,18841.86400160655,2018,2,국내,23.064702559552636
해적: 도깨비 깃발,장편,한국,1708,12523963990,1339242,2843506630,319433,어드벤처,12세이상관람가,22533.81127677277,2022,1,국내,23.851775855297248
신들의 전쟁,장편,미국,525,11726682000,1338411,4049820000,437778,드라마,청소년관람불가,21112.39750737327,2011,11,해외,32.708786762810526
오션스8,장편,미국,837,11694325266,1335181,4461638766,496738,액션,12세이상관람가,21105.076410244026,2018,6,해외,37.203794841298674
미스터 고,장편,한국,840,9337990000,1328890,2389631500,321292,코미디,12세이상관람가,16932.31247348657,2013,7,국내,24.177471423518877
굿 다이노,장편,미국,814,9753434238,1328394,2322181446,300420,애니메이션,전체관람가,17692.229245166433,2016,1,해외,22.61527829845663
드라큘라: 전설의 시작,장편,미국,477,10607703908,1321751,3096355208,372677,판타지,15세이상관람가,19338.538278717955,2014,10,해외,28.195704031999973
청담보살,장편,한국,404,9687687439,1321005,2882176500,372155,멜로/로맨스,15세이상관람가,17671.26176980168,2009,11,국내,28.172111384892563
월ㆍE,장편,미국,347,8264916667,1320830,3214043333,482446,애니메이션,전체관람가,15077.990239616583,2008,8,해외,36.52597230529289
킹 오브 킹스,장편,한국,1191,12410915626,1316551,3176631620,325409,애니메이션,전체관람가,22715.277103235778,2025,7,국내,24.716778917033977
사라진 밤,장편,한국,925,10686397316,1314274,2577142716,309566,스릴러,15세이상관람가,19592.836028342077,2018,3,국내,23.554144721724693
가디언즈 오브 갤럭시,장편,미국,539,11098239184,1311190,4116280484,460828,액션,12세이상관람가,20395.781711031006,2014,7,해외,35.1457836011562
간첩,장편,한국,576,9316548500,1310895,2407402000,326457,드라마,15세이상관람가,17125.3338046383,2012,9,국내,24.903367546599842
월드 인베이젼,장편,미국,441,9799358000,1307873,3039985500,384389,SF,12세이상관람가,18054.437123003147,2011,3,해외,29.39039188055721
영화는 영화다,장편,한국,326,8943849000,1307688,3035285500,421484,액션,청소년관람불가,16480.569809843004,2008,9,국내,32.23123558524663
에이리언: 커버넌트,장편,미국,841,10745826264,1307226,3395853714,396001,SF,15세이상관람가,19808.0188602817,2017,5,해외,30.29323162177007
장산범,장편,한국,711,10332117083,1305145,2153814083,257679,미스터리,15세이상관람가,19075.786728585346,2017,8,국내,19.743323538763892
엑스맨 탄생: 울버린,장편,미국,403,8560185022,1303452,2894851000,417619,SF,12세이상관람가,15824.864943427885,2009,4,해외,32.03946136873471
셜록: 유령신부,장편,영국,891,9992425049,1278894,3349055436,414976,범죄,12세이상관람가,18827.309103172563,2016,1,해외,32.44803713208444
킹콩을 들다,장편,한국,411,8597263166,1277800,2935984500,397780,드라마,전체관람가,16212.472050040828,2009,7,국내,31.130067303177334
소스 코드,장편,미국,403,9638293500,1277301,3714195000,469899,액션,12세이상관람가,18182.717788882834,2011,5,해외,36.78843123116634
클로젯,장편,한국,1197,10920792280,1264970,2555663920,286754,미스터리,15세이상관람가,20802.993051599587,2020,2,국내,22.66883799615801
브로커,장편,한국,1594,12566618030,1258891,3813389090,374115,드라마,12세이상관람가,24053.716565774812,2022,6,국내,29.71782306808135
마다가스카 2,장편,미국,381,7644143364,1247015,2370161500,360893,애니메이션,전체관람가,14770.97113014312,2009,1,해외,28.94055003347995
간기남,장편,한국,356,9356404500,1246185,2480022000,313190,코미디,청소년관람불가,18091.658150313313,2012,4,국내,25.131902566633364
유열의 음악앨범,장편,한국,1078,10233455040,1245532,2970923290,346201,멜로/로맨스,12세이상관람가,19797.90788773706,2019,8,국내,27.795431992112608
꿀벌대소동,장편,미국,271,7371537000,1240953,1699947000,275524,가족,전체관람가,14313.789288583972,2008,1,해외,22.202613636455208
그녀가 죽었다,장편,한국,1008,11805001596,1236662,2814398902,287043,미스터리,15세이상관람가,23002.07087976606,2024,5,국내,23.21111184786142
와일드 씽,장편,한국,1351,11955341500,1233623,3179558940,311089,코미디,12세이상관람가,23352.39518655936,2026,6,국내,25.21750972541854
육혈포 강도단,장편,한국,319,8784927671,1233582,2278826500,302702,코미디,15세이상관람가,17160.18911758456,2010,3,국내,24.538457921727133
메리다와 마법의 숲,장편,미국,479,9024766000,1231024,2220052500,289140,애니메이션,전체관람가,17665.312858551533,2012,9,해외,23.487763033052158
007 노 타임 투 다이,장편,미국,2201,12009884680,1229971,3532474380,350534,액션,12세이상관람가,23528.588199743335,2021,9,해외,28.499371123384208
오케이 마담,장편,한국,1288,10979887910,1228685,2163208200,238179,코미디,15세이상관람가,21533.233683910574,2020,8,국내,19.38487081717446
심야의 F.M.,장편,한국,422,9328562568,1228673,2982025500,373247,스릴러,청소년관람불가,18294.91168055057,2010,10,국내,30.378058279135296
사랑의 하츄핑,장편,한국,1159,10983756542,1228442,1709617367,182907,애니메이션,전체관람가,21545.08168373838,2024,8,국내,14.889347645228671
특별수사: 사형수의 편지,장편,한국,691,9792082065,1225142,2119260245,255249,범죄,15세이상관람가,19259.30093807862,2016,6,국내,20.83423799037173
찌라시: 위험한 소문,장편,한국,560,9111648087,1221420,2127543287,272430,범죄,15세이상관람가,17975.617333015318,2014,2,국내,22.304367048189814
포비든 킹덤: 전설의 마스터를 찾아서,장편,미국,394,7876101835,1221352,2242422335,327445,액션,12세이상관람가,15538.975363821583,2008,4,해외,26.8100432962815
토탈 리콜,장편,미국,448,8958236000,1219637,2911318500,378245,SF,15세이상관람가,17698.79959641557,2012,8,해외,31.01291613816242
결혼전야,장편,한국,524,8431504719,1212270,2667346719,365215,멜로/로맨스,15세이상관람가,16759.367831393876,2013,11,국내,30.126539467280388
해치지않아,장편,한국,1216,10154099090,1209689,2304920440,262944,코미디,12세이상관람가,20226.44551665958,2020,1,국내,21.736495909279164
레지던트 이블 4: 끝나지 않은 전쟁 3D,장편,독일,335,14767125516,1209538,4547529000,365095,공포(호러),청소년관람불가,29419.03022336897,2010,9,해외,30.184665549986857
엘리시움,장편,미국,588,9017994500,1207732,3172662500,403184,SF,청소년관람불가,17992.491073280882,2013,8,해외,33.38356522804728
악녀,장편,한국,685,9730720144,1206917,2546959444,304997,액션,청소년관람불가,19427.614673815275,2017,6,국내,25.270751841261664
인사동 스캔들,장편,한국,314,7900084842,1206101,2450497500,353002,드라마,15세이상관람가,15783.378852075795,2009,4,국내,29.268029791866518
깡철이,장편,한국,707,8534777462,1204666,2054267462,274966,드라마,15세이상관람가,17071.72678908211,2013,10,국내,22.825081806907473
시간이탈자,장편,한국,733,9729882195,1202058,2733406795,325133,스릴러,15세이상관람가,19504.465895206587,2016,4,국내,27.048029296423298
R2B: 리턴투베이스,장편,한국,539,8600489371,1201640,1993557324,264850,액션,15세이상관람가,17246.48877658365,2012,8,국내,22.040711028261377
해빙,장편,한국,915,9879737822,1201576,2434113422,284100,스릴러,15세이상관람가,19812.81014388252,2017,3,국내,23.643947615465024
더 웹툰: 예고살인,장편,한국,541,8534322070,1201033,2327450570,314005,공포(호러),15세이상관람가,17122.453333069036,2013,6,국내,26.14457720978524
신비한 동물들과 덤블도어의 비밀,장편,미국,2207,12305198580,1195441,4102779180,381672,어드벤처,12세이상관람가,24803.4665999097,2022,4,해외,31.927297122986413
생일,장편,한국,862,9786575840,1186283,1958959300,230586,드라마,전체관람가,19878.992161087466,2019,4,국내,19.437688983151574
바람 바람 바람,장편,한국,985,9702206675,1183959,2250342475,271361,코미디,청소년관람불가,19746.30140491372,2018,4,국내,22.91979705378311
나니아 연대기: 새벽 출정호의 항해,장편,미국,502,11276008290,1182228,3347082500,323930,판타지,전체관람가,22982.96463393949,2010,12,해외,27.39996007538309
빅매치,장편,한국,627,8952096578,1177438,2231518478,280152,액션,15세이상관람가,18320.554505138858,2014,11,국내,23.79335472441012
"힘을 내요, 미스터 리",장편,한국,990,9887863906,1176076,1965170736,229545,코미디,12세이상관람가,20259.046257849823,2019,9,국내,19.51787129403202
서양 골동 양과자점 앤티크,장편,한국,451,7367880833,1173310,2638318333,397561,드라마,15세이상관람가,15131.491010962396,2008,11,국내,33.8837135965772
건국전쟁,장편,한국,224,10888481514,1172141,3247078032,349217,다큐멘터리,12세이상관람가,22384.085918854515,2024,2,국내,29.793088032924363
웜 바디스,장편,미국,477,8361708124,1169839,2687807624,357532,멜로/로맨스,15세이상관람가,17223.476285795565,2013,3,해외,30.562496206742978
"당신, 거기 있어줄래요",장편,한국,767,9361133648,1168625,2667189948,319506,판타지,12세이상관람가,19302.127328610626,2016,12,국내,27.340335864798377
동주,장편,한국,499,8864695589,1168427,2961796289,376321,드라마,12세이상관람가,18281.59762026263,2016,2,국내,32.20748921413148
돈의 맛,장편,한국,643,8776870611,1165488,2880753111,365067,드라마,청소년관람불가,18146.120603248215,2012,5,국내,31.323102425765004
백룸,장편,미국,1014,12423496240,1164295,3474392320,313726,공포(호러),15세이상관람가,25711.813172840466,2026,5,해외,26.945576507672026
워크래프트: 전쟁의 서막,장편,미국,736,10140269205,1163120,3013648005,324321,액션,12세이상관람가,21007.620560652405,2016,6,해외,27.883709333516748
장수상회,장편,한국,688,8707389643,1160935,2204750243,284742,멜로/로맨스,12세이상관람가,18073.071955244217,2015,4,국내,24.526954566793147
가문의 영광5 - 가문의 귀환,장편,한국,447,8330342500,1160021,1681261500,224852,코미디,15세이상관람가,17304.09575156943,2012,12,국내,19.38344219630507
슬로우 비디오,장편,한국,618,8840530219,1159787,2288636719,286952,드라마,12세이상관람가,18367.581681310177,2014,10,국내,24.741784482840384
항거:유관순 이야기,장편,한국,1094,9290065101,1157707,2043598641,247961,드라마,12세이상관람가,19336.2388225641,2019,2,국내,21.41828631942279
스타트렉 비욘드,장편,미국,716,10193232820,1157472,3559199400,381110,액션,12세이상관람가,21220.389603533153,2016,8,해외,32.92606646208288
미씽: 사라진 여자,장편,한국,790,8881616256,1153109,2457671256,307997,미스터리,15세이상관람가,18559.810871493388,2016,11,국내,26.710137549876027
잃어버린 세계를 찾아서 2: 신비의 섬,장편,미국,398,9784305000,1149628,2244305000,239683,액션,전체관람가,20508.058740929122,2012,1,해외,20.848744115487793
퍼펙트맨,장편,한국,894,9604139750,1144894,1544313980,178228,코미디,15세이상관람가,20213.66643696862,2019,10,국내,15.567205348268049
용서는 없다,장편,한국,334,8737627361,1144238,2656285000,332736,범죄,청소년관람불가,18400.475916239266,2010,1,국내,29.079264978090226
장사리 : 잊혀진 영웅들,장편,한국,1090,8997921050,1140876,1699010620,208596,전쟁,12세이상관람가,19004.46452539936,2019,9,국내,18.283845045386176
"10,000 BC",장편,미국,359,7430607499,1140118,2251461500,326091,어드벤처,15세이상관람가,15704.583482449514,2008,3,해외,28.601513176706273
고령화 가족,장편,한국,583,8159482153,1139250,2429592653,324221,드라마,15세이상관람가,17258.198620419796,2013,5,국내,28.45916172920781
미나리,장편,미국,1162,10201204050,1132962,3565021300,390933,드라마,12세이상관람가,21696.41574767137,2021,3,해외,34.50539382609479
김종욱 찾기,장편,한국,442,8271660983,1130638,3070574500,396698,멜로/로맨스,12세이상관람가,17628.731045700035,2010,12,국내,35.08620796399909
하루,장편,한국,781,9068009842,1129018,2244976142,270183,스릴러,15세이상관람가,19353.656120009786,2017,6,국내,23.930796497487197
드림,장편,한국,1285,10818979597,1128080,2625066919,262784,코미디,12세이상관람가,23109.912731558816,2023,4,국내,23.294801787107296
헝거게임: 캣칭 파이어,장편,미국,630,7850816000,1125739,2851643500,385304,판타지,15세이상관람가,16804.631371625797,2013,11,해외,34.22676126526664
챔피언,장편,한국,874,9441064230,1125319,1846376630,212475,드라마,12세이상관람가,20216.091936105036,2018,5,국내,18.881312765535817
슬럼독 밀리어네어,장편,영국,201,7468302846,1125032,3344881000,483793,드라마,15세이상관람가,15995.909869487406,2009,3,해외,43.00259903718294
성난 변호사,장편,한국,607,8697174039,1124918,2126132839,263369,범죄,15세이상관람가,18629.8431326625,2015,10,국내,23.4122842731648
6년째 연애중,장편,한국,327,7460438000,1123294,2369716000,338423,멜로/로맨스,15세이상관람가,16003.787998640231,2008,2,국내,30.127731475464124
특수본,장편,한국,471,8096052500,1118258,2269510500,299090,액션,15세이상관람가,17445.4913275504,2011,11,국내,26.746063967349215
마이펫의 이중생활 2,장편,미국,933,8512830825,1114941,1937926035,239636,애니메이션,전체관람가,18398.144261845053,2019,7,해외,21.49315524319224
스타 트렉: 더 비기닝,장편,미국,411,7425754645,1111865,2761275000,386396,SF,12세이상관람가,16093.127031381498,2009,5,해외,34.75206072679687
라이트 아웃,장편,미국,659,8892177975,1111158,2086096975,248265,공포(호러),15세이상관람가,19283.427630920243,2016,8,해외,22.34290712931914
회사원,장편,한국,549,8321175000,1110523,2544330000,323549,액션,청소년관람불가,18055.478451491363,2012,10,국내,29.13483106608328
간신,장편,한국,697,8946842910,1110246,2421410210,289236,사극,청소년관람불가,19417.91063823498,2015,5,국내,26.05152371636556
박물관이 살아있다 : 비밀의 무덤,장편,미국,500,8170784606,1101678,2209722306,288421,어드벤처,전체관람가,17871.49929908674,2015,1,해외,26.18015427375331
"오늘 밤, 세계에서 이 사랑이 사라진다 해도",장편,일본,258,11373357307,1100554,2781905878,262389,멜로/로맨스,12세이상관람가,24901.713371475937,2022,11,해외,23.84153798904915
베스트셀러,장편,한국,317,8110824681,1099665,2478553500,317714,미스터리,15세이상관람가,17772.827049902768,2010,4,국내,28.891889802803583
롱 리브 더 킹: 목포 영웅,장편,한국,965,9218262910,1092738,1631602490,189422,액션,15세이상관람가,20327.545771121142,2019,6,국내,17.334621839818876
마루 밑 아리에티,장편,일본,337,7773942884,1083746,2826512500,373176,애니메이션,전체관람가,17284.85502282478,2010,9,해외,34.43389871796528
퍼시픽 림: 업라이징,장편,미국,1145,8962712795,1077235,2487116295,278336,액션,15세이상관람가,20048.4558162377,2018,3,해외,25.838001921586283
얼굴,장편,한국,985,11012986870,1076611,2881599140,269791,미스터리,15세이상관람가,24648.937972058753,2025,9,국내,25.05928325086777
가디언즈,장편,미국,470,8212243000,1075584,2372102000,283476,애니메이션,전체관람가,18397.946928736008,2012,11,해외,26.355542663334525
더 울버린,장편,미국,707,7849518000,1075333,2418747500,311251,액션,15세이상관람가,17589.43620703473,2013,7,해외,28.944615295912985
몬스터 호텔 3,장편,미국,715,7932156800,1072006,1410233600,183174,애니메이션,전체관람가,17829.779724529057,2018,8,해외,17.08703122930282
오빠생각,장편,한국,855,8058857287,1069436,1899517093,242400,드라마,12세이상관람가,18158.10691026555,2016,1,국내,22.66615300027304
노잉,장편,미국,394,6984051785,1063955,2424294000,351082,SF,12세이상관람가,15817.436306782836,2009,4,해외,32.997824156096826
"날, 보러와요",장편,한국,683,8821335063,1061412,2079948563,242864,미스터리,청소년관람불가,20026.369654262322,2016,4,국내,22.881218603143736
전지적 독자 시점,장편,한국,1581,10053493360,1061137,2628889920,265029,판타지,15세이상관람가,22829.55471802348,2025,7,국내,24.975945613054677
수상한 고객들,장편,한국,411,7953428000,1059350,2669850500,339494,코미디,15세이상관람가,18091.175482123897,2011,4,국내,32.04738754896871
쥬만지: 넥스트 레벨,장편,미국,1195,8793014370,1057266,2210640940,253811,액션,12세이상관람가,20040.35543915622,2019,12,해외,24.006352233023666
스텝업 2 : 더 스트리트,장편,미국,278,6856702000,1052379,2484794500,361893,멜로/로맨스,12세이상관람가,15699.83199396406,2008,3,해외,34.3880864213368
업,장편,미국,374,7652994608,1047327,3189205000,411959,애니메이션,전체관람가,17607.63435168825,2009,7,해외,39.334324427805264
시크릿,장편,한국,397,7979591607,1046787,2678001500,335889,스릴러,청소년관람불가,18368.52347529395,2009,12,국내,32.08761667846468
그놈이다,장편,한국,681,8098811152,1046313,1801920452,223764,스릴러,15세이상관람가,18651.405072077596,2015,10,국내,21.385952387096406
동창생,장편,한국,660,6983395126,1044522,1583311126,221965,액션,15세이상관람가,16110.199818615365,2013,11,국내,21.250390130605197
슈퍼 배드,장편,미국,321,9873975412,1043904,2753597000,272176,애니메이션,전체관람가,22792.049686699716,2010,9,해외,26.07289559193183
점박이:한반도의 공룡3D,장편,한국,457,9621468000,1040636,1776299500,187715,애니메이션,전체관람가,22278.93349928684,2012,1,국내,18.038488001568272
삼국지:용의 부활,장편,중국,322,6660263334,1036172,2118435834,315310,사극,15세이상관람가,15488.574590746877,2008,4,해외,30.43027605455465
파괴된 사나이,장편,한국,190,7820538614,1030285,2500843000,314477,드라마,청소년관람불가,18290.736406951615,2010,7,국내,30.523301804840408
킹스맨: 퍼스트 에이전트,장편,미국,1061,10313351770,1029365,3109560890,306511,액션,청소년관람불가,24142.505377774425,2021,12,해외,29.776706998975094
지오스톰,장편,미국,854,8480864614,1028384,2098804714,238747,액션,12세이상관람가,19871.777805749556,2017,10,해외,23.21574431340822
오직 그대만,장편,한국,435,7591008500,1027622,2118827000,271148,멜로/로맨스,15세이상관람가,17799.917427797336,2011,10,국내,26.385966824377054
개구쟁이 스머프,장편,미국,399,7722534000,1027438,1962882000,239071,애니메이션,전체관람가,18111.570394175225,2011,8,해외,23.268654653614135
1947 보스톤,장편,한국,1282,9464438798,1026929,2362398413,248627,드라마,12세이상관람가,22207.84165379179,2023,9,국내,24.210729271449146
로그 원: 스타워즈 스토리,장편,미국,907,9047995594,1019309,3187685444,339042,액션,12세이상관람가,21389.391265736638,2016,12,해외,33.261945102024995
본 레거시,장편,미국,585,7412233000,1015711,2657138000,347976,액션,15세이상관람가,17584.531830056538,2012,9,해외,34.25935133123497
비공식작전,장편,한국,1151,9781885404,1015453,2104228583,211335,드라마,12세이상관람가,23212.111444261467,2023,8,국내,20.81189380503086
밴티지 포인트,장편,미국,288,6654718499,1015287,2368125999,345107,스릴러,15세이상관람가,15794.02303255198,2008,2,해외,33.991078384732596
히든페이스,장편,한국,1072,9622029140,1014864,2559164460,262802,스릴러,청소년관람불가,22846.02901033259,2024,11,국내,25.895292374150625
더 넌,장편,미국,824,8777844795,1011580,2249634745,248861,공포(호러),15세이상관람가,20909.303506360207,2018,9,해외,24.60121789675557
심장이 뛴다,장편,한국,445,7538083500,1006947,2315715000,293832,드라마,15세이상관람가,18038.741489379307,2011,1,국내,29.18048318332544
셔터 아일랜드,장편,미국,275,7528114276,1006833,2935605000,373974,드라마,15세이상관람가,18016.92475316165,2010,3,해외,37.14359779625816
라푼젤,장편,미국,328,10106348800,1006075,3838442500,361383,애니메이션,전체관람가,24205.59869874848,2011,2,해외,35.920085480704714
존 윅 3: 파라벨룸,장편,미국,849,8204889876,1004347,2646216646,308367,액션,청소년관람불가,19685.24720869705,2019,6,해외,30.703233045949258
스카이스크래퍼,장편,미국,831,8612111718,1002858,2058127718,232570,액션,12세이상관람가,20692.93601777686,2018,7,해외,23.19072091961175
맨 인 더 다크,장편,미국,671,8445645672,999047,2347738772,267646,스릴러,청소년관람불가,20370.366385671572,2016,10,해외,26.79013099483808
오스트레일리아,장편,미국,433,6471511555,998528,2361580500,347547,사극,12세이상관람가,15616.991959151825,2008,12,해외,34.80593433534162
인크레더블 헐크,장편,미국,360,6422773000,992064,2001776000,292360,액션,15세이상관람가,15600.365949962033,2008,6,해외,29.46987291142507
염력,장편,한국,1099,7484644112,990104,1855120412,238805,드라마,15세이상관람가,18215.54808067382,2018,1,국내,24.119183439315467
방가? 방가!,장편,한국,259,7129363141,989021,1867346500,244586,코미디,12세이상관람가,17369.89233956232,2010,9,국내,24.730111898534005
방황하는 칼날,장편,한국,594,7806377800,987420,1950201400,234776,범죄,청소년관람불가,19050.20043716215,2014,4,국내,23.77671102469061
시체가 돌아왔다,장편,한국,435,7357623000,986547,1804931500,228284,범죄,15세이상관람가,17970.975582706928,2012,3,국내,23.13969836206486
미쓰 와이프,장편,한국,437,7357162869,984265,1676810469,221861,코미디,15세이상관람가,18011.5144791242,2015,8,국내,22.540779160083922
파퍼씨네 펭귄들,장편,미국,333,7043993000,979739,2328595500,306323,코미디,전체관람가,17324.488571378435,2011,9,해외,31.265775885210246
로보캅,장편,미국,627,7299641958,979509,2235608658,282862,액션,12세이상관람가,17957.465111577232,2014,2,해외,28.87793782395057
원더풀 라디오,장편,한국,474,7193596000,977470,2018583000,259784,드라마,15세이상관람가,17733.50206662122,2012,1,국내,26.577183954494764
돈 크라이 마미,장편,한국,444,6808882099,975462,1607844582,220683,스릴러,15세이상관람가,16819.66577567088,2012,11,국내,22.623433819051893
바보,장편,한국,263,6301818833,974554,1908720333,279453,드라마,12세이상관람가,15581.594885133863,2008,2,국내,28.674963111330925
에픽 : 숲속의 전설,장편,미국,471,6702639000,973703,1630346000,218343,애니메이션,전체관람가,16587.12908289036,2013,8,해외,22.423983493940145
댓글부대,장편,한국,1228,9240359711,972991,2460815366,246286,범죄,15세이상관람가,22884.000997396517,2024,3,국내,25.312258797871717
"고산자, 대동여지도",장편,한국,765,7777473258,971194,1911829638,230579,사극,전체관람가,19296.76194135,2016,9,국내,23.741806477387627
우리는 형제입니다,장편,한국,566,7263255399,970373,1554261699,198894,코미디,12세이상관람가,18036.17808672976,2014,10,국내,20.496654379295386
프로메테우스,장편,미국,521,8583886099,970275,3548689099,372315,SF,청소년관람불가,21317.732487342895,2012,6,해외,38.37211099945891
전국노래자랑,장편,한국,581,6606589000,963634,1536557000,217914,코미디,12세이상관람가,16520.267618478658,2013,5,국내,22.613772448875817
스타워즈: 라스트 제다이,장편,미국,1107,8666688961,959577,3358015861,335664,액션,12세이상관람가,21763.32681778672,2017,12,해외,34.9804132445859
나랏말싸미,장편,한국,1211,7871240823,958775,1862210553,222884,사극,전체관람가,19782.373712942564,2019,7,국내,23.246747151312874
잭 더 자이언트 킬러,장편,미국,507,7376481000,956154,2098720500,250941,판타지,12세이상관람가,18589.738694863165,2013,2,해외,26.244830853607265
미드웨이,장편,미국,842,8211133530,955294,2185606380,247388,액션,15세이상관람가,20711.80592331873,2019,12,해외,25.896530282823925
허삼관,장편,한국,621,7405415569,955175,1879461269,232983,드라마,12세이상관람가,18681.785918873757,2015,1,국내,24.391655979270816
스텝업4 : 레볼루션,장편,미국,281,7157894000,953871,2323462500,290400,멜로/로맨스,12세이상관람가,18082.04395499768,2012,8,해외,30.44436826363313
발신제한,장편,한국,1010,9085720540,952386,1676960270,175048,스릴러,15세이상관람가,22987.845795742585,2021,6,국내,18.379942586304292
트랜스포터-라스트 미션,장편,프랑스,266,6336730334,951855,1808765000,258105,액션,15세이상관람가,16041.550152577787,2009,1,해외,27.11599981089557
불한당: 나쁜 놈들의 세상,장편,한국,860,7654331125,951797,2109269425,254366,범죄,청소년관람불가,19378.26173600271,2017,5,국내,26.7248163211273
극장판 진격의 거인 완결편 더 라스트 어택,장편,일본,424,9776272070,949711,3130935630,283764,애니메이션,15세이상관람가,24804.684895073915,2025,3,해외,29.87898423836304
그는 당신에게 반하지 않았다,장편,미국,354,6471531867,949324,3146805500,446348,멜로/로맨스,15세이상관람가,16426.48104500283,2009,2,해외,47.01745663229835
새미의 어드벤쳐,장편,벨기에,311,8919480155,946615,2211410500,218696,애니메이션,전체관람가,22704.820085314772,2010,12,해외,23.102951041342045
신차원! 짱구는 못말려 더 무비 초능력 대결전 ~날아라 수제김밥~,장편,일본,883,9142532236,945457,1476747912,147785,애니메이션,전체관람가,23301.11063648177,2023,12,해외,15.631065188580761
GP 506,장편,한국,355,6316842000,945185,2001912500,284443,공포(호러),청소년관람불가,16104.049497290358,2008,4,국내,30.093896961970408
월터의 상상은 현실이 된다,장편,미국,378,6877576799,941672,2822983799,371403,어드벤처,12세이상관람가,17598.987985686985,2013,12,해외,39.44080316713251
크루즈 패밀리,장편,미국,525,6540060500,941615,1762804500,238425,애니메이션,전체관람가,16736.332713169228,2013,5,해외,25.32085831257998
미 비포 유,장편,미국,481,7618156490,939658,2857730290,343297,멜로/로맨스,12세이상관람가,19535.83494245933,2016,6,해외,36.534249695101835
평행이론,장편,한국,272,6905140883,937029,1959571500,250326,스릴러,15세이상관람가,17757.07442776681,2010,2,국내,26.714861546440932
뽀로로 극장판 슈퍼썰매 대모험,장편,한국,459,6819979500,929985,1575195500,201918,애니메이션,전체관람가,17670.91462998723,2013,1,국내,21.71196309617897
애나벨,장편,미국,464,7081566943,925813,1769522843,222596,공포(호러),15세이상관람가,18431.385960361848,2014,10,해외,24.04330032090714
보스 베이비 2,장편,미국,1343,8292685050,925238,1552488780,167011,애니메이션,전체관람가,21597.009217582752,2021,7,해외,18.05059887293864
슈퍼배드 2,장편,미국,421,6359208000,925108,1797102000,244423,애니메이션,전체관람가,16563.896076008787,2013,9,해외,26.42102327512031
썬더볼츠＊,장편,미국,1274,9282314460,922453,3106646600,290593,액션,12세이상관람가,24247.33053627743,2025,4,해외,31.502201196158502
매그니피센트 7,장편,미국,579,7633490421,921317,2113986651,247071,액션,15세이상관람가,19964.846867784647,2016,9,해외,26.817154139129094
스파이더맨: 어크로스 더 유니버스,장편,미국,1103,9492413667,920169,3676606424,343627,애니메이션,전체관람가,24857.70107945205,2023,6,해외,37.343900957324145
갓 오브 이집트,장편,미국,618,7610472624,918678,2186618975,251912,어드벤처,12세이상관람가,19961.823675545085,2016,3,해외,27.42114211943684
주먹왕 랄프,장편,미국,361,6589435500,918183,1831749500,239435,애니메이션,전체관람가,17293.020924287754,2012,12,해외,26.0770456434066
투어리스트,장편,미국,439,6834421095,915359,2678458500,343506,드라마,15세이상관람가,17991.28491254804,2010,12,해외,37.52691566915276
글래디에이터 Ⅱ,장편,미국,1769,8873550140,909714,2642844080,257248,액션,청소년관람불가,23504.143643079566,2024,11,해외,28.277898328485655
크로싱,장편,한국,303,5657365667,907255,1934661500,299446,드라마,12세이상관람가,15025.771614932984,2008,6,국내,33.005715041526365
혹성탈출: 새로운 시대,장편,미국,1184,9177184782,907155,2304034982,213685,액션,12세이상관람가,24376.978873378328,2024,5,해외,23.5555114616576
썬더와 마법저택,장편,벨기에,422,6113755500,904145,1277758000,179319,애니메이션,전체관람가,16293.781377827032,2013,12,해외,19.832991389655422
월요일이 사라졌다,장편,영국,355,7489885100,903175,2030565300,239886,액션,15세이상관람가,19982.745208419696,2018,2,해외,26.560301159797383
데시벨,장편,한국,1152,8852632146,901426,1865256490,183954,액션,12세이상관람가,23664.3315428013,2022,11,국내,20.406999576227
점쟁이들,장편,한국,479,6345293500,900054,1468531000,198356,코미디,15세이상관람가,16987.718354033965,2012,10,국내,22.03823326155986
정직한 후보2,장편,한국,1318,8446139162,899684,1874805158,196659,코미디,12세이상관람가,22621.43436921869,2022,9,국내,21.858674823604733
더 배트맨,장편,미국,2370,9252877980,897836,3468610850,321562,액션,15세이상관람가,24833.14493746329,2022,3,해외,35.81522683429936
인랑,장편,한국,1085,6994748173,897548,1768239473,216427,SF,15세이상관람가,18778.733699700515,2018,7,국내,24.11313935299282
결백,장편,한국,1112,7858099340,893855,1911700700,217456,드라마,15세이상관람가,21183.725696595222,2020,6,국내,24.32788315778286
신비아파트 극장판 하늘도깨비 대 요르문간드,장편,한국,841,7046110380,893221,902370720,108157,애니메이션,전체관람가,19008.26248925592,2019,12,국내,12.10864948316262
타이탄의 분노,장편,미국,535,7591124500,893027,2199173000,239530,액션,12세이상관람가,20482.99353217791,2012,3,해외,26.822257333764828
그것,장편,미국,837,7331422607,888386,1958970207,224114,공포(호러),15세이상관람가,19885.588664256684,2017,9,해외,25.227097230258018
몬스터 호텔,장편,미국,489,6080221500,884885,1313395000,178356,애니메이션,전체관람가,16557.107584124846,2013,1,해외,20.155839459364778
씽2게더,장편,미국,1251,8186997050,883973,2125890820,221209,애니메이션,전체관람가,22317.08857051037,2022,1,해외,25.0244068540555
아쿠아맨과 로스트 킹덤,장편,미국,965,8990202656,878012,2359701156,218058,액션,12세이상관람가,24672.941748086,2023,12,해외,24.835423661635602
아이스 에이지 3: 공룡시대,장편,미국,367,6189838667,877398,1823491500,239234,애니메이션,전체관람가,16999.439132965363,2009,8,해외,27.266303319588147
메가마인드,장편,미국,414,8688175500,875481,3275217500,304441,애니메이션,전체관람가,23912.983434937378,2011,1,해외,34.77414130061075
극장판 헬로카봇 : 백악기 시대,장편,한국,758,6542619500,874967,1092117400,140632,애니메이션,전체관람가,18018.220336048198,2018,8,국내,16.072834746910456
블랙,장편,인도,248,6254367609,874913,2340253000,310842,드라마,전체관람가,17225.44449892911,2009,8,해외,35.52833253134883
디스 민즈 워,장편,미국,351,6661435000,873396,2606658000,326981,액션,15세이상관람가,18378.43384033089,2012,2,해외,37.43788613641464
스카이 라인,장편,미국,431,6414538349,873079,1942653500,250264,액션,12세이상관람가,17703.68879935609,2010,11,해외,28.66453093019074
고死 두 번째 이야기: 교생실습,장편,한국,320,5901045987,872594,1154161500,162101,공포(호러),15세이상관람가,16295.537123200398,2010,7,국내,18.576909765595452
열한시,장편,한국,512,6097792000,870785,1703900000,230557,스릴러,15세이상관람가,16873.826143990977,2013,11,국내,26.47691450817366
1917,장편,미국,932,7872002760,870451,3123054760,325790,드라마,15세이상관람가,21791.785349660797,2020,2,해외,37.42772424869407
몬스터 대학교,장편,미국,381,5873833500,870065,1275663500,177219,애니메이션,전체관람가,16267.5382444422,2013,9,해외,20.368478217144695
대도시의 사랑법,장편,한국,869,8215778030,870056,2815094270,289105,드라마,15세이상관람가,22753.77158938724,2024,10,국내,33.228320935663916
개구쟁이 스머프 2,장편,미국,478,5655415500,869805,1187088500,173681,애니메이션,전체관람가,15667.313051679012,2013,8,해외,19.96780887670225
미확인 동영상 : 절대클릭금지,장편,한국,361,5939840500,867386,1053713000,145988,공포(호러),15세이상관람가,16501.152514219502,2012,5,국내,16.830799667045582
오리엔트 특급 살인,장편,미국,707,6645385163,864757,2594405463,323682,드라마,12세이상관람가,18517.313298863777,2017,11,해외,37.430399522640464
슈퍼맨,장편,미국,1286,8737926810,864362,2758266840,254090,액션,12세이상관람가,24359.29081253133,2025,7,해외,29.396248331139034
콰이어트 플레이스 2,장편,미국,1137,8550116360,863339,2488591910,247107,스릴러,15세이상관람가,23863.96308297944,2021,6,해외,28.622244564417915
엑스맨: 다크 피닉스,장편,미국,991,7649216640,862744,2175317420,227564,액션,12세이상관람가,21364.21386332586,2019,6,해외,26.376769934070825
"오늘 밤, 세계에서 이 사랑이 사라진다 해도",장편,한국,868,8348588090,861581,1885345350,183817,멜로/로맨스,12세이상관람가,23349.0289768922,2025,12,국내,21.334848377575643
인디아나 존스: 운명의 다이얼,장편,미국,1268,8503653466,860424,2210532345,211617,어드벤처,12세이상관람가,23814.690482103586,2023,6,해외,24.59450224540459
작은 아씨들,장편,미국,1105,7240616830,859072,2625687480,301422,드라마,전체관람가,20309.43793986944,2020,2,해외,35.08693101393131
레전드 오브 타잔,장편,미국,593,7196970717,858402,1959397477,222047,액션,12세이상관람가,20202.76992976835,2016,6,해외,25.867483999338305
숙명,장편,한국,341,5680873500,858215,1582293500,230045,드라마,청소년관람불가,15950.375846645557,2008,3,국내,26.805054677440964
살인의뢰,장편,한국,646,6986456737,855980,1716336937,201830,범죄,청소년관람불가,19667.323431439258,2015,3,국내,23.57882193509194
헝거게임: 모킹제이,장편,미국,630,6400058044,854377,2215556744,283167,어드벤처,15세이상관람가,18050.376604295518,2014,11,해외,33.143097250979366
디스트릭트 9,장편,미국,320,6518492154,853859,2619214500,327328,SF,청소년관람불가,18395.554780869625,2009,10,해외,38.33513495787946
무파사: 라이온 킹,장편,미국,1243,8362423310,852334,2434719030,229719,애니메이션,전체관람가,23641.457004481614,2024,12,해외,26.95175834825315
맨 인 블랙: 인터내셔널,장편,미국,1151,7455439570,851040,2184582920,239685,액션,12세이상관람가,21109.365748385535,2019,6,해외,28.1637760857304
좋아해줘,장편,한국,637,6572774337,848148,1904246337,234990,멜로/로맨스,12세이상관람가,18673.640037590623,2016,2,국내,27.706249381004262
만추,장편,한국,444,6300514500,844103,2403086500,306882,멜로/로맨스,15세이상관람가,17985.91244267869,2011,2,국내,36.355989731111016
극장판 짱구는 못말려: 수수께끼! 꽃피는 천하떡잎학교,장편,일본,873,8370741924,837647,1475548813,140884,애니메이션,전체관람가,24079.907726607842,2022,9,해외,16.819018035043403
대립군,장편,한국,809,6276963402,837500,1505100202,190990,드라마,15세이상관람가,18059.955841035786,2017,5,국내,22.804776119402987
존 카터: 바숨 전쟁의 서막,장편,미국,508,7218670500,837426,1990997500,211589,SF,12세이상관람가,20771.252321981825,2012,3,해외,25.266590719657618
마린보이,장편,한국,340,5565284169,837059,1455046000,206861,액션,15세이상관람가,16020.762334309984,2009,2,국내,24.712833862368125
랑종,장편,한국,1403,8639576030,834338,2300792450,222583,공포(호러),청소년관람불가,24951.824672945386,2021,7,국내,26.677797247638246
체포왕,장편,한국,407,6146610500,831804,1785434000,228733,코미디,15세이상관람가,17806.009154264968,2011,5,국내,27.49842510976143
장화신은 고양이: 끝내주는 모험,장편,미국,924,7872245363,831209,1765136461,178819,애니메이션,전체관람가,22821.29516756888,2023,1,해외,21.513121248687153
손님,장편,한국,634,6385295880,827918,1717964980,213174,판타지,15세이상관람가,18584.274206539925,2015,7,국내,25.74820211663474
인시디어스 3,장편,미국,409,6396650620,825517,1542181920,191674,공포(호러),15세이상관람가,18671.47006276943,2015,7,해외,23.21866175984262
말할 수 없는 비밀,장편,한국,864,7859549300,824156,2436262480,241664,판타지,전체관람가,22979.475987614227,2025,1,국내,29.322603973034234
뽀로로 극장판 공룡섬 대모험,장편,한국,803,6203897300,824079,1093529800,137767,애니메이션,전체관람가,18140.433284286977,2017,12,국내,16.7176933279455
남쪽으로 튀어,장편,한국,428,5907297500,821918,1479390000,198233,코미디,15세이상관람가,17318.57899112675,2013,2,국내,24.118342705720035
베이비 드라이버,장편,영국,778,6688509214,821419,2396693714,284626,액션,15세이상관람가,19620.78996503509,2017,9,해외,34.65052549307966
브리짓 존스의 베이비,장편,미국,509,6678585874,820995,2641542374,314889,코미디,15세이상관람가,19601.797830240812,2016,9,해외,38.35455757952241
유체이탈자,장편,한국,1216,7941270790,818880,1890160630,195864,판타지,15세이상관람가,23368.005403795723,2021,11,국내,23.91852286049238
레드슈즈,장편,한국,717,6102923190,817547,1380911550,201881,애니메이션,전체관람가,17987.759739865956,2019,7,국내,24.693503859716934
틴틴 : 유니콘호의 비밀,장편,미국,644,6721820500,814023,2231009500,254024,애니메이션,전체관람가,19897.666074945428,2011,12,해외,31.205997864925195
나이브스 아웃,장편,미국,686,6833383090,810208,3129577620,363449,미스터리,12세이상관람가,20323.155719762817,2019,12,해외,44.858727635372645
극장판 짱구는 못말려: 우리들의 공룡일기,장편,일본,880,7601454900,809879,1221945620,125111,애니메이션,전체관람가,22616.661001434444,2024,12,해외,15.448110149787809
하트 오브 더 씨,장편,미국,535,6779908023,809755,2013490023,227317,액션,12세이상관람가,20175.395973183324,2015,12,해외,28.072318170310773
모범시민,장편,미국,309,5933122225,807486,1989985500,257733,스릴러,15세이상관람가,17705.173910434318,2009,12,해외,31.917952757075664
써로게이트,장편,미국,224,6020292355,806924,2106905000,269912,SF,15세이상관람가,17977.812738578927,2009,10,해외,33.44949462402903
헝거게임: 더 파이널,장편,미국,661,6070679163,806709,2032143445,257953,액션,15세이상관람가,18133.109412992522,2015,11,해외,31.97596655051574
킹스 스피치,장편,영국,317,5963126500,806248,2670236000,344099,드라마,12세이상관람가,17822.034309632138,2011,3,해외,42.67905160694973
스피드 레이서,장편,미국,339,5219874500,804631,2075139500,301766,액션,12세이상관람가,15632.023677155734,2008,5,해외,37.50365074176859
명탐정코난: 흑철의 어영,장편,일본,1030,7705318105,801511,1867772046,189282,애니메이션,12세이상관람가,23165.03651018296,2023,7,해외,23.615645948714363
청설,장편,한국,1060,7472963310,800982,2156026270,219987,드라마,전체관람가,22481.329800200376,2024,11,국내,27.464662127238814
하늘에서 음식이 내린다면 2,장편,미국,545,5423213000,800062,1182203500,162353,애니메이션,전체관람가,16333.713052901052,2013,11,해외,20.29255232719464
카트,장편,한국,544,5809735433,799275,1446480033,189714,드라마,12세이상관람가,17515.076149206,2014,11,국내,23.735760532983015
컨저링3: 악마가 시켰다,장편,미국,1133,8023107360,799261,1892457550,182098,공포(호러),15세이상관람가,24188.329993928277,2021,6,해외,22.783296069744427
A-특공대,장편,미국,330,5890424042,791173,1983672000,253638,액션,15세이상관람가,17940.188646843555,2010,6,해외,32.05847520074624
화이트: 저주의 멜로디,장편,한국,305,5587166000,790954,1093550000,146776,공포(호러),15세이상관람가,17021.281392356115,2011,6,국내,18.556831370724467
상의원,장편,한국,466,6202433964,790158,1904029164,236326,사극,15세이상관람가,18914.72845891398,2014,12,국내,29.90870180394301
잭 리처,장편,미국,431,5758577000,784031,1767476500,230355,액션,15세이상관람가,17698.393503096824,2013,1,해외,29.380853563188193
블랙 아담,장편,미국,1524,8040723608,779485,2247619017,205681,액션,12세이상관람가,24856.4598544405,2022,10,해외,26.3867810156706
거룩한 밤: 데몬 헌터스,장편,한국,1097,7205989400,777649,1428075700,148687,액션,15세이상관람가,22328.62111250458,2025,4,국내,19.120065736598388
킹메이커,장편,한국,1185,7313720610,775583,2017189830,213017,드라마,15세이상관람가,22722.807432120746,2022,1,국내,27.465403444892424
신명,장편,한국,771,7359521780,775407,1386811620,143476,드라마,15세이상관람가,22870.295756533982,2025,6,국내,18.5033150332664
관능의 법칙,장편,한국,591,5808789500,773996,1798198300,231102,드라마,청소년관람불가,18084.180192830612,2014,2,국내,29.858293841311838
그랜드 부다페스트 호텔,장편,미국,163,6012395982,773649,3516635882,444985,미스터리,"청소년관람불가,15세이상관람가",18726.45238531399,2014,3,해외,57.51768566882398
푸른소금,장편,한국,476,5739824500,771699,1634205500,208701,액션,15세이상관람가,17922.664678376615,2011,8,국내,27.044352785218074
트랜스포머: 비스트의 서막,장편,미국,1123,7786907316,769993,1752328778,164057,액션,12세이상관람가,24368.57489191069,2023,6,해외,21.306297589718348
나는 왕이로소이다,장편,한국,471,5317185404,768971,1274113835,176961,사극,12세이상관람가,16661.87014776577,2012,8,국내,23.012701389259153
상류사회,장편,한국,867,6313416163,768442,1519155763,181389,드라마,청소년관람불가,19797.266410712487,2018,8,국내,23.60477433560373
뽀로로 극장판 보물섬 대모험,장편,한국,736,5886268900,766758,1016498870,126872,애니메이션,전체관람가,18498.379517302346,2019,4,국내,16.54655054137029
레슬러,장편,한국,957,6440492657,765963,1392248057,159549,드라마,15세이상관람가,20261.10845361699,2018,5,국내,20.829857316867788
토르: 마법망치의 전설,장편,아이슬란드,383,5529185000,765315,1122505000,146284,애니메이션,전체관람가,17408.958859290084,2012,2,해외,19.114220941703746
레지던트 이블: 파멸의 날,장편,미국,599,6422202365,765259,1676603015,193951,액션,청소년관람불가,20222.155403186043,2017,1,해외,25.344491211472192
호퍼스,장편,미국,1013,7529962010,764128,2269702480,217656,애니메이션,전체관람가,23745.349955876944,2026,3,해외,28.484233008082416
공각기동대 : 고스트 인 더 쉘,장편,미국,807,6285970884,764072,1900110084,222563,SF,15세이상관람가,19823.94040453136,2017,3,해외,29.128537624726462
리오 2,장편,미국,598,5631146900,761404,1224776100,159313,애니메이션,전체관람가,17821.063029218123,2014,5,해외,20.923583275107564
모던보이,장편,한국,373,4971421000,758473,1695482500,246098,드라마,12세이상관람가,15794.006788433306,2008,10,국내,32.446507654194676
스플릿,장편,한국,702,6097721539,757430,1497661939,177946,드라마,15세이상관람가,19398.89483285982,2016,11,국내,23.493392128645553
볼트,장편,미국,299,4993959268,757337,2561818514,373046,애니메이션,전체관람가,15889.408269187226,2008,12,해외,49.25759602396291
명탐정 코난: 100만 달러의 펜타그램,장편,일본,1089,7334914832,753606,1858756932,181923,애니메이션,12세이상관람가,23453.228306415207,2024,7,해외,24.140333277601293
대외비,장편,한국,1157,7433002721,752559,1608997022,160400,범죄,15세이상관람가,23799.927886212885,2023,3,국내,21.313943491473758
극장판 하이큐!! 쓰레기장의 결전,장편,일본,1212,7635268967,744645,2322278543,217437,애니메이션,전체관람가,24707.395436347248,2024,5,해외,29.200088632838465
"안녕, 헤이즐",장편,미국,323,5795507000,744387,1934275000,238850,드라마,12세이상관람가,18760.506441452813,2014,8,해외,32.08680431012363
퍼스트 라이드,장편,한국,1227,6844374490,742535,1563120470,162708,코미디,12세이상관람가,22211.03200603663,2025,10,국내,21.912502440962378
주유소 습격사건 2,장편,한국,322,5466499511,742475,1378973500,176464,액션,15세이상관람가,17741.052531483558,2010,1,국내,23.76699552173474
명탐정 코난: 척안의 잔상,장편,일본,901,7276851240,739385,1934851630,187059,애니메이션,12세이상관람가,23715.089298815667,2025,7,해외,25.299268987063574
시간 여행자의 아내,장편,미국,300,5485456860,738963,2328463000,299300,멜로/로맨스,12세이상관람가,17887.18560651805,2009,10,해외,40.50270446558217
자백,장편,한국,1115,7352559230,738120,1851324308,181290,범죄,15세이상관람가,24002.885970805673,2022,10,국내,24.561046984230206
김씨표류기,장편,한국,288,4796220849,733931,1674506000,244182,코미디,12세이상관람가,15746.928079464087,2009,5,국내,33.2704300540514
런던 해즈 폴른,장편,미국,523,5908203979,731551,1743777879,207959,액션,15세이상관람가,19460.893490646456,2016,3,해외,28.4271363172219
더 파이브,장편,한국,501,5343797000,731212,1474402500,192286,스릴러,청소년관람불가,17609.967119123365,2013,11,국내,26.29688790665361
언차티드,장편,미국,1536,7116304100,730924,2044063780,203638,액션,12세이상관람가,23460.33339019045,2022,2,해외,27.860352102270554
순정만화,장편,한국,386,4674779333,730343,1698524333,250747,멜로/로맨스,12세이상관람가,15423.613991306842,2008,11,국내,34.332772409676
극장판 짱구는 못말려: 동물소환 닌자 배꼽수비대,장편,일본,844,7223190733,728887,1077099251,104117,애니메이션,전체관람가,23879.255460309752,2023,5,해외,14.284381529647256
비스티 보이즈,장편,한국,278,4785372500,727409,1874552500,273065,드라마,청소년관람불가,15852.179547254924,2008,4,국내,37.539403554259025
푸시,장편,미국,258,4817364578,726998,1553269500,222735,SF,15세이상관람가,15967.179300173413,2009,3,해외,30.63763586694874
슬픔보다 더 슬픈 이야기,장편,한국,353,4774850499,724107,1319444000,189190,멜로/로맨스,15세이상관람가,15889.452598872887,2009,3,국내,26.127354106506356
스파이더맨: 뉴 유니버스,장편,미국,722,6008476176,723450,2397450086,276005,애니메이션,12세이상관람가,20012.794036606723,2018,12,해외,38.15121984933306
물괴,장편,한국,1183,6104164954,723414,1317227754,149475,액션,15세이상관람가,20332.522199539726,2018,9,국내,20.662442252983766
미쓰백,장편,한국,638,6027243066,720558,1575923166,184908,드라마,15세이상관람가,20155.875401383204,2018,10,국내,25.66177878810588
신데렐라,장편,미국,531,5499767900,716386,1654573800,205943,멜로/로맨스,전체관람가,18499.03930434757,2015,3,해외,28.74749087782285
기적,장편,한국,1198,6630962710,715434,1524679140,173897,드라마,12세이상관람가,22333.609246401993,2021,9,국내,24.306504862782592
풍산개,장편,한국,286,5395019500,714102,1709358000,217988,드라마,청소년관람불가,18204.74804432953,2011,6,국내,30.5261713312664
날씨의 아이,장편,일본,716,5845763050,712750,1916097650,224294,애니메이션,15세이상관람가,19763.13717866908,2019,10,해외,31.468817958611012
프레디의 피자가게,장편,미국,1041,6960971006,712361,1097957816,108754,공포(호러),12세이상관람가,23546.241457411867,2023,11,해외,15.266697643470096
행복의 나라,장편,한국,1096,6561260142,710327,1551238962,164182,드라마,12세이상관람가,22257.72834540942,2024,8,국내,23.11358008353899
고질라,장편,미국,610,5972847963,709734,1655498463,180321,액션,12세이상관람가,20278.589908501614,2014,5,해외,25.40684256355198
마음이2,장편,한국,261,4705692210,707748,988226500,143504,드라마,전체관람가,16021.26374570324,2010,7,국내,20.27614348609957
라스베가스에서만 생길 수 있는 일,장편,미국,273,4604235334,704834,1859935834,273802,멜로/로맨스,15세이상관람가,15740.646696234824,2008,5,해외,38.84630991126989
고질라 VS. 콩,장편,미국,1295,6772634130,703485,1715996700,165888,액션,12세이상관람가,23198.220734277224,2021,3,해외,23.580886586067933
국가대표 2,장편,한국,562,5424324942,703024,1319827542,166219,드라마,12세이상관람가,18592.05732783429,2016,8,국내,23.643431803181684
천일의 스캔들,장편,미국,131,4599546001,700095,2149808001,314614,사극,15세이상관람가,15831.05632221858,2008,3,해외,44.93875831137203
내 깡패 같은 애인,장편,한국,248,5109441315,699973,1408953500,182817,드라마,15세이상관람가,17589.11669897629,2010,5,국내,26.11772168355065
트랜센던스,장편,미국,417,5478201500,696412,2099194700,256854,SF,12세이상관람가,18954.994374262184,2014,5,해외,36.882477613826296
님스 아일랜드,장편,미국,266,4273735000,694728,1207202500,186728,코미디,전체관람가,14823.2928952137,2008,7,해외,26.877857233334485
통증,장편,한국,317,5207167000,693101,1461450500,184530,멜로/로맨스,15세이상관람가,18103.263970829335,2011,9,국내,26.623825387641915
더 마블스,장편,미국,1532,6841156465,690814,1932480968,181909,액션,12세이상관람가,23862.739280752816,2023,11,해외,26.332558402116923
인페르노,장편,미국,754,5656281303,689071,1920944703,224942,미스터리,15세이상관람가,19779.664941936055,2016,10,해외,32.64424130459706
탈출: 프로젝트 사일런스,장편,한국,1078,6704394362,687918,1352141401,133688,스릴러,15세이상관람가,23484.146565941577,2024,7,국내,19.43371157608901
명탐정 피카츄,장편,미국,817,5730788546,686809,1767248906,201613,액션,전체관람가,20106.214430075936,2019,5,해외,29.355031748273536
리바운드,장편,한국,1154,6585399348,686293,1788626037,182084,드라마,12세이상관람가,23121.94961023269,2023,4,국내,26.5315251649077
분노의 질주: 더 오리지널,장편,미국,289,4598492639,685746,1439667000,202705,액션,15세이상관람가,16158.61434731937,2009,4,해외,29.559778693568756
귀공자,장편,한국,966,6703071465,682742,1626471729,162939,액션,청소년관람불가,23657.5154798371,2023,6,국내,23.86538399571141
스텝 업 3D,장편,미국,253,7462604919,682712,2419206500,214074,드라마,12세이상관람가,26339.335660880202,2010,8,해외,31.356413831893974
스파이더위크가의 비밀,장편,미국,172,4151259500,682525,1289418500,202462,어드벤처,전체관람가,14655.924603141331,2008,2,해외,29.663675323248235
픽셀,장편,미국,557,5390909947,681945,1644960347,195473,액션,12세이상관람가,19048.668808485156,2015,7,해외,28.664041821554527
앵그리버드 더 무비,장편,미국,661,5218111744,680606,1150894444,140314,애니메이션,전체관람가,18474.36437315307,2016,5,해외,20.61603923562237
경관의 피,장편,한국,1187,6687389520,679503,1585404290,158145,범죄,15세이상관람가,23714.67324567784,2022,1,국내,23.273627931002512
신비아파트: 금빛 도깨비와 비밀의 동굴,장편,한국,762,5001247250,678091,699258600,91723,애니메이션,전체관람가,17772.24324282594,2018,7,국내,13.526650552801911
트롤,장편,미국,622,5011161500,675966,1057171000,136139,애니메이션,전체관람가,17863.454599502387,2017,2,해외,20.139918279913488
와일드 로봇,장편,미국,1062,6096775545,673737,1595554760,167225,애니메이션,전체관람가,21805.282194147796,2024,10,해외,24.8205160173777
몬스터 vs 에이리언,장편,미국,324,4622178693,672285,1500897000,196845,애니메이션,전체관람가,16567.05115112271,2009,4,해외,29.27999286017091
고양이: 죽음을 보는 두 개의 눈,장편,한국,304,4767098000,670295,1119188000,149463,공포(호러),15세이상관람가,17137.205458089527,2011,7,국내,22.298092630856566
패신저스,장편,미국,608,5467466918,668576,1753464218,208036,어드벤처,12세이상관람가,19705.492089931548,2017,1,해외,31.11628296558656
퍼스트맨,장편,미국,1190,6094765639,665364,2286908439,234728,SF,12세이상관람가,22072.40286918229,2018,10,해외,35.27813347280586
하늘에서 음식이 내린다면,장편,미국,281,5500218152,665096,1686106500,187169,애니메이션,전체관람가,19927.25518671387,2010,2,해외,28.141651731479367
극장판 주술회전 0,장편,일본,836,6628272858,664565,2029428866,192370,애니메이션,15세이상관람가,24033.377963789884,2022,2,해외,28.94675464401526
유령,장편,한국,1099,6760765879,664146,1745733606,168158,드라마,15세이상관람가,24529.248264797632,2023,1,국내,25.3194327753235
명탐정 코난 : 칠흑의 추적자,장편,일본,200,4248881868,661550,918625000,137471,애니메이션,전체관람가,15476.184054789182,2009,7,해외,20.780137555740307
삼총사 3D,장편,독일,510,5710755500,657564,2047683000,217628,액션,12세이상관람가,20927.022505042893,2011,10,해외,33.09609406841007
샤잠!,장편,미국,1148,5730673797,656492,1794508367,196571,액션,12세이상관람가,21034.304337130638,2019,4,해외,29.942634487548975
실종,장편,한국,257,4415413589,654587,1084313000,150809,범죄,청소년관람불가,16253.837636353106,2009,3,국내,23.038801564956223
열정같은소리하고있네,장편,한국,566,4761399902,654407,1351744002,177071,드라마,15세이상관람가,17532.289196025737,2015,11,국내,27.058237457728907
아이 엠 넘버 포,장편,미국,284,4955215500,654386,1576235000,197802,액션,12세이상관람가,18246.536926604498,2011,2,해외,30.227113660744575
엔더스 게임,장편,미국,460,4925056000,654212,1564711500,199025,SF,12세이상관람가,18140.304395634914,2013,12,해외,30.422095589808805
그날의 분위기,장편,한국,592,5142899612,652453,1404786825,171304,멜로/로맨스,15세이상관람가,18993.75002573698,2016,1,국내,26.255377782001155
여고괴담 5,장편,한국,318,4205826795,652097,1087081000,157643,공포(호러),15세이상관람가,15541.433862738768,2009,6,국내,24.174777678780917
울학교 이티,장편,한국,298,4156170833,651439,1076953333,160113,드라마,15세이상관람가,15373.457034516561,2008,9,국내,24.578356530695892
오션스,장편,프랑스,217,4473889375,650994,1145436000,158175,다큐멘터리,전체관람가,16559.993372137385,2010,7,해외,24.297458962755417
보통의 가족,장편,한국,1277,6043915570,649895,1722237470,179337,드라마,15세이상관람가,22409.23837835899,2024,10,국내,27.594765308242103
아빠는 딸,장편,한국,520,5047634395,646412,1154175195,141570,코미디,12세이상관람가,18816.13343468737,2017,4,국내,21.900892928967902
사냥,장편,한국,696,4912658515,645922,1275511815,162472,액션,15세이상관람가,18326.874392644597,2016,6,국내,25.153501506373832
눈먼자들의 도시,장편,캐나다,238,4356692000,645218,1700769000,241012,드라마,청소년관람불가,16270.551987155028,2008,11,해외,37.353576620615044
리오,장편,미국,333,5022007500,645191,1246908000,148653,애니메이션,전체관람가,18756.031766664855,2011,7,해외,23.04015400090826
나를 찾아줘,장편,한국,875,5117014620,645082,1211838780,146847,스릴러,15세이상관람가,19114.090473526427,2019,11,국내,22.764082705764537
명탐정 코난 : 침묵의 15분,장편,일본,275,4209588000,644216,853386500,124473,애니메이션,전체관람가,15745.628084631047,2011,8,해외,19.32162504501596
머니볼,장편,미국,385,4677562000,641099,2129201500,277225,드라마,12세이상관람가,17581.112643975048,2011,11,해외,43.242151368197426
호튼,장편,미국,336,3802813334,638598,1098249334,176858,애니메이션,전체관람가,14349.255124658057,2008,4,해외,27.694731270689854
광대들: 풍문조작단,장편,한국,806,5226776088,637021,1097148968,129821,사극,12세이상관람가,19771.155387190713,2019,8,국내,20.379390946295334
스노우 화이트 앤 더 헌츠맨,장편,미국,447,4646250000,636631,1477032000,191591,액션,12세이상관람가,17585.98486804777,2012,5,해외,30.094513148118768
플래시,장편,미국,1258,6735756989,635269,2222809918,197629,액션,12세이상관람가,25549.39676346575,2023,6,해외,31.109498495912757
널 기다리며,장편,한국,551,5232611336,634953,1188915987,138898,스릴러,청소년관람불가,19857.693426848655,2016,3,국내,21.875319905567814
플랜맨,장편,한국,458,4528561558,632299,1107270058,147025,드라마,15세이상관람가,17257.968975597312,2014,1,국내,23.252448604220472
엔칸토: 마법의 세계,장편,미국,1102,5979022100,630762,1545212270,155017,애니메이션,전체관람가,22841.075030954147,2021,11,해외,24.57614758022836
핸드폰,장편,한국,356,4271780582,630049,1207936000,169335,스릴러,청소년관람불가,16337.534359299307,2009,2,국내,26.87648103560199
컨택트,장편,미국,605,5174020721,629322,2112362621,249789,SF,12세이상관람가,19811.034430130447,2017,2,해외,39.69176351692774
조선마술사,장편,한국,608,4650016527,628576,1107370838,144953,드라마,12세이상관람가,17825.7825644072,2015,12,국내,23.0605368324594
다찌마와리,장편,한국,299,4131701167,628508,1599187667,233232,액션,12세이상관람가,15840.540496709707,2008,8,국내,37.10883552794873
명탐정 코난: 천공의 난파선,장편,일본,234,4065925171,628423,805351500,118938,애니메이션,전체관람가,15590.470193806417,2010,7,해외,18.926423762338427
설리: 허드슨강의 기적,장편,미국,573,5234170754,627102,1679863954,192870,드라마,12세이상관람가,20112.29377069882,2016,9,해외,30.755762220500017
지푸라기라도 잡고 싶은 짐승들,장편,한국,996,5442138750,626815,1631018560,185951,스릴러,청소년관람불가,20920.985217963178,2020,2,국내,29.66600990722941
앨빈과 슈퍼밴드2,장편,미국,237,4171956017,625900,1132116000,161535,가족,전체관람가,16061.521113692668,2009,12,해외,25.808435852372586
더 임파서블,장편,스페인,408,4444581500,622572,1193576000,161126,액션,12세이상관람가,17202.56442589618,2013,1,해외,25.88070134859904
아더 크리스마스,장편,미국,356,4779642000,622286,1276658000,153783,애니메이션,전체관람가,18507.904144644453,2011,11,해외,24.712591959324172
원더랜드,장편,한국,1165,5873441710,620992,1630496539,164185,드라마,12세이상관람가,22790.747047242872,2024,6,국내,26.439148974543958
트위스터스,장편,미국,874,6433826349,620230,2122230089,195339,액션,12세이상관람가,24995.882207708022,2024,8,해외,31.494606839398287
눈의 여왕 2: 트롤의 마법거울,장편,러시아,479,4482452600,618598,858046900,113356,애니메이션,전체관람가,17460.59735467887,2014,12,해외,18.32466318998768
인 타임,장편,미국,304,4579554500,616943,1724354000,220645,SF,12세이상관람가,17886.694693573554,2011,10,해외,35.76424402254341
홍길동의 후예,장편,한국,380,4293061087,616654,1152829000,159661,액션,12세이상관람가,16775.57513750559,2009,11,국내,25.891504798476944
특종: 량첸살인기,장편,한국,776,4754763118,616481,1319649718,165767,스릴러,15세이상관람가,18584.936965293666,2015,10,국내,26.889230973866184
엘리오,장편,미국,1110,5625275750,615812,1584104790,164013,애니메이션,전체관람가,22011.395239620542,2025,6,해외,26.63361545406715
잭 리처: 네버 고 백,장편,미국,667,4647326258,612328,1384339358,176367,액션,15세이상관람가,18288.19933973492,2016,11,해외,28.802700513450308
조커: 폴리 아 되,장편,미국,1385,6374984320,612207,2316960850,209467,범죄,15세이상관람가,25091.85291902902,2024,10,해외,34.21506124562444
미쓰GO,장편,한국,440,4441859000,611685,1194708500,155409,액션,15세이상관람가,17498.017278166346,2012,6,국내,25.406704431202336
서부전선,장편,한국,509,4751661400,609063,1045890400,128610,전쟁,12세이상관람가,18799.018338044007,2015,9,국내,21.116042182828377
압꾸정,장편,한국,1229,5727172661,608639,1223429718,127818,코미디,12세이상관람가,22674.222405403547,2022,11,국내,21.00062598683292
그린 존,장편,미국,280,4534073117,606841,1764722500,224900,드라마,15세이상관람가,18003.855030166793,2010,3,해외,37.06077868832198
아마존 활명수,장편,한국,1479,5390831280,606612,1178671940,128077,코미디,12세이상관람가,21413.94316559228,2024,10,국내,21.11349594139252
헝거게임: 판엠의 불꽃,장편,미국,514,4470681000,606531,1781865500,231022,액션,15세이상관람가,17761.211382773214,2012,4,해외,38.089067170515605
왓치맨,장편,미국,358,4175166338,606317,1635321000,223291,액션,청소년관람불가,16593.039248962596,2009,3,해외,36.827435153558284
연애 빠진 로맨스,장편,한국,967,6148017790,606273,1845712890,181524,멜로/로맨스,15세이상관람가,24435.362780125753,2021,11,국내,29.94096718804895
이층의 악당,장편,한국,384,4332815318,605224,1469062000,193993,코미디,15세이상관람가,17250.668906973646,2010,11,국내,32.053091086936405
피에타,장편,한국,291,4354008500,602967,1733182500,231026,드라마,청소년관람불가,17399.93523192472,2012,9,국내,38.31486631938398
미스터 주: 사라진 VIP,장편,한국,692,5057108660,601675,985780260,115640,코미디,12세이상관람가,20253.133336103376,2020,1,국내,19.219678397806124
다이노소어 어드벤처 3D,장편,미국,464,4860516500,599963,1098977000,128585,액션,전체관람가,19521.350402953565,2013,12,해외,21.432154982890612
반가운 살인자,장편,한국,261,4347073175,599176,1236642000,163606,코미디,15세이상관람가,17482.133998160687,2010,4,국내,27.30516576097841
우는 남자,장편,한국,508,4883740800,599050,1416378800,167680,액션,청소년관람불가,19644.52069189872,2014,6,국내,27.990985727401718
콜롬비아나,장편,미국,397,4514940000,598373,1515451500,192192,액션,15세이상관람가,18181.59157244044,2011,8,해외,32.119096282753404
타잔 3D,장편,독일,527,4452845000,597142,974501500,124008,애니메이션,전체관람가,17968.50160925175,2014,1,해외,20.766919761128843
레터스 투 줄리엣,장편,미국,284,4343347481,593630,1949740500,254400,멜로/로맨스,12세이상관람가,17630.33799602162,2010,10,해외,42.85497700587908
황제를 위하여,장편,한국,423,4751881771,592041,970871571,115829,액션,청소년관람불가,19340.413114095016,2014,6,국내,19.564354495719048
맨 온 렛지,장편,미국,408,4393531500,591841,1529425000,196445,범죄,15세이상관람가,17887.95114155029,2012,2,해외,33.192191821789976
패션왕,장편,한국,523,4338223379,591125,991436179,128375,코미디,15세이상관람가,17684.162082204904,2014,11,국내,21.71706491858744
그것: 두 번째 이야기,장편,미국,999,5107465367,591043,1404236307,157197,스릴러,15세이상관람가,20822.75817943974,2019,9,해외,26.596542045164227
판타스틱 4: 새로운 출발,장편,미국,1027,6387300290,590759,2110610470,181098,액션,12세이상관람가,26053.0690791754,2025,7,해외,30.655140251777794
뜨거운 것이 좋아,장편,한국,256,3790235833,590409,1344619833,202830,드라마,15세이상관람가,15469.104286640422,2008,1,국내,34.35415110542014
47 미터,장편,영국,733,4686022657,590036,1043910157,125764,스릴러,15세이상관람가,19137.17274918982,2017,7,해외,21.31463164959426
극장판 헬로카봇 : 달나라를 구해줘!,장편,한국,889,4553434150,587818,687159820,84670,애니메이션,전체관람가,18665.86338276084,2019,9,국내,14.404118281508902
바비,장편,미국,780,5752206126,585502,2781106021,274979,기타,12세이상관람가,23673.254152867197,2023,7,해외,46.96465597043221
더 울프 오브 월스트리트,장편,미국,395,4490682000,585082,2130174000,271592,범죄,청소년관람불가,18494.70754856193,2014,1,해외,46.41947624435549
바디 오브 라이즈,장편,미국,232,3811488333,584861,1458966333,211331,스릴러,15세이상관람가,15703.405144375465,2008,10,해외,36.13354284180343
퀴즈왕,장편,한국,323,4258992759,583183,1249453000,164631,코미디,15세이상관람가,17597.620565443212,2010,9,국내,28.229732348165154
마법사의 제자,장편,미국,298,4132049517,582698,1213116000,163071,드라마,전체관람가,17087.317656996223,2010,7,해외,27.985508788428998
다크 섀도우,장편,미국,394,4326459000,582126,1488456500,189955,드라마,15세이상관람가,17908.84174498056,2012,5,해외,32.63125165342211
고고 70,장편,한국,362,3795149333,581468,1482033833,216129,드라마,15세이상관람가,15727.328334159798,2008,10,국내,37.16954329387
극장판 포켓몬스터DP: 기라티나와 하늘의 꽃다발 쉐이미,장편,일본,809,5477045710,581216,815001560,83282,애니메이션,전체관람가,22707.049541003857,2022,6,해외,14.328924186533062
어린왕자,장편,프랑스,494,4336252627,579130,1389264338,177032,애니메이션,전체관람가,18042.238376259862,2015,12,해외,30.56861153799665
인시디어스: 두번째 집,장편,미국,405,4001207000,577758,1051192000,143845,공포(호러),15세이상관람가,16687.718128701654,2013,12,해외,24.89710224696153
백설공주,장편,미국,386,4038223000,576150,1287829500,174825,판타지,전체관람가,16889.10497496364,2012,5,해외,30.3436605050768
극장판 헬로카봇: 옴파로스 섬의 비밀,장편,한국,752,4485905140,575353,724293890,88888,애니메이션,전체관람가,18787.440016656932,2019,1,국내,15.449298083089861
인비저블맨,장편,미국,776,5015895060,575043,1551577840,173110,공포(호러),15세이상관람가,21018.41796262528,2020,2,해외,30.103835713155362
채피,장편,미국,536,4620348654,573657,1430685654,167768,액션,15세이상관람가,19407.712710909847,2015,3,해외,29.24535044460366
섀도우 헌터스: 뼈의 도시,장편,미국,374,4034176500,571074,1158559000,156564,판타지,15세이상관람가,17022.14989461202,2013,9,해외,27.415711448954077
루퍼,장편,미국,386,4252182000,570010,1805984000,232553,SF,청소년관람불가,17975.512160746282,2012,10,해외,40.79805617445308
괴물,장편,일본,647,5620763787,569970,2919795084,290031,드라마,12세이상관람가,23762.67018492413,2023,11,해외,50.8853097531449
앨빈과 슈퍼밴드3,장편,미국,327,3763147000,569773,833551500,120514,애니메이션,전체관람가,15914.801326818824,2011,12,해외,21.151230402283012
화이트 하우스 다운,장편,미국,480,4015707500,569500,1348600000,184731,액션,15세이상관람가,16991.051122840796,2013,6,해외,32.43740122914838
이스케이프 룸,장편,미국,850,5007420664,563114,1360092834,149452,액션,15세이상관람가,21427.408818030854,2019,3,해외,26.54027426062929
클로버필드,장편,미국,281,3730650667,562764,1438500667,206661,SF,15세이상관람가,15973.871248903753,2008,1,해외,36.722498240825644
파파,장편,한국,414,3866065500,562156,1001172500,140728,가족,12세이상관람가,16571.593084353295,2012,2,국내,25.033620560840763
스텝 업: 올 인,장편,미국,325,4313097134,560620,1112615734,138461,드라마,12세이상관람가,18538.41308224586,2014,9,해외,24.697834540330348
싱 스트리트,장편,아일랜드,494,4488377672,560578,1924616772,236329,드라마,15세이상관람가,19293.243552792563,2016,5,해외,42.158093967298036
서브스턴스,장편,영국,372,5466714540,560530,2766903540,279644,스릴러,청소년관람불가,23500.626408010146,2024,12,해외,49.8892119957897
슈퍼맨이었던 사나이,장편,한국,388,3688309333,559705,1183671833,173173,드라마,전체관람가,15878.886857674488,2008,1,국내,30.94004877569434
레지던트 이블 5 : 최후의 심판,장편,미국,368,4757460500,558433,1494514500,164990,액션,청소년관람불가,20528.443413916903,2012,9,해외,29.545173727197355
잉크하트 : 어둠의 부활,장편,미국,240,3547748935,556496,1073680500,159183,어드벤처,전체관람가,15361.822213381285,2009,1,해외,28.604518271470052
인시디어스4: 라스트 키,장편,미국,769,4301309864,554521,985318264,123478,공포(호러),15세이상관람가,18691.090295818754,2018,1,해외,22.267506550698712
양자물리학,장편,한국,799,4526478380,553879,1152440160,137943,범죄,15세이상관람가,19692.345835962562,2019,9,국내,24.904898001187988
아이스 에이지: 지구 대충돌,장편,미국,580,4092484600,553760,920145300,116487,애니메이션,전체관람가,17808.09136575194,2016,7,해외,21.0356472117885
뱅크 잡,장편,영국,199,3578915667,553159,1195421167,176112,범죄,15세이상관람가,15590.260980105135,2008,10,해외,31.837500610131986
그린치,장편,미국,724,4188466900,552962,978246100,122641,애니메이션,전체관람가,18252.05226634236,2018,12,해외,22.17892007045692
콰이어트 플레이스: 첫째 날,장편,미국,942,5381760525,552619,1591925526,155608,스릴러,15세이상관람가,23466.615607864387,2024,6,해외,28.158279031303664
메카닉: 리크루트,장편,미국,320,4458200800,551897,1177943300,142121,액션,15세이상관람가,19464.959095846658,2016,8,해외,25.751363026071893
파과,장편,한국,746,5264341000,550762,1661397080,166197,액션,15세이상관람가,23032.015709407293,2025,4,국내,30.175829124013635
극장판 요괴워치: 탄생의 비밀이다냥!,장편,일본,509,3886775100,550728,601746400,82667,애니메이션,전체관람가,17006.07765090956,2015,7,해외,15.01049519908194
점박이 한반도의 공룡2 : 새로운 낙원,장편,한국,672,4293073300,550059,692247500,85793,애니메이션,전체관람가,18806.62790675007,2018,12,국내,15.597054134192877
나쁜 녀석들: 포에버,장편,미국,896,4880576760,547775,1431204050,155245,액션,청소년관람불가,21469.4462648183,2020,1,해외,28.341015928072654
원더 우먼 1984,장편,미국,2260,4938591400,546897,1459053100,154808,액션,12세이상관람가,21759.527371632787,2020,12,해외,28.306609836952845
너는 펫,장편,한국,341,3798398000,540972,1097757500,148666,멜로/로맨스,12세이상관람가,16919.112754560756,2011,11,국내,27.481274446736613
"그날, 바다",장편,한국,611,4445554528,540558,1157399300,136574,다큐멘터리,15세이상관람가,19816.892147636645,2018,4,국내,25.265373928422115
트럭,장편,한국,257,3668218000,540485,956725000,132054,범죄,청소년관람불가,16353.977479619765,2008,9,국내,24.432500439420153
툼레이더,장편,미국,806,4500905762,540410,1147492762,131406,액션,12세이상관람가,20069.125391854424,2018,3,해외,24.315982309727797
윗집 사람들,장편,한국,762,5217047460,540298,1351939120,136333,드라마,청소년관람불가,23267.157566371116,2025,12,국내,25.232927014351343
애프터 어스,장편,미국,484,3831856167,537920,1266901167,168880,SF,12세이상관람가,17164.98429918365,2013,5,해외,31.395002974419988
국제수사,장편,한국,1074,4496549760,537470,868003360,103185,코미디,15세이상관람가,20159.375709622123,2020,9,국내,19.19828083427912
이태원 살인사건,장편,한국,236,4023152210,537075,1232094000,156251,범죄,15세이상관람가,18050.258669084942,2009,9,국내,29.09295722198948
"귀멸의 칼날: 상현집결, 그리고 도공 마을로",장편,일본,410,6586552900,535969,1625475500,122782,애니메이션,15세이상관람가,29612.182434485796,2023,3,해외,22.908414479195624
메리와 마녀의 꽃,장편,일본,751,4064258739,535354,1100455439,137880,애니메이션,전체관람가,18293.306021449785,2017,12,해외,25.754921042898715
페르디난드,장편,미국,698,3854216500,533776,667415700,88198,애니메이션,전체관람가,17399.187439485468,2018,1,해외,16.523410569227543
미쓰 홍당무,장편,한국,290,3564401608,532324,1378528500,197039,드라마,청소년관람불가,16134.759164248462,2008,10,국내,37.01486312847063
사이코메트리,장편,한국,429,3964769129,531953,1133052129,145312,미스터리,청소년관람불가,17959.595211996602,2013,3,국내,27.316699031681367
침입자,장편,한국,1365,4806314000,531212,1029368660,110923,미스터리,15세이상관람가,21801.991517646984,2020,6,국내,20.881117143438026
이상한 나라의 수학자,장편,한국,1357,4996234520,528900,1352417450,142199,드라마,12세이상관람가,22762.56253602043,2022,3,국내,26.885800718472304
버닝,장편,한국,739,4714345098,528153,1765445398,194098,미스터리,청소년관람불가,21508.668332896144,2018,5,국내,36.75033560350883
챔프,장편,한국,288,3805721000,528149,962576500,126060,드라마,12세이상관람가,17363.304764740198,2011,9,국내,23.86826444810082
7년의 밤,장편,한국,872,3969337524,528007,1046793224,133744,스릴러,15세이상관람가,18114.66274600549,2018,3,국내,25.329967216343725
메가로돈,장편,미국,601,4510731497,527331,996870197,111268,액션,12세이상관람가,20611.783723869004,2018,8,해외,21.10021978605468
몬스터,장편,한국,527,4136202515,526282,1110307115,135839,스릴러,청소년관람불가,18938.046614158895,2014,3,국내,25.811067070505928
콰이어트 플레이스,장편,미국,677,4580889849,526073,1445057049,161329,공포(호러),15세이상관람가,20982.427900255447,2018,4,해외,30.66665652865667
3일의 휴가,장편,한국,863,4921168917,525427,1087727701,114759,판타지,12세이상관람가,22568.764746038687,2023,12,국내,21.84109305384002
설계자,장편,한국,1345,4728639867,525369,1268452150,133440,범죄,15세이상관람가,21688.20949186214,2024,5,국내,25.39929078419168
명탐정 코난: 11번째 스트라이커,장편,일본,350,3363777000,524914,657372500,97846,애니메이션,12세이상관람가,15441.551848470326,2012,7,해외,18.640386806219684
미스트,장편,미국,197,3404297000,524572,1094506500,159756,SF,15세이상관람가,15637.749062482977,2008,1,해외,30.454541988516354
원 배틀 애프터 어나더,장편,미국,618,5575024250,523211,2480671500,221893,범죄,15세이상관람가,25675.670759013046,2025,10,해외,42.40984994581536
언노운,장편,미국,186,3953681000,522794,1547034000,195647,드라마,15세이상관람가,18223.128361600742,2011,2,해외,37.423344567841255
체인질링,장편,미국,167,3581346406,522667,1592953500,224289,드라마,청소년관람불가,16510.991464744504,2009,1,해외,42.91240885688211
헬머니,장편,한국,422,4096141972,519983,799976772,98593,코미디,청소년관람불가,18981.81598105536,2015,3,국내,18.960812180398207
퍼시 잭슨과 괴물의 바다,장편,미국,409,3791349609,519584,1005494109,127666,판타지,12세이상관람가,17582.87820710693,2013,9,해외,24.570810494549487
얼라이드,장편,미국,546,4278041179,518886,1600695179,190720,스릴러,15세이상관람가,19866.662352512463,2017,1,해외,36.75566502083309
호두까기 인형과 4개의 왕국,장편,미국,294,4153747200,518272,1221527400,146274,판타지,전체관람가,19312.30974775863,2018,12,해외,28.22340392689553
장르만 로맨스,장편,한국,1194,5191579940,518269,1312337430,130682,드라마,15세이상관람가,24137.718406315817,2021,11,국내,25.21509100486427
소셜 네트워크,장편,미국,302,3803054495,517286,1960937000,251559,드라마,15세이상관람가,17715.51276264921,2010,11,해외,48.63054480500149
고스트버스터즈,장편,미국,511,4116292075,515522,1376002875,165403,액션,12세이상관람가,19240.25761138681,2016,8,해외,32.084566711023
피라냐,장편,미국,306,5756700191,515074,1906860000,162969,액션,청소년관람불가,26931.21129255448,2010,8,해외,31.639919700858517
퍼스트 어벤져,장편,미국,363,4163130500,514417,1590831500,184678,액션,12세이상관람가,19500.98802923726,2011,7,해외,35.900446524901
여배우들,장편,한국,271,3784176467,514052,1685058500,218939,드라마,12세이상관람가,17738.47297713728,2009,12,국내,42.59082738711259
애드 아스트라,장편,미국,853,4518393460,513375,1618159190,177587,SF,12세이상관람가,21208.074184246114,2019,9,해외,34.59206233260287
거울나라의 앨리스,장편,미국,515,4145733267,513202,1251835067,146759,어드벤처,12세이상관람가,19465.471131567396,2016,9,해외,28.596731891146177
발레리안: 천 개 행성의 도시,장편,프랑스,629,4047756408,511931,1318056208,157111,액션,12세이상관람가,19052.626035139856,2017,8,해외,30.689878128107107
프렌즈: 몬스터섬의비밀,장편,일본,297,3745986000,510996,815015000,100905,애니메이션,전체관람가,17664.467606706563,2011,12,해외,19.746729915694054
가려진 시간,장편,한국,884,3946462400,510878,1183297400,144193,드라마,12세이상관람가,18614.12695752651,2016,11,국내,28.224546760674762
고질라 X 콩: 뉴 엠파이어,장편,미국,995,5110301281,510292,1137796372,104617,액션,12세이상관람가,24131.24052574104,2024,3,해외,20.50139919889005
13구역: 얼티메이텀,장편,프랑스,246,3404416275,509640,991775500,140400,액션,15세이상관람가,16096.485187276066,2009,4,해외,27.548858017424067
먹고 기도하고 사랑하라,장편,미국,280,3738208724,509623,1794986000,234267,드라마,15세이상관람가,17675.28519132818,2010,9,해외,45.96868665660694
극장판 포켓몬스터 너로 정했다!,장편,일본,626,3814315500,509555,726301600,94013,애니메이션,전체관람가,18037.545871882307,2017,12,해외,18.450020115591055
빅토리,장편,한국,789,4544420767,508220,1274704857,139446,드라마,12세이상관람가,21546.596920127085,2024,8,국내,27.43811735075361
명탐정 코난: 순흑의 악몽,장편,일본,447,3754104500,507508,717455600,93719,애니메이션,12세이상관람가,17824.41841263396,2016,8,해외,18.466506931910434
스타워즈: 라이즈 오브 스카이워커,장편,미국,957,4704790210,507265,1697379020,168273,액션,12세이상관람가,22348.95740789937,2020,1,해외,33.17260209160892
남자사용설명서,장편,한국,372,3602049257,507257,1016134757,136010,코미디,15세이상관람가,17110.92555421694,2013,2,국내,26.812838462554485
셰이프 오브 워터: 사랑의 모양,장편,미국,404,4210511600,506261,2140571300,253866,어드벤처,청소년관람불가,20040.67286308317,2018,2,해외,50.14528079389879
도라에몽 : 스탠 바이 미,장편,일본,432,3681140429,503516,681756129,88689,애니메이션,전체관람가,17616.556179356405,2015,2,해외,17.61393878248159
어웨이크,장편,미국,216,3266005333,502807,1182513333,173425,스릴러,15세이상관람가,15651.91488717281,2008,3,해외,34.491365474227685
퇴마록,장편,한국,841,4764679600,502623,1629177120,165690,애니메이션,12세이상관람가,22842.479676916104,2025,2,국내,32.965065267606136
47미터 2,장편,미국,649,3846315153,501934,1102624133,130922,공포(호러),15세이상관람가,18465.035810160996,2019,8,해외,26.083508987237362
그레이트 월,장편,미국,598,4352841358,501286,1257212358,138597,판타지,12세이상관람가,20923.73287230544,2017,2,해외,27.648288601716388
나인,장편,미국,332,3790050942,499838,1684632500,214780,멜로/로맨스,15세이상관람가,18271.22562167974,2009,12,해외,42.96992225481056
노예 12년,장편,미국,326,3644201200,498004,1466423200,194506,드라마,15세이상관람가,17632.80558156837,2014,2,해외,39.05711600710035
아부의 왕,장편,한국,428,3511102500,497880,972557500,131766,코미디,15세이상관람가,16993.026335276027,2012,6,국내,26.465413352615087
"귀멸의 칼날: 인연의 기적, 그리고 합동 강화 훈련으로",장편,일본,393,5625264900,497320,1464649800,118816,애니메이션,15세이상관람가,27255.80145725668,2024,2,해외,23.89125713826108
캐치미,장편,한국,517,3387483000,492773,956243500,131932,코미디,12세이상관람가,16564.644650892435,2013,12,국내,26.773382470224625
무서운 이야기 2,옴니버스,한국,337,3375472500,492465,766405500,105175,미스터리,15세이상관람가,16516.237041614724,2013,6,국내,21.356847694760035
불량남녀,장편,한국,345,3619026909,491207,925175000,119059,코미디,15세이상관람가,17753.30312612544,2010,11,국내,24.23805035351695
스타 이즈 본,장편,미국,555,4257580060,490957,2035447500,228963,드라마,15세이상관람가,20896.39023425873,2018,10,해외,46.636059777129155
명탐정 코난: 할로윈의 신부,장편,일본,758,5119750724,490868,1292448496,117702,애니메이션,12세이상관람가,25132.517769604296,2022,7,해외,23.978340409234256
곰돌이 푸 다시 만나 행복해,장편,미국,536,4076578860,490307,1514773210,175858,어드벤처,전체관람가,20034.553025678702,2018,10,해외,35.86691603423977
동감,장편,한국,1013,4753528700,489898,1220704123,123537,멜로/로맨스,12세이상관람가,23380.960983911726,2022,11,국내,25.216881881534526
레드,장편,미국,322,3607106025,489855,1236989000,159990,액션,15세이상관람가,17743.662404156235,2010,11,해외,32.6606853048351
또 하나의 약속,장편,한국,192,3470184400,489409,895346100,117256,드라마,12세이상관람가,17085.689311970003,2014,2,국내,23.95869303588614
극장판 짱구는 못말려: 초화려! 작열하는 떡잎마을 댄서즈,장편,일본,751,4642672160,488704,833673220,83041,애니메이션,전체관람가,22891.488163234397,2025,12,해외,16.992085188580408
오펀: 천사의 비밀,장편,미국,171,3732523602,488242,1419243000,177219,공포(호러),청소년관람불가,18421.25989960637,2009,8,해외,36.297368927703886
카3: 새로운 도전,장편,미국,800,3599544501,487916,854573801,108150,애니메이션,전체관람가,17776.83291228186,2017,7,해외,22.165700653391156
침묵,장편,한국,634,3873542364,487897,1140873764,139002,드라마,15세이상관람가,19130.75305174401,2017,11,국내,28.490029657899107
더 문,장편,한국,1187,4893985038,486060,1447945116,132243,SF,12세이상관람가,24261.891600471758,2023,8,국내,27.207134921614617
릴로 & 스티치,장편,미국,1034,4573953310,485125,1426085890,143263,애니메이션,전체관람가,22719.039919533843,2025,5,해외,29.531151765009017
해어화,장편,한국,572,3763852759,485083,1147859410,143843,사극,15세이상관람가,18696.85130272949,2016,4,국내,29.653275831146424
애나벨 집으로,장편,미국,653,3993147140,481766,888643920,102947,공포(호러),15세이상관람가,19972.437451386813,2019,6,해외,21.368672758143994
계춘할망,장편,한국,526,3589317348,480987,848101748,109124,가족,15세이상관람가,17981.68654258897,2016,5,국내,22.68751546299588
소녀괴담,장편,한국,455,3546340054,480528,707926554,92017,미스터리,15세이상관람가,17783.35023241503,2014,7,국내,19.14914427463124
조선미녀삼총사,장편,한국,388,3471341321,480361,742552321,98335,코미디,12세이상관람가,17413.31598928246,2014,1,국내,20.47106238849532
친정엄마,장편,한국,276,3367901082,478822,956688000,129750,드라마,전체관람가,16948.728951418074,2010,4,국내,27.097752400683344
넛잡: 땅콩 도둑들,장편,한국,382,3280608100,478392,796865300,109813,애니메이션,전체관람가,16524.27247745812,2014,1,국내,22.9546062643188
"로봇, 소리",장편,한국,609,3519595560,476665,951166060,126118,드라마,12세이상관람가,17792.271630236133,2016,1,국내,26.458414190259404
트리플 엑스 리턴즈,장편,미국,590,3967335095,475309,1022502995,116855,액션,15세이상관람가,20112.90255898718,2017,2,해외,24.58505940346175
모비우스,장편,미국,1696,4662620390,474560,1401807670,137560,액션,15세이상관람가,23675.046054074694,2022,3,해외,28.986850977747807
변산,장편,한국,763,3886052473,474137,1063654573,126389,드라마,15세이상관람가,19749.5278002995,2018,7,국내,26.656641434859544
위험한 상견례 2,장편,한국,429,3575384754,472693,738570754,93940,멜로/로맨스,15세이상관람가,18226.17417519953,2015,4,국내,19.873363895805525
잠베지아: 신비한 나무섬의 비밀,장편,남아프리카공화국,273,3333947000,472692,658609000,87536,애니메이션,전체관람가,16995.437259178627,2012,12,해외,18.51861254262818
슈퍼 에이트,장편,미국,411,3622835500,472118,1389410500,172316,SF,12세이상관람가,18490.555531425496,2011,6,해외,36.498502493020816
카운트다운,장편,한국,341,3630557000,471547,1289489000,159087,드라마,청소년관람불가,18552.40330334395,2011,9,국내,33.73725206607189
식객2 : 김치전쟁,장편,한국,357,3298814209,471103,958627500,127932,드라마,전체관람가,16873.061519890172,2010,1,국내,27.15584490015984
명탐정 코난 : 화염의 해바라기,장편,일본,433,3294096400,470990,578757300,80798,애니메이션,전체관람가,16852.972858759185,2015,8,해외,17.15492897938385
달콤한 거짓말,장편,한국,339,3116983744,470256,898621500,134535,멜로/로맨스,12세이상관람가,15971.734975012841,2008,12,국내,28.608885373073388
리얼,장편,한국,970,3357312530,470105,1117674930,152609,액션,청소년관람불가,17208.72934949293,2017,6,국내,32.46274768402804
적인걸: 측천무후의 비밀,장편,중국,286,3399300731,468273,1072773500,140934,액션,12세이상관람가,17492.116989011072,2010,10,해외,30.096546245459376
페이스메이커,장편,한국,412,3443753000,467697,1074184000,139734,드라마,12세이상관람가,17742.683831626033,2012,1,국내,29.877035773160827
글래스,장편,미국,837,4277452982,466475,1422916782,148074,드라마,15세이상관람가,22095.751367762707,2019,1,해외,31.743180234739267
카 2,장편,미국,379,3681142000,465607,1175354000,135474,애니메이션,전체관람가,19050.876998728516,2011,7,해외,29.096212041485632
너의 췌장을 먹고 싶어,장편,일본,218,3705621800,465495,1048442800,128547,드라마,12세이상관람가,19182.180596196536,2017,10,해외,27.615119389037474
순수의 시대,장편,한국,546,3702353828,465492,1047948228,125716,사극,청소년관람불가,19165.387429432096,2015,3,국내,27.007123645519147
생텀,장편,미국,323,4825063000,464607,1576162500,141082,어드벤처,15세이상관람가,25024.715149202017,2011,2,해외,30.36587911934172
퍼블릭 에너미,장편,미국,292,3424720129,464076,1465109000,189334,범죄,15세이상관람가,17782.29785690483,2009,8,해외,40.79805893862212
파르나서스 박사의 상상극장,장편,미국,305,3364788919,462999,1273681500,167104,판타지,12세이상관람가,17511.755113993975,2009,12,해외,36.091654625603944
락아웃: 익스트림미션,장편,미국,374,3373780000,462176,953106500,123921,SF,15세이상관람가,17589.815051940783,2012,6,해외,26.81251298206744
언스토퍼블,장편,미국,309,3325136489,459535,1046015000,136364,액션,12세이상관람가,17435.836404033886,2010,11,해외,29.67434471803018
라이프,장편,미국,647,3786712210,459421,1188643810,139729,SF,15세이상관람가,19861.10285541967,2017,4,해외,30.414151725759165
동네사람들,장편,한국,731,3797676112,459020,709340562,82070,액션,15세이상관람가,19936.00883600631,2018,11,국내,17.879395233323166
세 얼간이,장편,인도,232,3352570500,458988,1491279000,195629,코미디,12세이상관람가,17600.641264107384,2011,8,해외,42.621811463480526
늑대사냥,장편,한국,1226,4769650393,458720,1122268787,108341,액션,청소년관람불가,25054.790454108028,2022,9,국내,23.618111266131844
더 리더: 책 읽어주는 남자,장편,미국,242,2980253983,457343,1364979500,199562,드라마,청소년관람불가,15702.295429896556,2009,3,해외,43.63508351499859
소년들,장편,한국,1042,4303729586,452858,863053636,88316,드라마,15세이상관람가,22899.9658554103,2023,11,국내,19.501918923812763
노브레싱,장편,한국,584,2991824739,451669,802364239,113253,드라마,15세이상관람가,15961.281908995785,2013,10,국내,25.074335409337365
원더풀 고스트,장편,한국,351,3720931600,450374,783246100,92593,코미디,12세이상관람가,19908.1213412938,2018,9,국내,20.559135296442513
스파이 지니어스,장편,미국,712,3689131180,449876,987127600,112433,애니메이션,전체관람가,19759.828759239364,2020,1,해외,24.99199779494794
클라우드 아틀라스,장편,미국,382,3383430227,449071,1351448227,173379,SF,청소년관람불가,18154.910739018836,2013,1,해외,38.60837150472865
히든 피겨스,장편,미국,448,3576079033,448923,1591867433,194719,드라마,12세이상관람가,19194.95751129564,2017,3,해외,43.37469900183328
명탐정 코난:진홍의 연가,장편,일본,582,3255598200,448381,770592800,102460,애니메이션,12세이상관람가,17495.868334650746,2017,8,해외,22.851102076136144
대한민국 1%,장편,한국,287,2280762516,447569,545735500,111248,드라마,12세이상관람가,12279.253682820448,2010,5,국내,24.85605571431444
뽀로로 극장판 드래곤캐슬 대모험,장편,한국,748,4189380075,447357,616513176,62640,애니메이션,전체관람가,22565.628227540758,2022,7,국내,14.002239821887215
미션 파서블,장편,한국,930,4064099600,447048,724519180,80615,코미디,15세이상관람가,21905.94988533077,2021,2,국내,18.032739213686227
빅쇼트,장편,미국,489,3622268707,446664,1786531309,215870,드라마,청소년관람불가,19541.217403060204,2016,1,해외,48.329393011301555
파라노말 액티비티,장편,미국,187,3265135449,446510,1234133000,159569,공포(호러),12세이상관람가,17620.649621846325,2010,1,해외,35.736937582584936
반드시 잡는다,장편,한국,565,3324033772,446379,794998472,102380,스릴러,15세이상관람가,17943.7651245469,2017,11,국내,22.935666776438858
뽀로로 극장판 컴퓨터 왕국 대모험,장편,한국,544,3290582700,445014,659878500,84092,애니메이션,전체관람가,17817.675263607518,2015,12,국내,18.896484155554656
헌츠맨: 윈터스 워,장편,미국,557,3544262706,445009,988467906,118684,액션,12세이상관람가,19191.504132839116,2016,4,해외,26.670022404041266
익스펜더블 2,장편,미국,393,3206144228,444045,794739189,105302,액션,15세이상관람가,17398.34643373684,2012,9,해외,23.71426319404565
밀레니엄 : 여자를 증오한 남자들,장편,미국,321,3504509000,443889,1671193500,205218,스릴러,청소년관람불가,19024.12540071955,2012,1,해외,46.23182822732711
오감도,옴니버스,한국,302,3107441952,443462,1080324500,144583,드라마,청소년관람불가,16884.900921680146,2009,7,국내,32.60324447190514
특송,장편,한국,996,4172193200,443177,941899070,104032,범죄,15세이상관람가,22685.0165743291,2022,1,국내,23.474142385547985
"울지마, 톤즈",장편,한국,22,2529614776,441707,1084744000,174478,다큐멘터리,전체관람가,13799.775171247604,2010,9,국내,39.50084558315807
작은 영웅 데스페로,장편,미국,180,2549164359,441525,591203500,96337,애니메이션,전체관람가,13912.156096442848,2009,2,해외,21.819149538531228
10억,장편,한국,252,3142668973,438833,919393500,120650,스릴러,15세이상관람가,17256.44224678164,2009,8,국내,27.493374472749316
악마가 이사왔다,장편,한국,974,4136550810,437666,1024268580,101991,미스터리,12세이상관람가,22774.426876323527,2025,8,국내,23.303386600741206
워리어스 웨이,장편,미국,441,3134328730,437101,883586000,117792,액션,15세이상관람가,17278.842531583297,2010,12,해외,26.948462712279316
감쪽같은 그녀,장편,한국,761,3377895790,436257,658294480,83166,드라마,전체관람가,18657.598451625636,2019,12,국내,19.06353365103597
아기와 나,장편,한국,217,2667055000,435551,539965500,84298,드라마,12세이상관람가,14755.191824187908,2008,8,국내,19.354335083606742
시즌 오브 더 위치: 마녀 호송단,장편,미국,218,3277434500,435201,936385500,118501,어드벤처,15세이상관람가,18146.632315000385,2011,1,해외,27.229027506830178
원라인,장편,한국,613,3310122433,433825,807184333,101624,범죄,15세이상관람가,18385.75147521452,2017,3,국내,23.425113813173514
신비아파트 극장판 차원도깨비와 7개의 세계,장편,한국,665,4126165171,431892,577146904,58410,애니메이션,전체관람가,23020.955880424815,2022,12,국내,13.524214386930067
이웃사촌,장편,한국,1363,3709121750,431559,776669000,91435,드라마,12세이상관람가,20710.129486546077,2020,11,국내,21.1871377957591
마법에 걸린 사랑,장편,미국,247,2747631000,431376,1215109000,181961,멜로/로맨스,전체관람가,15348.089811119407,2008,1,해외,42.181530729572344
"협녀, 칼의 기억",장편,한국,572,3360045489,431310,999537689,123013,사극,15세이상관람가,18771.86977862064,2015,8,국내,28.520785513899515
그린 북,장편,미국,398,3603268560,429733,1945643390,229903,드라마,12세이상관람가,20204.580154127085,2019,1,해외,53.499033120565564
터닝메카드W: 블랙미러의 부활,장편,한국,570,3213263000,429569,676764500,86626,애니메이션,전체관람가,18024.583733087245,2017,1,국내,20.16579408663102
창수,장편,한국,415,3146542000,429141,740934000,96526,드라마,청소년관람불가,17667.920137350313,2013,11,국내,22.492840348510164
랭고,장편,미국,314,3039396000,428896,1022909000,135829,애니메이션,전체관람가,17076.04123874443,2011,3,해외,31.669449003954337
오피스,장편,한국,425,3354086230,428429,801709530,97876,스릴러,15세이상관람가,18864.585483186023,2015,9,국내,22.84532559653992
모비딕,장편,한국,377,3246572000,428139,1086129500,135442,스릴러,15세이상관람가,18272.25517937157,2011,6,국내,31.63505310191316
장난스런 키스,장편,대만,532,3501463050,428009,955732990,112053,멜로/로맨스,12세이상관람가,19712.81062184623,2019,3,해외,26.180056961419034
스머프: 비밀의 숲,장편,미국,607,3122661000,427764,633690100,83429,애니메이션,전체관람가,17590.270189518982,2017,4,해외,19.503511281921806
두 개의 달,장편,한국,347,2944786748,425972,605667102,83100,공포(호러),15세이상관람가,16658.07067583717,2012,7,국내,19.508324490811603
나를 잊지 말아요,장편,한국,559,3398915000,425799,980935100,117670,멜로/로맨스,15세이상관람가,19234.795352985857,2016,1,국내,27.635104826455674
드래곤볼 에볼루션,장편,미국,278,2695732696,425571,629870000,93670,액션,전체관람가,15263.590414160219,2009,3,해외,22.010428342156775
타겟,장편,한국,986,4003424694,424916,887077277,92021,스릴러,15세이상관람가,22702.85536804043,2023,8,국내,21.656280300106374
다이버전트,장편,미국,511,3297709011,424041,1056211911,129527,SF,15세이상관람가,18739.430322761185,2014,4,해외,30.545867027009184
티끌모아 로맨스,장편,한국,294,2942253500,424002,755646500,101133,멜로/로맨스,15세이상관람가,16721.070820136505,2011,11,국내,23.85201013202768
신이 보낸 사람,장편,한국,285,3059228600,423026,823931500,111391,드라마,15세이상관람가,17425.962424822334,2014,2,국내,26.33195122758412
보고타: 마지막 기회의 땅,장편,한국,1029,3899557760,422366,1009340700,106928,범죄,15세이상관람가,22247.351166740616,2024,12,국내,25.31643172035628
기다리다 미쳐,장편,한국,239,2725342667,422363,724091167,105705,멜로/로맨스,15세이상관람가,15548.451838478803,2008,1,국내,25.027050191423015
컨저링: 마지막 의식,장편,미국,917,4433064090,420647,1115700220,100202,공포(호러),15세이상관람가,25394.40943256059,2025,9,해외,23.820923482159625
더 수어사이드 스쿼드,장편,미국,1066,4382670930,418281,1356592110,126091,액션,청소년관람불가,25247.746953300517,2021,8,해외,30.145046033647237
온워드: 단 하루의 기적,장편,미국,1138,3581335060,416739,1108737520,122318,애니메이션,전체관람가,20707.740423009556,2020,6,해외,29.351224627404683
니 부모 얼굴이 보고 싶다,장편,한국,1008,3948625280,416374,913708940,98153,드라마,15세이상관람가,22851.474181489175,2022,4,국내,23.573277870376153
흥부: 글로 세상을 바꾼 자,장편,한국,627,3381050200,416303,886785300,107570,사극,12세이상관람가,19570.142217717985,2018,2,국내,25.83935258693788
놉,장편,미국,1031,4709541135,415969,1994749630,168031,미스터리,12세이상관람가,27281.580818681836,2022,8,해외,40.3950775177958
서치 2,장편,미국,868,4084323024,414598,1477904423,148045,미스터리,12세이상관람가,23738.03594447157,2023,2,해외,35.70808349292568
늑대소년-확장판,장편,한국,278,2868302500,414083,767129500,105940,멜로/로맨스,15세이상관람가,16691.272737969506,2012,12,국내,25.584242772584243
해피 데스데이 2 유,장편,미국,657,3437809200,412850,942294620,110636,공포(호러),15세이상관람가,20065.102556283022,2019,2,해외,26.798110693956644
킹 아서: 제왕의 검,장편,영국,588,3348220655,412843,953887855,113292,판타지,12세이상관람가,19542.541785408142,2017,5,해외,27.441908909682372
리멤버,장편,한국,1189,3970165717,412836,1037751573,104904,드라마,15세이상관람가,23173.03815150145,2022,10,국내,25.410574659186697
짱구,장편,한국,878,4012419740,411178,514061220,52545,드라마,15세이상관람가,23514.10168152192,2026,4,국내,12.77913701608549
주온 : 끝의 시작,장편,일본,394,3071127231,410644,695266031,88552,공포(호러),15세이상관람가,18021.221741271984,2014,7,해외,21.564177243549157
극장판 공룡메카드: 타이니소어의 섬,장편,한국,763,3140214420,410131,535720640,66881,애니메이션,전체관람가,18449.67031250932,2019,1,국내,16.307228665962825
러빙 빈센트,장편,영국,272,3252392261,408322,1739794961,212631,애니메이션,15세이상관람가,19193.405659117485,2017,11,해외,52.07434328789534
넛잡 2,장편,한국,526,3038945100,407727,513530500,66475,애니메이션,전체관람가,17959.956728665096,2017,10,국내,16.303801318038786
트롤: 밴드 투게더,장편,미국,845,3756959485,407589,822397119,86129,애니메이션,전체관람가,22210.889944740284,2023,12,해외,21.131335732809276
니코: 산타비행단의 모험,장편,핀란드,306,2786834000,407264,630429500,88120,애니메이션,전체관람가,16488.721445063667,2012,12,해외,21.637070794374168
나의 소녀시대,장편,대만,176,3292020500,406284,1109174800,134427,멜로/로맨스,15세이상관람가,19524.715514448733,2016,5,해외,33.086953953392204
섹스 앤 더 시티 2,장편,미국,238,3074026799,405580,1683672000,214021,드라마,청소년관람불가,18263.45848307674,2010,6,해외,52.76912076532373
좋은 친구들,장편,한국,371,3201527031,404456,869573831,104800,범죄,청소년관람불가,19073.825005105773,2014,7,국내,25.911347587871113
소리도 없이,장편,한국,1084,3558023900,403326,843075990,93396,범죄,15세이상관람가,21257.125913690317,2020,10,국내,23.156454084289134
인시디어스: 빨간 문,장편,미국,758,4096944506,401656,935224355,89193,공포(호러),15세이상관람가,24578.633049536365,2023,7,해외,22.206315852371183
아메리칸 메이드,장편,미국,691,3175539145,401541,932267045,114257,범죄,15세이상관람가,19056.339338241592,2017,9,해외,28.454628543536025
아스트로 보이-아톰의 귀환,장편,미국,285,2640270821,401477,642250500,91867,애니메이션,전체관람가,15846.731852274033,2010,1,해외,22.882257265048807
버즈 오브 프레이(할리 퀸의 황홀한 해방),장편,미국,963,3548999190,401411,1138747780,122787,액션,15세이상관람가,21304.362055619888,2020,2,해외,30.58884783924706
싱글 인 서울,장편,한국,917,3748567012,400651,1359848882,139476,멜로/로맨스,12세이상관람가,22545.036940331418,2023,11,국내,34.81234291191087
닌자터틀,장편,미국,479,3321120147,400329,1078017647,120563,액션,12세이상관람가,19990.305846934873,2014,8,해외,30.11597960677343
배드 가이즈 2,장편,미국,769,3607682190,399886,695486560,71947,애니메이션,전체관람가,21739.22091892575,2025,7,해외,17.991877685140263
판타스틱 4,장편,미국,451,3029310600,399667,820859100,103173,액션,12세이상관람가,18264.063869315785,2015,8,해외,25.814740771692435
스위치,장편,한국,912,3793820810,399162,977792939,103811,기타,12세이상관람가,22902.322594751666,2023,1,국내,26.00723515765529
비와 당신의 이야기,장편,한국,957,3634766350,398580,1147542800,128739,드라마,전체관람가,21974.191210121233,2021,4,국내,32.29941291585127
익스펜더블,장편,미국,256,3025538174,398097,986171000,123723,스릴러,청소년관람불가,18313.258907566,2010,8,해외,31.078606470282367
뜨거운 피,장편,한국,1279,3782750970,398090,882288910,95533,범죄,15세이상관람가,22896.989570984584,2022,3,국내,23.997839684493457
사랑이 무서워,장편,한국,290,2992783000,397923,706539500,88089,코미디,15세이상관람가,18122.916496922317,2011,3,국내,22.13719739748645
몬스터 패밀리,장편,독일,617,2941183700,397633,545562900,69798,애니메이션,전체관람가,17823.444328197653,2017,12,해외,17.553372079279132
명탐정 코난 : 이차원의 저격수,장편,일본,299,2757396000,397381,596923300,83779,애니메이션,12세이상관람가,16720.29541131401,2014,8,해외,21.08278956467471
카운트,장편,한국,946,3772828091,397303,821482315,86921,드라마,12세이상관람가,22882.16305063396,2023,2,국내,21.877760802208893
뽀로로 극장판 바닷속 대모험,장편,한국,791,3372780820,397084,412157540,45632,애니메이션,전체관람가,20467.162360596703,2025,1,국내,11.491775040041906
집행자,장편,한국,264,2961477652,395865,828353500,105438,드라마,청소년관람불가,18026.576554408304,2009,11,국내,26.634837634041908
명탐정 코난 : 제로의 집행인,장편,일본,542,3007522361,395408,701649561,88325,애니메이션,12세이상관람가,18328.010140753195,2018,8,해외,22.33768664265771
헬보이 2 : 골든 아미,장편,미국,279,2522851500,391513,706767500,102531,SF,12세이상관람가,15527.352197663566,2008,9,해외,26.18840242852728
멋진 하루,장편,한국,299,2554838451,390741,1174680667,168110,드라마,12세이상관람가,15755.288621683678,2008,9,국내,43.023383775953896
배드 가이즈,장편,미국,844,3680403970,390455,788761100,81590,애니메이션,전체관람가,22713.09959202679,2022,5,해외,20.89613399751572
명탐정 코난 : 수평선상의 음모,장편,일본,316,2460173000,389253,417563500,63735,애니메이션,12세이상관람가,15229.49780950532,2013,8,해외,16.373669567093895
피터 래빗,장편,미국,599,3006258100,388300,598557400,74077,애니메이션,전체관람가,18655.66680836144,2018,5,해외,19.077259850630956
론 레인저,장편,미국,401,2750149500,387527,981855500,134579,액션,15세이상관람가,17100.398849783993,2013,7,해외,34.72764478346025
뽀로로 극장판 슈퍼스타 대모험,장편,한국,850,3532753203,387485,451402165,46970,애니메이션,전체관람가,21969.000917408233,2023,12,국내,12.121759551982656
내 심장을 쏴라,장편,한국,452,2856859132,387409,602511932,79237,드라마,15세이상관람가,17769.328818983904,2015,1,국내,20.453061235025515
제미니 맨,장편,미국,845,3295969230,387342,956421180,107352,액션,12세이상관람가,20504.088196272238,2019,10,해외,27.71504252056322
나의 독재자,장편,한국,654,2906692546,385934,882787046,111369,드라마,15세이상관람가,18148.383983003274,2014,10,국내,28.85700663844077
명장,장편,중국,236,2559950500,385841,819307000,116731,액션,청소년관람불가,15987.298969489368,2008,1,해외,30.253653707096966
에브리씽 에브리웨어 올 앳 원스,장편,미국,620,4089186749,385696,2437878780,225464,액션,15세이상관람가,25547.223838938266,2022,10,해외,58.45640089604248
천재 강아지 미스터 피바디,장편,미국,533,2859791400,385552,752045900,96612,애니메이션,전체관람가,17873.240482367702,2014,4,해외,25.058098518487775
서복,장편,한국,1382,3627302450,385284,988210650,104995,드라마,15세이상관람가,22685.831312292496,2021,4,국내,27.251326294369864
킬러의 보디가드 2,장편,미국,975,3769396180,384997,1198626740,121534,액션,청소년관람불가,23592.086071958438,2021,6,해외,31.567518707937985
언더 워터,장편,미국,518,3111772391,384789,722677691,87120,공포(호러),15세이상관람가,19486.645214133474,2016,7,해외,22.640979861690433
크로니클,장편,미국,324,2881024000,383862,945721500,120118,액션,15세이상관람가,18085.214233302846,2012,3,해외,31.291974720081694
보통사람,장편,한국,621,2956397623,383336,736134723,92067,드라마,15세이상관람가,18583.826444622744,2017,3,국내,24.0173111839222
소수의견,장편,한국,398,2891431205,383332,998799305,128825,드라마,15세이상관람가,18175.639154658977,2015,6,국내,33.606638631786545
눈동자,장편,한국,955,3868237250,383037,893908740,86458,스릴러,15세이상관람가,24334.603744436783,2026,6,국내,22.571709782605858
트론: 새로운 시작,장편,미국,379,4258700247,382607,1878516000,161218,SF,12세이상관람가,26821.067847750033,2010,12,해외,42.13670946950788
내 이름은 칸,장편,인도,84,2820922500,381243,1210673500,157628,드라마,12세이상관람가,17829.582745015206,2011,3,해외,41.345808316480564
대장 김창수,장편,한국,748,2871905115,380581,740794715,93920,드라마,12세이상관람가,18183.39141774452,2017,10,국내,24.678058021814017
늘봄가든,장편,한국,875,3664813577,380376,527061402,53834,공포(호러),15세이상관람가,23216.175808033702,2024,8,국내,14.152838244263572
스토커,장편,미국,329,2828301674,378729,1259351674,163582,드라마,청소년관람불가,17994.8848824001,2013,2,해외,43.192361820721416
공자 춘추전국시대,장편,중국,243,2819298799,377801,811821000,103188,드라마,12세이상관람가,17981.665167449824,2010,2,해외,27.31279165486592
프롬 파리 위드 러브,장편,프랑스,300,2850441248,375573,944127500,118230,액션,청소년관람불가,18288.144056444005,2010,3,해외,31.47989871476384
컨트롤러,장편,미국,371,2862234500,373344,1181928000,147607,스릴러,12세이상관람가,18473.4470151111,2011,3,해외,39.53645967258078
루카,장편,미국,856,3393832110,371572,944322160,98079,애니메이션,전체관람가,22008.94765696872,2021,6,해외,26.39569181746741
극장판 주술회전: 시부야사변 X 사멸회유,장편,일본,756,3726492870,367726,1037923140,96219,애니메이션,15세이상관람가,24418.999177556838,2025,12,해외,26.165949647291733
눈의 여왕 3: 눈과 불의 마법대결,장편,러시아,526,2694247700,366442,433186900,54862,애니메이션,전체관람가,17716.754991322287,2017,1,해외,14.9715371054628
극장판 포켓 몬스터 DP 「환영의 패왕 조로아크」,장편,일본,140,2557477869,366277,768747000,107618,애니메이션,전체관람가,16824.96382437007,2010,12,해외,29.38158825151456
문프린세스 : 문에이커의 비밀,장편,영국,262,2260376662,365525,634983000,97231,어드벤처,전체관람가,14901.007459974637,2009,2,해외,26.600369331783053
살인자 리포트,장편,한국,771,3648247360,365400,1081688490,105037,드라마,청소년관람불가,24058.449627739203,2025,9,국내,28.74575807334428
그레이의 50가지 그림자,장편,미국,512,2918598796,364415,1201564996,145292,드라마,청소년관람불가,19298.788971728743,2015,2,해외,39.869928515566045
파라노말 액티비티 2,장편,미국,177,2616761211,364251,843504500,111915,공포(호러),12세이상관람가,17310.72447626724,2010,10,해외,30.724692588352536
레드 라이딩 후드,장편,미국,249,2728562500,362572,1032181500,131108,드라마,15세이상관람가,18133.913809092708,2011,3,해외,36.160541906159324
가필드 더 무비,장편,미국,873,3184542165,362396,741943431,82016,애니메이션,전체관람가,21174.614450251254,2024,5,해외,22.63159637523593
28년 후,장편,미국,939,3250361960,362321,1005040460,109066,공포(호러),청소년관람불가,21616.736247625457,2025,6,해외,30.102036591861914
소풍,장편,한국,729,3192556943,362285,785986416,88555,드라마,12세이상관람가,21234.410191936026,2024,2,국내,24.443463019446014
트랜스포머 ONE,장편,미국,1060,3368873455,360891,834187480,83254,애니메이션,전체관람가,22493.681919044207,2024,9,해외,23.069015298247947
상견니,장편,대만,699,3608720638,360873,1245753581,121055,드라마,15세이상관람가,24096.323029771946,2023,1,해외,33.54504216164689
더 넌 2,장편,미국,720,3754295273,360743,894025164,83753,공포(호러),15세이상관람가,25077.394803876832,2023,9,해외,23.216805315695662
펠햄 123,장편,미국,241,2415075136,360661,1023511000,145905,액션,15세이상관람가,16135.534917931645,2009,6,해외,40.45488699914878
홈,장편,미국,532,2692225691,360556,649663691,83379,애니메이션,전체관람가,17992.463921517734,2015,5,해외,23.125117873506472
블라인드 사이드,장편,미국,132,2643699147,359899,1313335000,172111,드라마,12세이상관람가,17700.408699000123,2010,4,해외,47.82202784670144
극장판 포켓몬스터 베스트 위시「비크티니와 백의 영웅 레시라무」,장편,일본,237,2382820000,359663,510216500,73338,애니메이션,전체관람가,15964.207994036185,2011,12,해외,20.390754678685326
고질라: 킹 오브 몬스터,장편,미국,923,3085036318,359041,869712348,88798,액션,12세이상관람가,20704.661732259126,2019,5,해외,24.731994396183165
크리스마스 캐롤,장편,미국,173,2703851150,358286,1267721000,152012,애니메이션,전체관람가,18184.6457185143,2009,11,해외,42.42755787276087
데스노트 L: 새로운 시작,장편,일본,243,2174665500,358046,546124000,84691,스릴러,15세이상관람가,14635.431847654494,2008,2,해외,23.653664612926832
도그데이즈,장편,한국,847,3478441608,357393,838519314,82519,드라마,12세이상관람가,23452.57743500549,2024,2,국내,23.089148360488316
클로버필드 10번지,장편,미국,575,2922834655,356976,1056740255,124309,미스터리,15세이상관람가,19729.547847163834,2016,4,해외,34.822789207117566
경성학교: 사라진 소녀들,장편,한국,489,2749027700,356342,726924400,90270,미스터리,15세이상관람가,18589.341510487455,2015,6,국내,25.332405385837202
탄생,장편,한국,670,3188993816,356177,862608382,95200,드라마,12세이상관람가,21574.448794258955,2022,11,국내,26.728283971171635
어쌔신 크리드,장편,미국,566,2899784921,355913,763791621,90313,액션,15세이상관람가,19632.420126767815,2017,1,해외,25.375021423774914
플립,장편,미국,249,2818791900,354601,1025482700,123030,드라마,12세이상관람가,19154.682695633168,2017,7,해외,34.69533362850076
극장판 짱구는 못말려: 아뵤! 쿵후 보이즈 ~라면 대란~,장편,일본,489,2735399650,353012,383636800,47840,애니메이션,전체관람가,18671.672514904098,2018,12,해외,13.551947242586653
석조저택 살인사건,장편,한국,539,2815742886,351830,765636486,92471,스릴러,15세이상관람가,19284.66195852392,2017,5,국내,26.282863883125373
커플즈,장편,한국,387,2646578500,351779,891317000,112135,멜로/로맨스,15세이상관람가,18128.70464229373,2011,11,국내,31.876547491464812
미드나잇 인 파리,장편,미국,189,2607349898,351555,1708472362,224023,코미디,15세이상관람가,17871.37386341886,2012,7,해외,63.72345721153162
싱글라이더,장편,한국,576,2685519021,351276,945782821,119087,드라마,15세이상관람가,18421.782789272074,2017,2,국내,33.90126282467348
오! 문희,장편,한국,1110,2798758600,351162,591354210,73973,코미디,12세이상관람가,19204.801847882245,2020,9,국내,21.06520637198786
그녀,장편,미국,168,2861230000,351091,1876008600,227358,드라마,"청소년관람불가,15세이상관람가",19637.444766405086,2014,5,해외,64.7575699747359
오즈 그레이트 앤드 파워풀,장편,미국,425,2886185000,350563,1059535000,117879,판타지,전체관람가,19838.55298648862,2013,3,해외,33.62562506596532
해프닝,장편,미국,244,2366614500,348772,892238000,124918,SF,청소년관람불가,16350.755055361884,2008,6,해외,35.81652196850665
7호실,장편,한국,629,2677284639,347790,784052239,98086,코미디,15세이상관람가,18549.37832239854,2017,11,국내,28.202651025043846
치외법권,장편,한국,446,2664941005,346483,586388005,72126,액션,15세이상관람가,18533.505512136082,2015,8,국내,20.8166057209156
대가족,장편,한국,939,3026116800,346477,844203020,94763,드라마,12세이상관람가,21045.690510029162,2024,12,국내,27.35044461825749
짱구는 못말려 극장판 : 초시공! 태풍을 부르는 나의 신부,장편,일본,306,2319696500,346441,490556000,70279,애니메이션,전체관람가,16134.435937091534,2011,5,해외,20.285993863312946
덤보,장편,미국,797,2775096512,345521,907932642,105909,가족,전체관람가,19353.32308886566,2019,3,해외,30.651971949606537
링컨: 뱀파이어 헌터,장편,미국,337,2750911500,344876,921542500,108920,액션,청소년관람불가,19220.53842435703,2012,8,해외,31.58236583583665
아메리칸 스나이퍼,장편,미국,308,2800001438,344766,1052863738,126890,액션,청소년관람불가,19569.770269885867,2015,1,해외,36.804673314653996
버즈 라이트이어,장편,미국,844,3509742460,344438,1212959250,110800,애니메이션,전체관람가,24553.65188216153,2022,6,해외,32.168343794819386
포켓 몬스터 DP: 아르세우스 초극의 시공으로,장편,일본,79,2276651793,343268,554339500,81699,애니메이션,전체관람가,15981.413749431229,2009,12,해외,23.80035424216647
수퍼 소닉3,장편,미국,882,3132491470,343180,648702100,67328,애니메이션,전체관람가,21994.790538106736,2025,1,해외,19.618858907861764
인투 더 월드,장편,미국,839,3116694916,342623,604756892,63257,애니메이션,전체관람가,21919.45150011909,2024,1,해외,18.462566727861233
자산어보,장편,한국,1250,3006620490,340574,939559950,106182,사극,12세이상관람가,21272.524181535908,2021,3,국내,31.177365271570935
하이힐,장편,한국,385,2735972500,339844,789047000,94895,범죄,청소년관람불가,19399.209105581114,2014,6,국내,27.923105895646238
"신비아파트 10주년 극장판: 한 번 더, 소환",장편,한국,868,3049157500,339756,412780880,43110,애니메이션,전체관람가,21625.42374492141,2026,1,국내,12.688517642072547
음치 클리닉,장편,한국,360,2248238000,338168,629586000,93656,멜로/로맨스,12세이상관람가,16019.969257456121,2012,11,국내,27.69511012277921
맨발의 꿈,장편,한국,333,2413427097,338080,739154500,99528,드라마,전체관람가,17201.511419554223,2010,6,국내,29.439185991481303
허스토리,장편,한국,696,2521025949,336822,774252049,101169,드라마,12세이상관람가,18035.524172683396,2018,6,국내,30.03633966902399
바스터즈: 거친 녀석들,장편,미국,257,2547650425,336312,1091164000,138504,액션,청소년관람불가,18253.635572762756,2009,10,해외,41.18318704060515
브링 더 소울 : 더 무비,장편,한국,569,2902500310,336074,952482010,102179,기타,전체관람가,20810.823362123847,2019,8,국내,30.40372060915156
패딩턴 2,장편,프랑스,629,2527056200,335906,707057900,89520,코미디,전체관람가,18127.964514455743,2018,2,해외,26.650312885152395
늑대아이,장편,일본,226,2310113761,335706,840777713,117691,애니메이션,전체관람가,16581.58979324924,2012,9,해외,35.05775887234664
내 사랑,장편,아일랜드,233,2442554625,334423,1183125825,158596,드라마,12세이상관람가,17599.488657122038,2017,7,해외,47.42377169034426
미나문방구,장편,한국,385,2247017000,334323,569411500,81804,드라마,전체관람가,16195.412206700476,2013,5,국내,24.468552866539245
그대가 조국,장편,한국,601,3109424870,333541,1257987080,132045,다큐멘터리,12세이상관람가,22463.77521262085,2022,5,국내,39.588836155075384
극장판 짱구는 못말려 : 습격!! 외계인 덩덩이,장편,일본,547,2417712700,333082,369416200,47946,애니메이션,전체관람가,17490.629139190227,2017,7,해외,14.394653568790869
내일의 기억,장편,한국,957,3026073660,332993,704155150,78912,미스터리,15세이상관람가,21897.58871518664,2021,4,국내,23.697795449153585
남영동1985,장편,한국,310,2358629601,332619,806220589,110659,드라마,15세이상관람가,17086.951802773583,2012,11,국내,33.268995457264914
에베레스트,장편,미국,331,3055119748,332180,1071862248,107240,어드벤처,12세이상관람가,22161.8831131619,2015,9,해외,32.283701607562165
위자: 저주의 시작,장편,미국,467,2637517406,331877,558041806,67022,공포(호러),12세이상관람가,19150.057487911676,2016,11,해외,20.19483121758965
무서운 이야기,옴니버스,한국,274,2452368566,331760,677799507,87835,공포(호러),청소년관람불가,17812.038358401052,2012,7,국내,26.475464190981434
콘클라베,장편,미국,630,3158439400,331169,1592706220,163641,드라마,12세이상관람가,22981.30969202308,2025,3,해외,49.41313951487005
극장판 요괴워치: 염라대왕과 5개의 이야기다냥!,장편,일본,403,2466913080,330665,441346600,56343,애니메이션,전체관람가,17977.012588178004,2016,7,해외,17.039299593243918
킬러스,장편,미국,280,2428979292,329086,914463000,117566,액션,15세이상관람가,17785.50940908331,2010,9,해외,35.72500805260631
선 오브 갓,장편,미국,419,2392109800,329029,797747600,105184,드라마,12세이상관람가,17518.57738983494,2014,4,해외,31.968002820420082
프로포즈,장편,미국,174,2481694139,328767,1205331500,153321,멜로/로맨스,15세이상관람가,18189.130530462102,2009,9,해외,46.63515498818312
링컨 차를 타는 변호사,장편,미국,241,2443603500,327612,1119703000,143907,범죄,15세이상관람가,17973.09379637888,2011,6,해외,43.92604666495733
잭 라이언 : 코드네임 쉐도우,장편,미국,419,2395409500,327591,702109000,91949,액션,12세이상관람가,17619.748663233575,2014,1,해외,28.06823142271918
미드나잇 선,장편,미국,472,2679300500,326086,960276400,114250,멜로/로맨스,12세이상관람가,19798.90514506152,2018,6,해외,35.036769441190366
그린랜드,장편,미국,779,2777724520,325869,679646010,79147,액션,12세이상관람가,20539.88595535489,2020,9,해외,24.28798075300197
스폰지밥 3D,장편,미국,357,2458946200,325016,512218000,65131,애니메이션,전체관람가,18230.399630372227,2015,2,해외,20.039321141113053
사랑하기 때문에,장편,한국,542,2538169440,324420,516573040,63326,코미디,12세이상관람가,18852.323962021568,2017,1,국내,19.51975833795697
희생부활자,장편,한국,781,2515479835,323628,524639435,64620,미스터리,15세이상관람가,18729.520291109187,2017,10,국내,19.967369943268196
헬보이,장편,미국,726,2776406321,323098,767125181,86763,액션,청소년관람불가,20706.212088137385,2019,4,해외,26.853462416975653
정승필 실종사건,장편,한국,238,2321588076,322459,552275500,72009,코미디,15세이상관람가,17348.52534722169,2009,10,국내,22.3312110997057
아담스 패밀리,장편,미국,802,2565386140,321726,547729100,64971,애니메이션,전체관람가,19214.031036961856,2019,11,해외,20.194513343652673
옥자,장편,미국,111,2432883900,321550,1394437900,168121,어드벤처,12세이상관람가,18231.599575100277,2017,6,해외,52.28455916653708
라야와 마지막 드래곤,장편,미국,1056,2969004390,321484,817976580,83848,애니메이션,전체관람가,22253.75896089116,2021,3,해외,26.08154682659168
블레이드 러너 2049,장편,미국,664,2760845365,321018,1162877565,128723,SF,15세이상관람가,20723.571369004043,2017,10,해외,40.09837454597561
어글리 트루스,장편,미국,185,2471953101,320997,1367788000,171620,코미디,청소년관람불가,18556.29023444313,2009,9,해외,53.464674124680286
"극장판 포켓몬스터 베스트위시: 신의 속도 게노세크트, 뮤츠의 각성",장편,일본,406,2080468500,320409,450597500,66391,애니메이션,전체관람가,15646.180689162087,2014,1,해외,20.72070385039122
아기배달부 스토크,장편,미국,538,2415830200,320353,465509400,57099,애니메이션,전체관람가,18171.447092305818,2016,12,해외,17.823775647488862
발레리나,장편,미국,757,3182923670,319425,1095526990,105923,액션,청소년관람불가,24010.943383772235,2025,8,해외,33.160522814432184
뮨: 달의 요정,장편,프랑스,365,2331900700,319072,474814300,62132,애니메이션,전체관람가,17610.563858079997,2015,9,해외,19.47272089058269
빅풋 주니어,장편,벨기에,437,2245548900,318737,451385400,60164,애니메이션,전체관람가,16976.25692912739,2017,8,해외,18.875750226675912
검우강호,장편,홍콩,343,2281559914,318157,688397000,91725,액션,15세이상관람가,17279.94270919741,2010,10,해외,28.83010589111665
도리화가,장편,한국,563,2246950339,317505,697116939,91714,사극,12세이상관람가,17052.765047054567,2015,11,국내,28.885844317412325
세상에서 가장 아름다운 이별,장편,한국,340,2295897500,316788,830311000,109685,드라마,15세이상관람가,17463.676441437558,2011,4,국내,34.62410192305264
레드카펫,장편,한국,385,2404458580,316780,602676380,75397,멜로/로맨스,15세이상관람가,18289.904969965093,2014,10,국내,23.80106067302229
퍼펙트 겟어웨이,장편,미국,226,2343962833,315888,693148500,88631,스릴러,15세이상관람가,17880.0815860311,2009,8,해외,28.057729321784937
P.S. 아이 러브 유,장편,미국,196,2119345000,315863,907912500,130126,멜로/로맨스,15세이상관람가,16167.944398953809,2008,1,해외,41.19697463773851
극장판 도라에몽:진구의 마계대모험 7인의 마법사,장편,일본,83,1903393500,315809,462690000,73715,애니메이션,전체관람가,14522.988139811669,2008,7,해외,23.341640041924077
미녀와 야수,장편,프랑스,387,2385847300,315348,745899100,94306,판타지,전체관람가,18230.747106543302,2014,6,해외,29.905374380049977
캐롤,장편,미국,221,2608608616,315321,1351888116,159681,드라마,청소년관람불가,19934.618671055538,2016,2,해외,50.64077559058864
차이니즈 조디악,장편,중국,300,2211711500,315305,591907500,80680,액션,12세이상관람가,16902.444620937884,2013,2,해외,25.58792280490319
수퍼 소닉2,장편,미국,1129,2848373410,315123,589880380,69317,애니메이션,전체관람가,21780.544059120308,2022,4,해외,21.996807595764192
번 더 스테이지: 더 무비,장편,한국,243,2671391900,315010,776472800,87249,기타,전체관람가,20434.5541908595,2018,11,국내,27.697215961398054
웅남이,장편,한국,829,2867713071,314152,566405921,63793,코미디,15세이상관람가,21996.20558937474,2023,3,국내,20.306412182637704
마이 블랙 미니드레스,장편,한국,325,2318884500,313953,741903500,95622,드라마,15세이상관람가,17797.802518134577,2011,3,국내,30.457425155994688
거미집,장편,한국,1058,3003379576,313686,1014795571,104695,코미디,15세이상관람가,23071.030327388245,2023,9,국내,33.37573242031841
엘라의 모험 : 해피엔딩의 위기,장편,독일,191,1791623000,312640,442443000,74672,애니메이션,전체관람가,13808.738022715223,2008,1,해외,23.88433981576254
CJ7:장강7호,장편,홍콩,234,1955693500,312576,593494500,90028,SF,전체관람가,15076.379689519752,2008,8,해외,28.801955364455367
프리 가이,장편,미국,750,3119899670,312564,1185370520,118119,액션,12세이상관람가,24052.13181978885,2021,8,해외,37.790340538257766
비행기 2: 소방구조대,장편,미국,341,2246970700,311456,431524600,55755,애니메이션,전체관람가,17384.115987220226,2014,8,해외,17.901405013870338
쇼퍼홀릭,장편,미국,180,2103939884,311274,1076625000,153261,코미디,12세이상관람가,16287.048260506705,2009,3,해외,49.23668536402012
트루스 오어 데어,장편,미국,530,2647330400,310956,676633300,75935,공포(호러),15세이상관람가,20514.508154177318,2018,5,해외,24.419853612729774
게이머,장편,미국,262,2380275031,310548,847086500,105301,액션,청소년관람불가,18469.294551365165,2009,10,해외,33.90812370390407
주피터 어센딩,장편,미국,561,2685741879,309729,832233679,89787,SF,12세이상관람가,20894.61167121339,2015,2,해외,28.98889028796141
1승,장편,한국,995,2685227430,308943,751970480,83728,드라마,12세이상관람가,20943.75837021287,2024,12,국내,27.10143942410089
더 스파이,장편,미국,710,2844155830,308545,1011594550,108448,스릴러,15세이상관람가,22211.954632772125,2021,4,해외,35.14819556304591
위대한 소원,장편,한국,524,2438260213,308180,557547213,67347,코미디,15세이상관람가,19064.591519429658,2016,4,국내,21.853137776624052
주온-원혼의 부활,장편,일본,145,2133345728,308057,601921000,80835,공포(호러),15세이상관람가,16687.145936182755,2009,7,해외,26.24027371557861
가디언의 전설,장편,미국,268,2655721096,307217,767026500,85399,애니메이션,전체관람가,20829.992943647892,2010,10,해외,27.797615366337148
빌리와 용감한 녀석들 2,장편,인도,289,2006325000,306837,384270500,55552,애니메이션,전체관람가,15755.98142430397,2013,2,해외,18.104726613804722
강릉,장편,한국,761,3175724270,306809,561721770,53448,범죄,청소년관람불가,24941.73130043192,2021,11,국내,17.42061021677982
덕구,장편,한국,544,2320819700,306126,399790500,50850,드라마,전체관람가,18268.0877367686,2018,4,국내,16.61080731463515
개를 훔치는 완벽한 방법,장편,한국,205,2327822465,306119,800083365,101680,드라마,전체관람가,18323.628259063127,2014,12,국내,33.21584089847413
예스터데이,장편,미국,816,2572745100,305504,976853610,113089,드라마,12세이상관람가,20292.32279489804,2019,9,해외,37.017191264271496
패딩턴,장편,영국,408,2246424729,305100,646094129,84276,코미디,전체관람가,17741.95882053287,2015,1,해외,27.62241887905605
포켓몬 더 무비 XY 후파: 광륜의 초마신,장편,일본,360,2156275800,300477,412792200,55992,애니메이션,전체관람가,17291.990073133118,2015,12,해외,18.63437134955421
빌리와 용감한 녀석들 3D,장편,독일,241,1961238000,299434,348695500,48327,애니메이션,전체관람가,15782.692342202892,2012,8,해외,16.13944976188409
룩백,장편,일본,206,2872719878,299096,1162586655,113591,애니메이션,전체관람가,23143.795214559792,2024,9,해외,37.97810736352208
프랑켄슈타인: 불멸의 영웅,장편,미국,378,2174134123,298983,609747623,80083,액션,12세이상관람가,17522.325365720717,2014,2,해외,26.785134940782584
오즈의 마법사: 돌아온 도로시,장편,미국,330,2175321000,298298,518209900,68014,애니메이션,전체관람가,17572.150498486717,2015,2,해외,22.800689243642264
스포트라이트,장편,미국,320,2390611755,297944,1201355355,146498,드라마,15세이상관람가,19334.204592178558,2016,2,해외,49.16964261740461
구스범스,장편,미국,515,2221639712,297356,607220925,79043,액션,12세이상관람가,18003.16356022565,2016,1,해외,26.58194218377971
로렉스,장편,미국,463,2140045000,297025,557255500,72599,애니메이션,전체관람가,17361.28251749528,2012,5,해외,24.442050332463598
모모와 다락방의 수상한 요괴들,장편,일본,253,1957612000,295189,482980000,68912,애니메이션,전체관람가,15980.058028576914,2012,7,해외,23.3450433451111
포인트 브레이크,장편,미국,409,2323707051,294320,648350064,79524,범죄,15세이상관람가,19024.511072285884,2016,1,해외,27.019570535471594
극장판 포켓몬스터 베스트 위시 「비크티니와 흑의 영웅 제크로무」,장편,일본,226,1997384500,293787,442947000,63403,애니메이션,전체관람가,16382.531217498328,2011,12,해외,21.581281676861128
던전 앤 드래곤: 도적들의 명예,장편,미국,1105,2935281137,293760,993800928,95470,액션,12세이상관람가,24077.364498845054,2023,3,해외,32.49931917211329
미성년,장편,한국,673,2493769950,293258,856799740,98387,드라마,15세이상관람가,20490.776779721167,2019,4,국내,33.54963888453171
이스케이프 플랜,장편,미국,287,2105280679,292655,685515679,91130,액션,청소년관람불가,17334.286075981156,2013,12,해외,31.139054518118602
베스트 키드,장편,미국,259,2066507505,292529,567302000,75364,가족,12세이상관람가,17022.367548607166,2010,6,해외,25.7629158134749
"러브, 로지",장편,영국,379,2225917646,292430,939240646,119128,코미디,15세이상관람가,18341.678276213977,2014,12,해외,40.73727045788736
더 그레이,장편,미국,298,2198959500,292217,740129000,93961,액션,15세이상관람가,18132.749259493616,2012,2,해외,32.15452899728626
에이리언 VS 프레데터2,장편,미국,158,1869409000,291685,498102500,74971,SF,15세이상관람가,15443.37213089463,2008,1,해외,25.702727257143838
호우시절,장편,한국,334,2165019514,291143,1033970500,133168,멜로/로맨스,15세이상관람가,17918.73578126991,2009,10,국내,45.73972240445417
미드나잇 미트 트레인,장편,미국,191,1965440000,290334,724548000,101189,공포(호러),청소년관람불가,16312.247273829453,2008,8,해외,34.8526180192468
앨빈과 슈퍼밴드: 악동 어드벤처,장편,미국,380,2101036200,289645,450214100,59605,애니메이션,전체관람가,17479.113505585465,2016,2,해외,20.578639368882598
런 올 나이트,장편,미국,411,2293671495,289534,623115595,76106,액션,청소년관람불가,19089.016367888544,2015,3,해외,26.285686655107867
파이널 데스티네이션 4,장편,미국,216,2309480475,289117,830049500,98184,공포(호러),청소년관람불가,19248.308445269857,2009,10,해외,33.95995392868631
천로역정: 천국을 찾아서,장편,미국,381,2146343510,288774,472244590,58785,애니메이션,전체관람가,17909.895185470843,2019,6,해외,20.356749568867002
배심원들,장편,한국,784,2303130090,288113,724211930,86835,드라마,12세이상관람가,19262.272303717513,2019,5,국내,30.139216210306373
혼숨,장편,한국,498,2258422445,288016,374477045,45099,공포(호러),15세이상관람가,18894.72041546554,2016,10,국내,15.658505083050942
기방도령,장편,한국,625,2327760190,286806,546588070,65509,코미디,15세이상관람가,19556.98520531363,2019,7,국내,22.840875016561718
1724 기방난동사건,장편,한국,337,1886195121,286657,570796000,82806,사극,15세이상관람가,15855.354951518188,2008,12,국내,28.886788042852608
커뮤터,장편,영국,575,2286590955,286042,669150055,82592,액션,15세이상관람가,19262.408048089324,2018,1,해외,28.874081428601393
신데렐라:마법 반지의 비밀,장편,미국,575,2113630240,284755,367881020,47386,애니메이션,전체관람가,17885.848942644207,2019,2,해외,16.640972063703884
88분,장편,미국,199,1863411167,284619,669842167,96876,드라마,15세이상관람가,15775.993135951732,2008,5,해외,34.037081150590794
후드,장편,미국,628,2203434149,284601,624255799,77919,어드벤처,12세이상관람가,18655.872175812572,2018,11,해외,27.378329661526134
버킷 리스트:죽기전에 꼭 하고싶은것들,장편,미국,56,1854707334,284360,1185582334,178399,코미디,12세이상관람가,15716.606761834228,2008,4,해외,62.737023491349
런,장편,미국,799,2608259370,284141,808135720,87237,미스터리,15세이상관람가,22119.167375878165,2020,11,해외,30.70201062148722
소주전쟁,장편,한국,1040,2639615950,283564,761118720,78237,드라마,15세이상관람가,22430.634218186315,2025,5,국내,27.590596831755793
네버엔딩 스토리,장편,한국,269,2106823000,283449,638022000,81476,코미디,15세이상관람가,17910.389268301682,2012,1,국내,28.74450077438975
다이노 타임,장편,한국,430,2099683100,283300,405724600,52818,애니메이션,전체관람가,17859.07994845602,2015,4,국내,18.643840451817862
극장판 스파이 패밀리 코드 : 화이트,장편,일본,917,2818845965,282867,906664591,87765,애니메이션,12세이상관람가,24012.6982492219,2024,3,해외,31.02694906086606
인서전트,장편,미국,480,2158449889,282662,650066489,81654,SF,15세이상관람가,18400.365347586583,2015,3,해외,28.887505218246528
브레드이발소: 베이커리타운의 악당들,장편,한국,387,2494627600,282480,320796600,36394,애니메이션,전체관람가,21279.916607807612,2025,9,국내,12.883743981874824
포켓몬 더 무비 XY&Z 「볼케니온 : 기계왕국의 비밀」,장편,일본,480,2147083300,282419,425667500,53872,애니메이션,전체관람가,18319.216124960363,2016,12,해외,19.075203863762706
프레데터스,장편,미국,230,2025850507,281642,538838500,70677,액션,15세이상관람가,17332.526706765995,2010,8,해외,25.094623671185406
넘버원,장편,한국,652,2683174020,280155,647309870,63997,드라마,12세이상관람가,23078.223006068285,2026,2,국내,22.843425960628938
오큘러스,장편,미국,336,2122466537,279488,470167537,59344,미스터리,15세이상관람가,18299.094049083902,2014,5,해외,21.23311197618502
극장판 안녕 자두야,장편,한국,523,2124832300,278914,377332100,46697,애니메이션,전체관람가,18357.19193488065,2016,5,국내,16.742436736771907
사랑에 대한 모든 것,장편,미국,399,2162660589,278015,1027037089,128065,멜로/로맨스,12세이상관람가,18744.421469847883,2014,12,해외,46.06406129165693
원스 어폰 어 타임... 인 할리우드,장편,미국,678,2269807670,277319,1107269480,130601,드라마,청소년관람불가,19722.47149416072,2019,9,해외,47.094140682751636
드래그 미 투 헬,장편,미국,242,1873729372,277224,685769500,96427,공포(호러),15세이상관람가,16286.50670555132,2009,6,해외,34.78306351542435
존 윅 - 리로드,장편,미국,250,2205582600,276379,752850000,92798,액션,청소년관람불가,19229.59728296969,2017,2,해외,33.57635710383205
우리는 동물원을 샀다,장편,미국,235,1993190500,276334,734710500,97041,가족,전체관람가,17380.664973180264,2012,1,해외,35.11728560365355
스트리트 킹,장편,미국,242,1781772500,274628,684467000,100235,범죄,청소년관람불가,15633.612416954476,2008,4,해외,36.498463375912145
눈의 여왕,장편,러시아,316,1823299000,274229,387655500,54916,애니메이션,전체관람가,16021.250729372388,2013,2,해외,20.025599043135482
마지막 선물,장편,한국,263,1748517833,272890,446771333,69286,드라마,15세이상관람가,15439.53967947719,2008,2,국내,25.389717468577082
목소리의 형태,장편,일본,466,2141765014,272877,567291114,69527,애니메이션,전체관람가,18912.841873104837,2017,5,해외,25.479245227703323
바울,장편,미국,227,2138266900,272749,704852300,86082,드라마,15세이상관람가,18890.813023863637,2018,10,해외,31.56088564944326
긴키 지방의 어느 장소에 대하여,장편,일본,437,2787112910,272653,627653840,59449,미스터리,15세이상관람가,24631.80204469258,2025,8,해외,21.803904596685165
가루지기,장편,한국,311,1777787000,272648,518553500,76430,드라마,청소년관람불가,15711.921952061053,2008,4,국내,28.03248144127226
짱구는 못말려 극장판: 태풍을 부르는 황금스파이 대작전,장편,일본,277,1804032000,272062,290029000,41908,애니메이션,전체관람가,15978.214746054076,2012,4,해외,15.403841771360941
요가학원,장편,한국,251,1947834107,271514,513226500,67792,공포(호러),15세이상관람가,17286.68194437776,2009,8,국내,24.9681416059577
울프맨,장편,미국,266,2099396881,270683,664052500,81066,공포(호러),청소년관람불가,18688.974427874087,2010,2,해외,29.9486853625828
가비,장편,한국,339,1969360500,270602,632097000,82433,드라마,15세이상관람가,17536.629396500422,2012,3,국내,30.462819934812014
롤러코스터,장편,한국,374,1913087600,270148,610177000,81230,코미디,15세이상관람가,17064.163490213577,2013,10,국내,30.068703081273966
스페이스 침스:우주선을 찾아서,장편,미국,175,1568757000,269947,345234000,55949,애니메이션,전체관람가,14003.257489053742,2008,7,해외,20.72592027323882
헨젤과 그레텔: 마녀 사냥꾼 3D,장편,미국,297,2122205602,269510,670928602,80519,액션,청소년관람불가,18974.243770376674,2013,2,해외,29.876071388816744
상하이,장편,미국,217,2039939000,269157,679833000,85280,드라마,15세이상관람가,18262.63356572782,2011,1,해외,31.684110017573385
모털 엔진,장편,미국,661,2329489119,268921,667168319,72846,액션,12세이상관람가,20873.14413069669,2018,12,해외,27.088252683873705
친구와 연인사이,장편,미국,183,2099697500,267843,1049828000,130927,코미디,청소년관람불가,18889.842363596475,2011,2,해외,48.88199430263251
파이스토리 : 악당상어 소탕작전,장편,미국,298,1807928000,267373,355218500,50053,애니메이션,전체관람가,16293.541277721359,2013,1,해외,18.720289632835026
용감한 시민,장편,한국,887,2445021472,266816,504465088,53942,액션,15세이상관람가,22081.20204492713,2023,10,국내,20.216928520028784
19곰 테드,장편,미국,248,2034959293,266574,857462249,107453,코미디,청소년관람불가,18394.57849855837,2012,9,해외,40.30888233661197
백 투 더 비기닝,장편,미국,423,2016298400,266389,586021800,74127,SF,15세이상관람가,18238.554750555704,2015,2,해외,27.82659944667385
저스틴,장편,스페인,332,1764086000,266253,392422500,56899,애니메이션,전체관람가,15965.302319801907,2013,12,해외,21.370275640086682
투모로우랜드,장편,미국,435,2082869000,265744,682335600,83016,액션,12세이상관람가,18886.452547501103,2015,5,해외,31.239087241856822
브레드이발소: 빵스타의 탄생,장편,한국,400,2285217000,265604,314637300,36920,애니메이션,전체관람가,20732.168897877316,2024,9,국내,13.900393066369482
뽀로로 극장판 스위트캐슬 대모험,장편,한국,660,2301821710,265505,330834580,35054,애니메이션,전체관람가,20890.598434490494,2025,12,국내,13.20276454304062
마이 뉴 파트너,장편,한국,220,1696902333,265323,426297833,64513,액션,15세이상관람가,15411.107534353787,2008,3,국내,24.314891660353606
극장판 도라에몽: 진구의 인어대해전,장편,일본,144,1769482593,264918,400018000,57062,애니메이션,전체관람가,16094.842468644765,2010,7,해외,21.53949524003654
나를 차버린 스파이,장편,미국,278,2346742100,264766,741785000,82196,액션,15세이상관람가,21357.72811072364,2018,8,해외,31.044771609647764
화란,장편,한국,976,2505690490,263087,616084455,63712,드라마,15세이상관람가,22949.854647468535,2023,10,국내,24.217084082451812
마야,장편,독일,295,1927575700,262289,408898500,52310,애니메이션,전체관람가,17708.560873279344,2014,9,해외,19.94364994338306
악질경찰,장편,한국,833,2256615278,262233,543947088,61930,범죄,청소년관람불가,20735.861527357785,2019,3,국내,23.616402207197414
스파이 브릿지,장편,미국,425,2015360478,260721,722246378,90018,스릴러,12세이상관람가,18626.387243197652,2015,11,해외,34.52656287755877
원더,장편,미국,183,1988444689,260506,881872289,114196,드라마,전체관람가,18392.79320070236,2017,12,해외,43.83622642088858
"안녕, 할부지",장편,한국,1021,2396503239,260333,705807340,73224,다큐멘터리,전체관람가,22181.999976952597,2024,9,국내,28.127052659478437
장고:분노의 추적자,장편,미국,342,1883634000,260144,908138000,120823,서부극(웨스턴),청소년관람불가,17447.556385823755,2013,3,해외,46.4446614182914
공범자들,장편,한국,228,2017678800,258478,745661900,92054,다큐멘터리,15세이상관람가,18809.63419132779,2017,8,국내,35.61386268850734
맥스 페인,장편,미국,155,1629486000,257808,585242500,88871,범죄,15세이상관람가,15230.218958126306,2008,11,해외,34.471777446782106
로비,장편,한국,1013,2426172740,257760,715301300,71817,드라마,15세이상관람가,22680.785899650746,2025,4,국내,27.861964618249534
함정,장편,한국,445,2088685200,257716,411417600,50477,스릴러,청소년관람불가,19529.15762134353,2015,9,국내,19.586288783001443
명탐정 코난 : 코난 실종사건 - 사상 최악의 이틀,장편,일본,187,1885543600,257381,356320500,48679,애니메이션,12세이상관람가,17652.734872492016,2015,2,해외,18.913206491543665
디스클로저 데이,장편,미국,1072,2764124330,257210,1102393940,94864,SF,12세이상관람가,25895.340594132682,2026,6,해외,36.88192527506707
파이널 데스티네이션5,장편,미국,168,2370348500,257193,880006000,87499,공포(호러),청소년관람불가,22207.77055569211,2011,9,해외,34.02075484169475
쓰리 데이즈,장편,미국,211,1882542699,257106,621398000,80819,범죄,15세이상관람가,17643.491273909905,2010,12,해외,31.4341166678335
크리에이터,장편,미국,878,2710714272,256803,892118530,79300,SF,12세이상관람가,25435.223183830054,2023,10,해외,30.879701561118832
언브로큰,장편,미국,401,1997947292,256475,605776392,75489,액션,15세이상관람가,18771.15049847504,2015,1,해외,29.433278097280436
카우보이 & 에이리언,장편,미국,269,1930249000,256346,637026000,80926,액션,15세이상관람가,18144.236343217974,2011,8,해외,31.56905120423178
기묘한 가족,장편,한국,625,2062904275,256202,465060345,56391,코미디,12세이상관람가,19402.087706960898,2019,2,국내,22.01036681993115
옥수역귀신,장편,한국,314,2741672100,256196,508562300,47121,공포(호러),15세이상관람가,25786.658633158688,2023,4,국내,18.392558822151788
8번 출구,장편,일본,781,2464937680,253980,690324720,68978,스릴러,12세이상관람가,23386.12830722844,2025,10,해외,27.15883140404756
밤의 여왕,장편,한국,333,1762892500,252475,513568000,69050,멜로/로맨스,15세이상관람가,16825.16579835532,2013,10,국내,27.349242499257354
노벰버 맨,장편,미국,395,1891131320,252444,526222320,67486,액션,15세이상관람가,18051.30222845081,2014,10,해외,26.733057628622586
불신지옥,장편,한국,237,1818156353,251314,551869000,72073,미스터리,15세이상관람가,17432.771933848224,2009,8,국내,28.67846598279443
정글 크루즈,장편,미국,831,2307504720,251071,610208560,64370,액션,12세이상관람가,22146.135305747768,2021,7,해외,25.638166096442838
란 12.3,장편,한국,842,2499670160,250962,687556260,68119,다큐멘터리,12세이상관람가,24000.851086465067,2026,4,국내,27.143153146691528
비밀은 없다,장편,한국,502,2027801239,250650,576619139,68878,스릴러,청소년관람불가,19494.386777511005,2016,6,국내,27.47975264312787
라스트 크리스마스,장편,미국,623,2055043430,249380,661347980,78206,코미디,12세이상관람가,19856.89261174943,2019,12,해외,31.360173229609433
걸스카우트,장편,한국,257,1534585000,249114,400738500,61954,드라마,15세이상관람가,14843.787104389525,2008,6,국내,24.869738352722045
노크:낯선 자들의 방문,장편,미국,180,1571432000,248943,502720000,75615,공포(호러),15세이상관람가,15210.64312927104,2008,7,해외,30.374423060700646
DC 리그 오브 슈퍼-펫,장편,미국,585,2322641159,248798,485970310,50781,애니메이션,전체관람가,22495.05898092971,2022,8,해외,20.410533846735103
소셜포비아,장편,한국,368,1950635763,248215,551485163,67072,스릴러,15세이상관람가,18936.515278121937,2015,3,국내,27.021735189251256
하트맨,장편,한국,839,2305660270,247887,544721240,55701,코미디,12세이상관람가,22412.663348695463,2026,1,국내,22.470319137348874
공작부인:세기의 스캔들,장편,미국,195,1576695833,247373,705223333,105464,사극,15세이상관람가,15358.454914117061,2008,10,해외,42.633593803689166
뉴욕은 언제나 사랑 중,장편,미국,221,1685806671,247138,766500500,107346,멜로/로맨스,15세이상관람가,16436.90872871671,2009,3,해외,43.43565133650025
리볼버,장편,한국,861,2307565653,246583,700950566,69624,범죄,15세이상관람가,22549.807423283124,2024,8,국내,28.23552313014279
월 스트리트: 머니 네버 슬립스,장편,미국,286,1788986817,245343,783079000,100864,드라마,12세이상관람가,17570.550646355983,2010,10,해외,41.11142359879842
엑스파일:나는 믿고싶다,장편,미국,237,1614196833,244338,591984333,85190,SF,15세이상관람가,15919.058529134094,2008,8,해외,34.86563694554265
적과의 동침,장편,한국,391,1740340000,243094,558480500,74511,드라마,12세이상관람가,17250.90031611551,2011,4,국내,30.651106156466223
툼스톤,장편,미국,378,1875449247,242707,599247647,74632,액션,청소년관람불가,18619.79593521486,2014,9,해외,30.74983416217909
명탐정 코난:감벽의 관,장편,일본,487,1800316000,242164,310023800,40693,애니메이션,12세이상관람가,17913.937841188177,2018,2,해외,16.803901488247632
인터내셔널,장편,미국,199,1617695541,241669,603331000,86332,액션,청소년관람불가,16129.754104077532,2009,2,해외,35.72324129284269
캡틴 필립스,장편,미국,302,1679067434,241514,714998434,97908,액션,15세이상관람가,16752.426874203506,2013,10,해외,40.53926480452479
창문 넘어 도망친 100세 노인,장편,스웨덴,300,1824795453,240990,719883353,92554,어드벤처,15세이상관람가,18245.974841729672,2014,6,해외,38.405742976887005
아이 필 프리티,장편,미국,213,2125902300,240148,908668400,100403,코미디,15세이상관람가,21331.246333837105,2018,6,해외,41.808801239235805
27번의 결혼리허설,장편,미국,220,1592159556,239674,686825556,98530,멜로/로맨스,15세이상관람가,16007.28093411221,2008,3,해외,41.1100077605414
서약,장편,미국,314,1810275500,239483,797303000,101134,드라마,15세이상관람가,18214.69431464537,2012,3,해외,42.2301374210278
미옥,장편,한국,635,1897705564,238587,520190864,63596,범죄,청소년관람불가,19166.109182672422,2017,11,국내,26.65526621316333
하늘을 걷는 남자,장편,미국,415,2267273653,238257,910722153,92402,드라마,12세이상관람가,22930.323168800565,2015,10,해외,38.78249117549537
그레이스 오브 모나코,장편,프랑스,358,1752838200,237147,768813900,100692,드라마,12세이상관람가,17810.499420292464,2014,6,해외,42.45974016116586
데드맨,장편,한국,800,2257546704,236661,514590306,52144,범죄,15세이상관람가,22985.92322310653,2024,2,국내,22.033203611917468
해피 뉴 이어,장편,한국,832,2195273900,236642,609236390,65949,멜로/로맨스,12세이상관람가,22353.66767736084,2021,12,국내,27.868679270797237
프레디의 피자가게 2,장편,미국,571,2324341770,236471,352235180,33977,공포(호러),12세이상관람가,23685.033438217266,2025,12,해외,14.368358065048145
줄리아의 눈,장편,스페인,232,1827211000,236359,676354500,83077,미스터리,청소년관람불가,18628.095703100607,2011,3,해외,35.148650992769475
뮬란,장편,미국,1420,2079737620,236247,600704000,65400,어드벤처,12세이상관람가,21212.61201965413,2020,9,해외,27.682891211316967
레고 무비,장편,미국,317,1601300200,236129,363232000,51304,애니메이션,전체관람가,16340.875956765925,2014,2,해외,21.7271067933206
세이빙 산타,장편,영국,297,1520048000,235688,323811500,47288,애니메이션,전체관람가,15540.741425359973,2013,12,해외,20.063813176742133
닌자터틀 : 어둠의 히어로,장편,미국,517,1934052000,235207,562213400,64425,액션,12세이상관람가,19813.89272028571,2016,6,해외,27.390766431271178
비행기,장편,미국,408,1671046500,233563,444525500,58410,애니메이션,전체관람가,17239.96554372549,2013,12,해외,25.008241887627747
극장판 포켓몬스터 XY : 파괴의 포켓몬과 디안시,장편,일본,360,1653084000,233347,385135900,52427,애니메이션,전체관람가,17070.435616309773,2015,1,해외,22.46739833809734
드림 쏭,장편,미국,399,1817437700,233283,388509000,47585,애니메이션,전체관람가,18772.769347990336,2016,9,해외,20.39797156243704
강철대오:구국의 철가방,장편,한국,366,1614867156,233211,501037128,71509,코미디,15세이상관람가,16685.517231331905,2012,10,국내,30.662790348654223
내가 죽던 날,장편,한국,909,2135396020,233112,549836600,58772,드라마,12세이상관람가,22073.220504792775,2020,11,국내,25.211915302515532
세븐 파운즈,장편,미국,190,1528213109,232972,615843500,89889,드라마,15세이상관람가,15806.368261018595,2009,2,해외,38.58360661367031
나일 강의 죽음,장편,미국,1041,2242081480,232883,829557980,84621,범죄,12세이상관람가,23198.799293652242,2022,2,해외,36.3362718618362
디파이언스,장편,미국,162,1551731322,232532,506333000,73193,드라마,15세이상관람가,16079.987353470096,2009,1,해외,31.4765279617429
어느날,장편,한국,532,1827370582,232016,566199082,69068,멜로/로맨스,15세이상관람가,18978.44375917573,2017,4,국내,29.76863664574857
소울메이트,장편,한국,749,2236460069,231257,805943753,81407,드라마,12세이상관람가,23303.33960584508,2023,3,국내,35.20196145413977
메간,장편,미국,704,2331686898,230874,576210031,57986,공포(호러),15세이상관람가,24335.88297418996,2023,1,해외,25.115864064381437
아바타 리마스터링,장편,미국,285,3895090540,230712,1472193500,79121,SF,12세이상관람가,40681.71719437827,2022,9,해외,34.294271646034886
명탐정 코난: 비색의 탄환,장편,일본,844,2173296640,230672,529912070,54457,애니메이션,12세이상관람가,22702.62265681997,2021,4,해외,23.607980162308387
폐가,장편,한국,160,1611889133,229610,330786500,43876,공포(호러),15세이상관람가,16915.945298549716,2010,8,국내,19.108923827359437
시카리오: 데이 오브 솔다도,장편,미국,261,1938637400,229542,729204500,84358,액션,15세이상관람가,20351.02692181277,2018,6,해외,36.75057287990869
순정,장편,한국,467,1643792033,229059,507428633,65385,드라마,12세이상관람가,17292.246355006027,2016,2,국내,28.54504734588032
포스 카인드,장편,미국,189,1701070326,229014,537108500,67471,SF,15세이상관람가,17898.31469239372,2010,2,해외,29.461517636476376
치즈인더트랩,장편,한국,364,1890873700,229005,557695800,65340,멜로/로맨스,15세이상관람가,19896.168942489025,2018,3,국내,28.532128119473377
컨테이젼,장편,미국,226,1782554000,228899,791304500,97471,액션,12세이상관람가,18765.092216975583,2011,9,해외,42.58253640251814
베베핀 극장판: 사라진 베베핀과 핑크퐁 대모험,장편,한국,577,2095074630,228804,275935900,27538,애니메이션,전체관람가,22064.179832562535,2025,7,국내,12.035628747749165
쓰리데이즈 투 킬,장편,미국,388,1741058200,228539,519245900,65105,액션,15세이상관람가,18357.133635201964,2014,4,해외,28.487479161105984
극장판 헬로카봇: 수상한 마술단의 비밀,장편,한국,790,2140400817,228380,364646739,37819,애니메이션,전체관람가,22583.38002504809,2022,9,국내,16.559681233032663
만달로리안과 그로구,장편,미국,809,2764055450,228269,1219597550,92606,액션,12세이상관람가,29177.744583422427,2026,5,해외,40.568802596936074
극장판 도라에몽: 진구의 공룡대탐험,장편,일본,135,1481894577,228143,352907500,51838,애니메이션,전체관람가,15651.719781120159,2009,7,해외,22.72171401270256
캐빈 인 더 우즈,장편,미국,288,1710273500,228090,625231000,79749,공포(호러),청소년관람불가,18068.047542002816,2012,6,해외,34.96383006707878
일곱난쟁이,장편,독일,263,1622195700,227586,336490100,44566,애니메이션,전체관람가,17175.50860424112,2014,12,해외,19.582048104892216
나폴레옹,장편,미국,822,2250902673,227354,792670034,76593,전쟁,15세이상관람가,23856.461125164293,2023,12,해외,33.6888728590656
바빌론 A.D.,장편,미국,163,1483575500,227354,463151000,68002,SF,12세이상관람가,15723.852331129281,2008,10,해외,29.910184118159343
캐시트럭,장편,미국,938,2157864790,227065,637801460,65722,액션,청소년관람불가,22899.496588074275,2021,6,해외,28.944134939334553
딥,장편,스페인,441,1746940500,226933,349568900,43492,애니메이션,전체관람가,18549.50659764288,2017,10,해외,19.165128033384303
크루즈 패밀리: 뉴 에이지,장편,미국,1082,1987680700,226358,438008040,48530,애니메이션,전체관람가,21159.367233288733,2021,5,해외,21.439489657975418
극장판 루팡 3세 VS 명탐정 코난,장편,일본,327,1585872205,225842,272598605,37324,애니메이션,12세이상관람가,16920.58521988344,2014,5,해외,16.526598241248305
잡스,장편,미국,402,1594113136,225146,713943636,96230,드라마,12세이상관람가,17061.091346455887,2013,8,해외,42.74115462855214
분노의 윤리학,장편,한국,302,1654554000,224891,516562000,68651,스릴러,청소년관람불가,17728.04206675116,2013,2,국내,30.526343873254152
괴물의 아이,장편,일본,363,1665251116,224849,545626716,70530,애니메이션,12세이상관람가,17845.991272214975,2015,11,해외,31.367717890673298
젠틀맨,장편,한국,751,2117151503,224718,602322075,62905,범죄,15세이상관람가,22702.097236300557,2022,12,국내,27.992862165024608
한공주,장편,한국,226,1780640800,224452,576752300,70103,드라마,청소년관람불가,19116.339898470793,2014,4,국내,31.232958494466523
메리 포핀스 리턴즈,장편,미국,573,1816281960,224160,816286900,97070,판타지,전체관람가,19524.371146255256,2019,2,해외,43.303890078515344
12 솔져스,장편,미국,211,1833626400,223740,597547500,70049,액션,15세이상관람가,19747.818304594082,2018,1,해외,31.30821489228569
이스케이프 룸 2: 노 웨이 아웃,장편,미국,728,2219351090,223313,515715560,51619,액션,15세이상관람가,23947.70547082897,2021,7,해외,23.11508958278291
알파 앤 오메가,장편,미국,230,1685788500,222953,332960000,41008,애니메이션,전체관람가,18219.718792101572,2011,2,해외,18.393114243809233
일라이,장편,미국,252,1661141088,222927,532299500,67913,액션,15세이상관람가,17955.427604725108,2010,4,해외,30.464232686036237
마마,장편,한국,269,1533830500,222731,427065500,59189,드라마,12세이상관람가,16593.905241900477,2011,6,국내,26.574208349982715
코렐라인,장편,미국,251,1448857479,222594,416997000,58692,애니메이션,"12세이상관람가,전체관람가",15684.263012317744,2009,5,해외,26.367287527965715
시,장편,한국,171,1567857053,222017,812330850,111181,드라마,15세이상관람가,17016.574417317766,2010,5,국내,50.077696752951354
헤라클레스 : 레전드 비긴즈,장편,미국,390,1662172151,221327,493617151,63145,액션,15세이상관람가,18096.455013600604,2014,4,해외,28.530183845622087
노미오와 줄리엣,장편,영국,291,1937118000,221176,545159500,56632,애니메이션,전체관람가,21104.252798076963,2011,4,해외,25.604948095634246
우리 집에 왜 왔니,장편,한국,211,1427488305,219962,490008000,72204,드라마,15세이상관람가,15637.841333601655,2009,4,국내,32.82566988843528
내 이름은,장편,한국,694,1966045300,219871,537946450,58292,드라마,15세이상관람가,21546.5366247339,2026,4,국내,26.51190925588186
언프렌디드: 친구삭제,장편,미국,386,1643911941,219678,347479141,45233,공포(호러),15세이상관람가,18031.99953008988,2015,5,해외,20.59059168419232
노아의 방주: 남겨진 녀석들,장편,독일,436,1586417300,219621,362928700,48437,애니메이션,전체관람가,17405.859590643093,2015,4,해외,22.054812608994588
명탐정 코난: 감청의 권,장편,일본,602,1740310530,219078,406727890,48968,애니메이션,12세이상관람가,19141.672597876513,2019,7,해외,22.351856416436156
연의 편지,장편,한국,597,2041382090,218153,528092540,54388,애니메이션,12세이상관람가,22548.3627910311,2025,10,국내,24.93112631960138
언데드,장편,미국,171,1449559974,217924,403070000,56935,공포(호러),15세이상관람가,16028.136414529836,2009,2,해외,26.126080651970412
1급기밀,장편,한국,512,1720083300,217803,406282500,50330,드라마,12세이상관람가,19029.944657073494,2018,1,국내,23.108037997640068
50가지 그림자: 해방,장편,미국,213,1866384500,217785,650566700,75135,드라마,청소년관람불가,20650.237840956772,2018,2,해외,34.4996211860321
나는 공무원이다,장편,한국,278,1535913500,217493,429380000,57654,코미디,전체관람가,17016.62299725586,2012,7,국내,26.5084393520711
속닥속닥,장편,한국,314,1900914300,217444,342387100,36960,공포(호러),15세이상관람가,21065.269152251472,2018,7,국내,16.99747981089384
짱구는 못말려 극장판:태풍을 부르는 나와 우주의 프린세스,장편,일본,290,1430168500,217320,254199000,36672,애니메이션,전체관람가,15857.67143671317,2013,4,해외,16.87465488680287
메카닉,장편,미국,226,1666463000,217077,461222500,56874,드라마,청소년관람불가,18498.38303448041,2011,2,해외,26.199919844110614
프리즌 이스케이프,장편,영국,328,1848297600,217056,556477740,63837,어드벤처,12세이상관람가,20518.80232118212,2020,5,해외,29.410382574082266
원피스 필름 골드,장편,일본,445,1707251100,216861,392628800,47051,애니메이션,12세이상관람가,18970.022605674403,2016,12,해외,21.69638616440946
송 포 유,장편,영국,317,1484169000,216852,588610500,84339,코미디,12세이상관람가,16491.94309194056,2013,4,해외,38.89242432626861
지구,장편,영국,181,1351632500,216755,534407500,80990,다큐멘터리,전체관람가,15025.931503921618,2008,9,해외,37.364766672049086
페넬로피,장편,미국,148,1399298333,216703,648849333,96444,코미디,12세이상관람가,15559.559452560385,2008,5,해외,44.5051522129366
그린랜턴: 반지의 선택,장편,미국,345,1651783500,216676,572042000,71758,SF,12세이상관람가,18369.368111001113,2011,6,해외,33.11765031660175
케로로 더 무비: 드래곤 워리어,장편,일본,125,1291833933,216487,273320000,44097,애니메이션,전체관람가,14378.936613295069,2009,4,해외,20.369352432247663
극장판 뽀로로와 친구들: 바이러스를 없애줘!,장편,한국,380,1947417500,216084,362730000,38144,애니메이션,전체관람가,21716.426432112636,2022,12,국내,17.65239443919957
루돌프와 많이있어,장편,일본,375,1627646800,215993,283106600,35318,애니메이션,전체관람가,18158.183283382845,2016,12,해외,16.35145583421685
나는 비와 함께 간다,장편,프랑스,220,1641619990,215362,629834000,79046,범죄,청소년관람불가,18367.728843886613,2009,10,해외,36.703782468587775
극장판 요괴워치: 하늘을 나는 고래와 더블세계다냥!,장편,일본,486,1581375300,215203,302166700,39494,애니메이션,전체관람가,17706.736855742092,2017,9,해외,18.35197464719358
벽 속에 숨은 마법시계,장편,미국,609,1654715300,215029,461680100,57500,판타지,전체관람가,18542.921108931958,2018,10,해외,26.740579177692307
허리케인 하이스트,장편,미국,544,1730262848,214949,406693648,49348,액션,15세이상관람가,19396.73163154925,2018,3,해외,22.958003991644528
라듸오 데이즈,장편,한국,254,1405676000,214946,562068500,82637,코미디,12세이상관람가,15758.241997233488,2008,1,국내,38.44547002502954
독수리 에디,장편,미국,528,1699642120,214003,629422120,76061,드라마,12세이상관람가,19137.690503043843,2016,4,해외,35.5420251117975
한 솔로: 스타워즈 스토리,장편,미국,569,1964276778,213980,778382478,79048,액션,12세이상관람가,22119.81052164542,2018,5,해외,36.9417702589027
"극장판 포켓몬스터: 정글의 아이, 코코",장편,일본,699,1941940320,213913,344498600,36151,애니메이션,전체관람가,21875.128042990567,2021,9,해외,16.899861158508365
매트릭스: 리저렉션,장편,미국,970,2121245270,213693,792315420,77491,액션,15세이상관람가,23919.521863337446,2021,12,해외,36.2627694870679
말리와 나,장편,미국,209,1437267652,213500,671573000,95741,드라마,12세이상관람가,16221.52481024802,2009,2,해외,44.84355971896956
"대한이, 민국씨",장편,한국,174,1192710500,212854,243088500,42542,코미디,15세이상관람가,13502.218444658205,2008,2,국내,19.98646959887998
아이 엠 어 히어로,장편,일본,263,1806714900,212599,510901800,59348,액션,청소년관람불가,20477.659252950732,2016,9,해외,27.915465265593912
조제,장편,한국,1179,1896675540,212439,480504490,53916,멜로/로맨스,15세이상관람가,21513.481545404073,2020,12,국내,25.379520709474253
"2024.12.03 그날 조작된 내란, 감춰진 진실",장편,한국,419,2085974620,212395,575320380,57207,다큐멘터리,12세이상관람가,23665.551766613527,2026,2,국내,26.934249864639
"극장판 파워레인저 다이노포스VS고버스터즈 공룡 대결전! ~안녕, 영원한 친구여!~",장편,일본,363,1546944100,212368,287770800,37612,액션,전체관람가,17552.43795947748,2014,10,해외,17.710766217132527
러블리 본즈,장편,미국,225,1572420641,212035,630758500,80832,범죄,15세이상관람가,17869.528143938503,2010,2,해외,38.122008159030344
킬위드미,장편,미국,209,1420604500,211740,472931500,66692,범죄,청소년관람불가,16166.729826645773,2008,4,해외,31.497119108340417
13일의 금요일,장편,미국,138,1489929119,211290,536425500,72620,공포(호러),청소년관람불가,16991.767940710735,2009,3,해외,34.36982346537933
커런트 워,장편,미국,276,1817540600,210945,642885200,73638,드라마,12세이상관람가,20761.885342693397,2019,8,해외,34.90862547109436
내니맥피 2: 유모와마법소동,장편,미국,59,1378611255,210493,310209000,44542,가족,전체관람가,15781.78291594163,2010,8,해외,21.160798696393705
자칼이 온다,장편,한국,300,1430079500,210278,457094500,62744,코미디,15세이상관람가,16387.709122186727,2012,11,국내,29.838594622357068
코코 샤넬,장편,프랑스,235,1559386698,210018,729788000,93714,드라마,15세이상관람가,17891.601236245155,2009,8,해외,44.621889552324085
어톤먼트,장편,미국,132,1361527833,209673,688748333,103281,멜로/로맨스,15세이상관람가,15647.174214305824,2008,2,해외,49.25813051752014
눈의 여왕4,장편,러시아,541,1470304580,209120,307751640,59441,애니메이션,전체관람가,16941.959651920613,2019,12,해외,28.424349655700077
바빌론,장편,미국,852,2094434105,209096,985701648,96174,드라마,청소년관람불가,24136.421398184084,2023,2,해외,45.9951409878716
한나,장편,미국,269,1570759500,208912,593673000,74774,액션,15세이상관람가,18117.497561664288,2011,4,해외,35.79210385233974
카오스,장편,영국,175,1377938904,208094,385832000,54902,액션,15세이상관람가,15955.936780655546,2009,3,해외,26.38326909954155
베드타임 스토리,장편,미국,213,1320936074,208054,455144500,68505,코미디,전체관람가,15298.809403165837,2009,1,해외,32.926547915445035
극장판 주술회전: 회옥·옥절,장편,일본,742,2069421120,207667,562900180,53511,애니메이션,15세이상관람가,24012.274052510274,2025,10,해외,25.76769539695763
덕수리 5형제,장편,한국,346,1560183200,206953,363798600,45578,코미디,15세이상관람가,18165.852103431436,2014,12,국내,22.02335796050311
세계의 주인,장편,한국,358,1987335750,206831,1116543820,112350,드라마,12세이상관람가,23153.013055941778,2025,10,국내,54.31971029487843
존 오브 인터레스트,장편,미국,392,2042585940,206378,1163799155,115083,드라마,12세이상관람가,23848.926878472037,2024,6,해외,55.76321119499171
테드: 황금도시 파이티티를 찾아서,장편,스페인,301,1453568500,206320,301793000,39814,애니메이션,전체관람가,16976.41866418758,2012,9,해외,19.297208220240403
코알라 키드 : 영웅의 탄생,장편,한국,234,1434535500,205579,344989500,48695,애니메이션,전체관람가,16814.519227123255,2012,1,국내,23.686757888694856
베니스 유령 살인사건,장편,미국,876,2004013347,205102,714856546,71443,범죄,12세이상관람가,23544.128404873605,2023,9,해외,34.832912404559686
버드맨,장편,미국,380,1653103800,204742,855370200,103328,코미디,청소년관람불가,19455.62049116649,2015,3,해외,50.46741753035528
프린스 코기,장편,벨기에,455,1525167980,203775,379274680,53364,애니메이션,전체관람가,18035.105220292284,2019,12,해외,26.18770702981229
어쌔신: 더 비기닝,장편,미국,528,1576721000,203221,427713600,53797,액션,15세이상관람가,18695.546773430764,2017,12,해외,26.472165770269807
원피스 필름 레드,장편,일본,550,2160522247,203044,636518666,57016,애니메이션,12세이상관람가,25640.145503508884,2022,11,해외,28.08061306908847
원 데이,장편,미국,236,1492933500,202805,891577500,117983,드라마,15세이상관람가,17738.369963669178,2012,12,해외,58.17558738689874
요로나의 저주,장편,미국,620,1784935221,202756,488301731,53881,공포(호러),15세이상관람가,21212.929458566974,2019,4,해외,26.574306062459314
짱구는 못말려 극장판: 나의 이사 이야기 선인장 대습격,장편,일본,350,1472866700,202538,262506300,34932,애니메이션,전체관람가,17523.014869022943,2016,1,해외,17.247133871174793
굿모닝 에브리원,장편,미국,144,1560339000,202148,880548500,111845,드라마,15세이상관람가,18599.50636191401,2011,3,해외,55.32827433365652
비스트,장편,한국,737,1596148590,202007,393815760,47676,범죄,15세이상관람가,19039.643085253934,2019,6,국내,23.601162335958655
발레리나,장편,프랑스,434,1509668400,201365,370927500,46384,애니메이션,전체관람가,18065.47900937547,2017,2,해외,23.034787574801978
사흘,장편,한국,836,1878697640,200490,431077120,44946,공포(호러),15세이상관람가,22579.59132655116,2024,11,국내,22.418075714499476
페스티발,장편,한국,233,1541834737,200123,533152500,65753,코미디,청소년관람불가,18564.904716129702,2010,11,국내,32.85629337957157
언더월드 4: 어웨이크닝,장편,미국,343,1861948000,200038,631732500,62716,액션,청소년관람불가,22428.846952813907,2012,2,해외,31.352043111808758
꼬마 니콜라,장편,프랑스,168,1365849896,199851,458549500,63324,가족,전체관람가,16468.29172070542,2010,1,해외,31.685605776303344
극장판 짱구는 못말려: 격돌! 낙서왕국과 얼추 네 명의 용사들,장편,일본,593,1896872490,199726,268671600,26711,애니메이션,전체관람가,22885.238198018033,2021,9,해외,13.373822136326769
"안녕, 티라노: 영원히, 함께",장편,한국,512,1553219230,199240,279466440,33262,애니메이션,전체관람가,18784.867194132887,2019,8,국내,16.69443886769725
연의 황후,장편,홍콩,222,1283731833,199200,339217833,50154,사극,15세이상관람가,15528.763644941211,2008,4,해외,25.177710843373497
도레미파솔라시도,장편,한국,167,1182401000,199151,216065500,35648,드라마,12세이상관람가,14306.526385228186,2008,4,국내,17.899985438185094
콜 미 바이 유어 네임,장편,이탈리아,192,1657199988,198229,942717288,110327,드라마,청소년관람불가,20144.645753812663,2018,3,해외,55.656336862921165
어린 의뢰인,장편,한국,671,1631919600,198211,384717140,45008,드라마,12세이상관람가,19839.143062404048,2019,5,국내,22.707115144971773
방콕 데인저러스,장편,미국,183,1298743667,197747,373846167,53704,액션,15세이상관람가,15825.791602644758,2008,9,해외,27.15793412795137
코쿠리코 언덕에서,장편,일본,227,1409395900,197408,576139900,76345,애니메이션,12세이상관람가,17203.632572110455,2011,9,해외,38.67371129842762
엣지 오브 다크니스,장편,영국,235,1441948678,197296,456577000,59143,범죄,15세이상관람가,17610.976034541214,2010,6,해외,29.976786148730838
스누피: 더 피너츠 무비,장편,미국,348,1505929300,197238,501494700,62903,애니메이션,전체관람가,18397.800125760856,2015,12,해외,31.891927519037917
언니,장편,한국,530,1746373250,197134,360066100,40427,액션,청소년관람불가,21346.537447893374,2019,1,국내,20.507370620998913
브로큰,장편,한국,818,1821830700,196833,440534680,45522,범죄,15세이상관람가,22302.93443668442,2025,2,국내,23.127219521116885
그린 호넷,장편,미국,316,2152644900,195933,884955500,78399,드라마,15세이상관람가,26473.825974074367,2011,1,해외,40.01316776653244
문폴,장편,미국,1174,1962767300,195344,594958230,57054,액션,12세이상관람가,24211.441145037188,2022,3,해외,29.206937505119175
극장판 포켓몬스터 모두의 이야기,장편,일본,493,1523609950,194692,307295100,38158,애니메이션,전체관람가,18857.216922669828,2018,12,해외,19.599161752922566
멍뭉이,장편,한국,649,1812783386,194391,547069576,56292,드라마,전체관람가,22470.96181072888,2023,3,국내,28.95813077765946
미러,장편,미국,204,1331646500,193815,487016500,66812,공포(호러),청소년관람불가,16555.925738399772,2008,9,해외,34.47204808709336
투혼,장편,한국,356,1336010500,193724,351391000,47396,드라마,전체관람가,16617.984398621516,2011,10,국내,24.46573475666412
"무현, 두 도시 이야기",장편,한국,66,1517735100,193578,521021200,63745,다큐멘터리,15세이상관람가,18892.60666009667,2016,10,국내,32.92987839527219
언더독,장편,한국,612,1485934830,193484,420191450,50913,애니메이션,전체관람가,18505.746498013723,2019,1,국내,26.313803725372644
덤 앤 더머 투,장편,미국,343,1436861585,192726,506173585,65151,코미디,15세이상관람가,17964.971370179202,2014,11,해외,33.804987391426174
스머프,장편,미국,639,1697789430,192553,277693610,29094,애니메이션,전체관람가,21246.404197648855,2025,8,해외,15.109606186348692
디어 존,장편,미국,262,1440264401,192530,549945500,70021,드라마,12세이상관람가,18025.84858939211,2010,3,해외,36.36887757752039
응징자,장편,한국,305,1388412500,192347,364187000,48291,액션,청소년관람불가,17393.420688425744,2013,10,국내,25.10618829511248
나미야 잡화점의 기적,장편,일본,532,1455461885,191880,458198585,57998,판타지,전체관람가,18277.762519747535,2018,2,해외,30.226183031061083
쥴리의 육지 대모험,장편,미국,192,1295342000,191783,244822000,33490,애니메이션,전체관람가,16275.196571627233,2011,9,해외,17.462444533665654
킬링 로맨스,장편,한국,998,1832316642,191542,715774760,73330,코미디,15세이상관람가,23050.92785966726,2023,4,국내,38.28403170061919
보이후드,장편,미국,219,1468359718,190893,757583018,95486,드라마,15세이상관람가,18535.07560754877,2014,10,해외,50.02069222024904
위키드: 포 굿,장편,미국,1700,1872152810,190885,972422880,95659,판타지,전체관람가,23633.13822647901,2025,11,해외,50.11341907431176
백설공주,장편,미국,1043,1786010770,190530,476074310,47482,판타지,전체관람가,22587.73111656198,2025,3,해외,24.92100981472734
컬러풀 웨딩즈,장편,프랑스,343,1455808980,190384,595118380,74982,코미디,12세이상관람가,18425.778667236387,2014,10,해외,39.384612152281704
검객,장편,한국,832,1619781870,190237,315861680,36965,액션,15세이상관람가,20516.98062613211,2020,9,국내,19.431025510284538
업그레이드,장편,미국,220,1740245800,189948,518659400,55677,액션,15세이상관람가,22076.37550010517,2018,9,해외,29.31170636174111
50가지 그림자: 심연,장편,미국,435,1589180900,189620,583553000,67787,드라마,청소년관람불가,20194.87167105295,2017,2,해외,35.74886615335935
글로리데이,장편,한국,494,1484010868,189047,451492668,54491,드라마,15세이상관람가,18915.55963548556,2016,3,국내,28.824049046004436
커넥트,장편,홍콩,202,1145569333,188807,359862833,57299,액션,15세이상관람가,14620.263185820977,2008,11,해외,30.347921422404887
더 폴: 디렉터스 컷,장편,영국,89,1945862300,188441,1178026900,110882,드라마,12세이상관람가,24882.19028384008,2024,12,해외,58.841759489707655
앵그리 버드 2: 독수리 왕국의 침공,장편,미국,512,1432145073,188365,262775033,32734,애니메이션,전체관람가,18320.55840061864,2019,8,해외,17.377962997372123
프리즈너스,장편,미국,297,1362962500,186460,587294000,76845,범죄,청소년관람불가,17613.681153876474,2013,10,해외,41.21259251313955
런닝맨 : 풀룰루의 역습,장편,한국,511,1414494750,186324,233597650,28810,애니메이션,전체관람가,18292.979349613306,2018,12,국내,15.462312960219831
나의 특별한 사랑이야기,장편,미국,142,1166701500,186234,560627000,87923,코미디,15세이상관람가,15095.680249914896,2008,4,해외,47.21103557889536
기생수 파트1,장편,일본,247,1534923185,186184,438111585,51401,스릴러,청소년관람불가,19865.34871061611,2015,2,해외,27.607635457396984
팬,장편,미국,428,1422971592,185960,436454392,53867,판타지,전체관람가,18438.6277136941,2015,10,해외,28.966982146698218
사라진 시간,장편,한국,874,1651188580,185653,388762580,43314,미스터리,15세이상관람가,21431.205866054428,2020,6,국내,23.330622182243214
헝거게임: 노래하는 새와 뱀의 발라드,장편,미국,986,1811452126,185507,681139211,65900,액션,15세이상관람가,23529.812254673467,2023,11,해외,35.52426593066569
해피 피트 2,장편,호주,315,1459727000,185420,414212500,48493,애니메이션,전체관람가,18969.984132409263,2012,2,해외,26.1530579225542
플라이 미 투 더 문,장편,벨기에,146,1169112492,185339,292153500,40250,애니메이션,전체관람가,15199.923032603818,2008,10,해외,21.71696189145296
더 셰프,장편,미국,409,1471118148,185080,630704148,76823,드라마,15세이상관람가,19153.139222114307,2015,11,해외,41.507996542035876
롱 샷,장편,미국,454,1622789797,184796,756409017,85515,코미디,15세이상관람가,21160.289509734863,2019,7,해외,46.27535228035239
톡 투 미,장편,호주,604,1745648371,184736,559911890,59437,공포(호러),15세이상관람가,22769.69089331516,2023,11,해외,32.17402130608002
우상,장편,한국,900,1581839728,183784,534386118,59765,스릴러,15세이상관람가,20739.901162129037,2019,3,국내,32.51915291864363
마이 리틀 히어로,장편,한국,341,1286203128,183650,358976628,49040,드라마,전체관람가,16876.039454305104,2013,1,국내,26.70296760141574
브레드이발소: 셀럽 인 베이커리타운,장편,한국,342,1556568690,183479,269713920,30533,애니메이션,전체관람가,20442.491662320175,2024,3,국내,16.6411414930319
극장판 포켓몬스터DP - 디아루가 VS 펄기아 VS 다크라이,장편,일본,588,1394555400,183421,222643100,27844,애니메이션,전체관람가,18320.55466839307,2018,6,해외,15.18037738317859
명탐정 코난 : 탐정들의 진혼가,장편,일본,294,1199693100,182668,218392700,31453,애니메이션,12세이상관람가,15825.578355201525,2014,2,해외,17.21866993671579
극장판 도라에몽: 진구의 보물섬,장편,일본,463,1368372400,182256,212102900,26827,애니메이션,전체관람가,18091.491591861257,2018,8,해외,14.719405671143884
바니버디,장편,미국,224,1207951000,181841,283924000,40511,애니메이션,전체관람가,16006.98028060129,2011,7,해외,22.278254079113072
20세기 소년,장편,일본,212,1139152167,181649,482688667,72673,SF,12세이상관람가,15111.258419935653,2008,9,해외,40.00737686417211
엔젤 해즈 폴른,장편,미국,601,1479789022,181400,473592882,55235,액션,15세이상관람가,19656.872544201062,2019,11,해외,30.449283351708928
스턴트맨,장편,미국,801,1878120062,181191,732343891,66632,액션,15세이상관람가,24976.90564566327,2024,5,해외,36.774453477269844
유령작가,장편,프랑스,189,1336206483,180826,552752500,71043,미스터리,15세이상관람가,17805.92756479337,2010,6,해외,39.288044860805414
백악관 최후의 날,장편,미국,283,1268117000,180661,400500000,55246,액션,청소년관람불가,16914.01915442642,2013,6,해외,30.579925938636453
해양경찰 마르코,장편,덴마크,276,1143045000,180618,228714500,34508,어드벤처,전체관람가,15249.450781233429,2013,2,해외,19.10551550786743
로마 위드 러브,장편,미국,201,1322285801,180486,878765801,116909,코미디,청소년관람불가,17653.61770875931,2013,4,해외,64.77455315093692
오멘: 저주의 시작,장편,미국,644,1857073182,180448,543257823,51952,공포(호러),15세이상관람가,24798.69623021257,2024,4,해외,28.790565703138853
127시간,장편,미국,233,1333438500,180332,480060000,61595,드라마,15세이상관람가,17817.718537348384,2011,2,해외,34.156444779628686
극장판 포켓몬스터 AG: 뮤와 파동의 용사 루카리오,장편,일본,667,1593814180,180261,280272160,30035,애니메이션,전체관람가,21305.307839108526,2025,1,해외,16.66195128175257
레전드,장편,프랑스,449,1439444930,180082,508529730,61257,액션,청소년관람불가,19260.903366244267,2015,12,해외,34.01617041125709
댄 인 러브,장편,미국,175,1151134167,179680,566063667,85688,코미디,12세이상관람가,15437.540460148699,2008,3,해외,47.68922528940339
밤쉘: 세상을 바꾼 폭탄선언,장편,미국,882,1520624340,179393,670240220,77859,드라마,15세이상관람가,20425.29550286008,2020,7,해외,43.401359027386796
오펀: 천사의 탄생,장편,미국,707,1807207476,177705,518641020,51976,공포(호러),15세이상관람가,24505.313917101685,2022,10,해외,29.248473593877495
핵소 고지,장편,미국,442,1342081900,177601,470997000,60479,드라마,15세이상관람가,18208.97567669454,2017,2,해외,34.05329924944117
아빠가 여자를 좋아해,장편,한국,283,1264356155,177535,349074500,45922,멜로/로맨스,12세이상관람가,17160.79273016249,2010,1,국내,25.86644886923705
허트 로커,장편,미국,166,1323984967,177509,603903200,77020,전쟁,15세이상관람가,17972.751926306537,2010,4,해외,43.389349272431254
문라이트,장편,미국,173,1403639195,177483,851030495,105926,드라마,15세이상관람가,19056.82865672728,2017,2,해외,59.682335773003615
유전,장편,미국,422,1560899725,177145,545540325,59471,공포(호러),15세이상관람가,21232.34726707785,2018,6,해외,33.571932597589544
플로우,장편,기타,693,1687288150,176854,643841890,63511,애니메이션,전체관람가,22989.327797580227,2025,3,해외,35.911542854558
겟 스마트,장편,미국,166,1152676500,176852,506078500,74431,범죄,12세이상관람가,15705.413198266117,2008,6,해외,42.086603487662
명탐정 코난:은빛 날개의 마술사,장편,일본,139,1158686500,176483,210276500,31323,애니메이션,전체관람가,15820.309393259422,2013,1,해외,17.74845169223098
더 로드,장편,미국,172,1303099693,176152,535743000,69037,SF,15세이상관람가,17825.510128984988,2010,1,해외,39.1917207865934
채비,장편,한국,480,1249977864,175889,320185164,43533,드라마,12세이상관람가,17124.407171636933,2017,11,국내,24.75026863533251
오퍼나지: 비밀의계단,장편,스페인,168,1132095000,175588,447712500,65604,드라마,15세이상관람가,15536.026146639548,2008,2,해외,37.362462127252435
"나는 내일, 어제의 너와 만난다",장편,일본,206,1344639400,175519,450954600,58106,멜로/로맨스,12세이상관람가,18460.08090154933,2017,10,해외,33.10524786490351
톱스타,장편,한국,397,1194180500,175152,391021500,55093,드라마,15세이상관람가,16428.835374383256,2013,10,국내,31.45439389787156
부활,장편,미국,120,1240599600,175146,416698600,56248,드라마,12세이상관람가,17068.026826225116,2016,3,해외,32.11492126568692
두번할까요,장편,한국,658,1449660120,174938,369483800,43186,코미디,15세이상관람가,19967.971027807856,2019,10,국내,24.686460345951136
업사이드 다운,장편,캐나다,309,1225993645,174879,498007145,67389,SF,12세이상관람가,16892.831925027403,2012,11,해외,38.5346439538195
론 서바이버,장편,미국,305,1310414120,173678,366057320,46564,액션,15세이상관람가,18180.911719055774,2014,4,해외,26.810534437292
찰리윌슨의 전쟁,장편,미국,150,1138316611,173263,485977611,71543,코미디,15세이상관람가,15831.029087405184,2008,2,해외,41.29156253787595
어느 가족,장편,일본,126,1430044900,173010,892557000,104979,드라마,15세이상관람가,19917.29567829146,2018,7,해외,60.67799549159009
발렌타인 데이,장편,미국,200,1337699931,172997,708218500,88323,멜로/로맨스,15세이상관람가,18632.538874725247,2010,2,해외,51.05464256605606
방법: 재차의,장편,한국,838,1542513510,172969,347753420,38779,미스터리,15세이상관람가,21488.82183568377,2021,7,국내,22.41962432574623
아빠를 빌려드립니다,장편,한국,326,1188673500,172445,320981200,44487,코미디,12세이상관람가,16609.779894899264,2014,11,국내,25.797790599901415
트론: 아레스,장편,미국,779,1899878820,172267,653344990,53959,SF,12세이상관람가,26575.149349626154,2025,10,해외,31.32288830710467
자전차왕 엄복동,장편,한국,624,1304861670,172212,349815310,44630,드라마,12세이상관람가,18257.99008171212,2019,2,국내,25.915731772466494
조이,장편,미국,405,1372216200,171577,614470400,74056,코미디,12세이상관람가,19271.493616515992,2016,3,해외,43.16196226766991
극장판 엄마 까투리: 도시로 간 까투리 가족,장편,한국,616,1591633099,171367,285360594,31886,애니메이션,전체관람가,22380.391087654403,2022,9,국내,18.6068496268243
앵커,장편,한국,1032,1650141610,171105,476095980,49757,스릴러,15세이상관람가,23238.62449007039,2022,4,국내,29.079804798223314
케로로 더 무비:케로로 VS 케로로 천공대결전,장편,일본,63,982898500,170998,233300500,38921,애니메이션,전체관람가,13850.630536508777,2008,8,해외,22.761084924969882
더 프레데터,장편,미국,582,1502022014,170878,415294114,45133,SF,청소년관람불가,21180.784853619938,2018,9,해외,26.41241119395124
예수는 역사다,장편,미국,217,1229743400,170796,336647800,42982,드라마,전체관람가,17349.569711431974,2017,7,해외,25.16569474694958
19곰 테드 2,장편,미국,297,1378084400,170647,605457800,72311,코미디,청소년관람불가,19459.382826564895,2015,6,해외,42.37460957415015
그랑프리,장편,한국,235,1241827441,170446,379100000,48666,드라마,12세이상관람가,17556.031115532616,2010,9,국내,28.552151414524246
대배우,장편,한국,474,1245426228,169855,337587528,44595,코미디,12세이상관람가,17668.170235917027,2016,3,국내,26.254746695711045
새해전야,장편,한국,906,1563530850,169789,395332540,43037,멜로/로맨스,12세이상관람가,22189.565972280125,2021,2,국내,25.347342878513917
퍼피 구조대: 더 마이티 무비,장편,미국,566,1535164736,169416,268531853,28455,애니메이션,전체관람가,21834.96325577135,2023,10,해외,16.79593426830996
매직브러시,장편,중국,460,1269463800,169257,277581400,33920,애니메이션,전체관람가,18072.805943994343,2016,5,해외,20.040530081473733
라스트베가스,장편,미국,349,1302220176,169138,482443076,60402,코미디,15세이상관람가,18552.18781213373,2014,5,해외,35.71166739585428
렛 미 인,장편,영국,220,1158654342,169072,413320000,56183,드라마,15세이상관람가,16513.30896596702,2010,11,해외,33.23022144411848
노리개,장편,한국,278,1229574500,169054,371215500,48830,드라마,청소년관람불가,17525.939170217374,2013,4,국내,28.88426183349699
동화지만 청불입니다,장편,한국,668,1564238340,168500,468271220,49584,코미디,청소년관람불가,22369.430338564944,2025,1,국내,29.42670623145401
나는 아빠다,장편,한국,300,1246420500,168049,364430500,47282,액션,청소년관람불가,17872.304456237558,2011,4,국내,28.135841331992456
가문의 영광: 리턴즈,장편,한국,823,1608459160,167878,282473277,29353,코미디,15세이상관람가,23087.034660999518,2023,9,국내,17.4847210474273
진범,장편,한국,224,1424601000,167333,298936100,34223,스릴러,15세이상관람가,20514.623499105994,2019,7,국내,20.452032772973652
극장판 도라에몽: 진구의 남극 꽁꽁 대모험,장편,일본,351,1175560900,166252,194738200,26136,애니메이션,전체관람가,17038.452875573705,2017,8,해외,15.720713134278084
플라워 킬링 문,장편,미국,719,1573261909,166226,690991661,71910,범죄,청소년관람불가,22806.255049193445,2023,10,해외,43.26038044589895
극장판 도라에몽: 진구의 아프리카 모험 ~베코와 5인의 탐험대~,장편,일본,277,1183524300,166092,221826900,29570,애니메이션,전체관람가,17170.39823189877,2014,9,해외,17.803386075187248
마루이 비디오,장편,한국,284,1704980000,165822,311428000,31090,미스터리,15세이상관람가,24775.877399673598,2023,2,국내,18.749020033529927
극장판 도라에몽: 진구와 기적의 섬 애니멀 어드벤처,장편,일본,184,1071505500,165640,196301000,28865,애니메이션,전체관람가,15587.665804488179,2012,7,해외,17.4263462931659
스플라이스,장편,캐나다,126,1284084141,165393,552270500,68259,SF,청소년관람불가,18708.03875020133,2010,7,해외,41.27079138778546
킬러 엘리트,장편,미국,251,1249754000,165123,461384000,58182,스릴러,청소년관람불가,18237.649641096315,2011,9,해외,35.235551679656986
"그 시절, 우리가 좋아했던 소녀",장편,한국,709,1469638000,164767,418665300,46467,멜로/로맨스,12세이상관람가,21492.75270862593,2025,2,국내,28.201642319153713
김복남 살인사건의 전말,장편,한국,107,1272487471,164450,471480200,58738,스릴러,청소년관람불가,18645.392945451615,2010,9,국내,35.71784737002128
더 페이버릿: 여왕의 여자,장편,미국,83,1380191276,164372,831098346,97482,드라마,15세이상관람가,20233.14257199142,2019,2,해외,59.30572116905556
세이프 하우스,장편,미국,292,1223151500,163729,433708500,55352,액션,15세이상관람가,18001.410941544826,2012,2,해외,33.80708365653
팬도럼,장편,독일,189,1241613605,163494,395457000,49362,액션,청소년관람불가,18299.387207164746,2009,10,해외,30.191933648941244
이상한 과자 가게 전천당,장편,한국,531,1482118890,163417,203881690,21166,판타지,전체관람가,21854.34085362666,2026,5,국내,12.952140842140047
무법자,장편,한국,192,1241201107,163334,284829000,34920,드라마,청소년관람불가,18311.22755191115,2010,3,국내,21.37950457345072
다크아워,장편,미국,324,1319649000,162604,356461000,41658,SF,12세이상관람가,19555.95869987045,2012,1,해외,25.61929595827901
아메리칸 울트라,장편,미국,341,1301387295,161382,468332595,56452,액션,청소년관람불가,19431.367810536492,2015,8,해외,34.98035716498742
트랜스포터: 리퓰드,장편,프랑스,432,1263319115,161245,335757915,41198,액션,15세이상관람가,18878.98815952825,2015,10,해외,25.549939533008775
빅,장편,미국,332,1174196720,160860,215962400,28656,애니메이션,전체관람가,17589.143893739823,2016,7,해외,17.81424841477061
부산,장편,한국,204,1185994280,160741,283830500,36192,액션,청소년관람불가,17779.020549633726,2009,10,국내,22.51572405297964
고장난 론,장편,미국,904,1440020590,160005,356391860,37312,애니메이션,전체관람가,21686.379378957663,2021,10,해외,23.319271272772728
더 큐어,장편,미국,419,1331883200,159948,484137700,56699,미스터리,청소년관람불가,20065.003053703294,2017,2,해외,35.4483957286118
정보원,장편,한국,766,1431084750,159282,336402200,35896,코미디,15세이상관람가,21649.63390685581,2025,12,국내,22.536130887357015
니코,장편,핀란드,168,971874013,158693,203771500,31660,애니메이션,전체관람가,14757.204738496754,2008,12,해외,19.95047040512184
공기살인,장편,한국,756,1473339250,158265,344144210,37616,드라마,12세이상관람가,22432.092125491825,2022,4,국내,23.767731336682147
더 자이언트,장편,미국,227,996566000,157972,270661000,40716,애니메이션,전체관람가,15201.199297481115,2013,2,해외,25.77418783075482
회복,장편,한국,2,1128545852,157793,505918500,66450,다큐멘터리,12세이상관람가,17233.892474195454,2010,1,국내,42.11213425183627
극장판 요괴워치 섀도사이드: 도깨비왕의 부활,장편,일본,454,1205873200,157689,181911300,22720,애니메이션,전체관람가,18426.894420136265,2018,9,해외,14.408107096880569
"포켓몬스터: 성도지방 이야기, 최종장",장편,일본,710,1385194057,157303,254396536,27749,애니메이션,전체관람가,21219.029546920767,2024,5,해외,17.64047729541077
데스 레이스,장편,미국,151,1044019000,156983,281078000,40206,SF,청소년관람불가,16025.355826649637,2008,10,해외,25.61169043781811
어브덕션,장편,미국,285,1140666500,156744,425276500,55730,액션,15세이상관람가,17535.561016074713,2011,9,해외,35.55478997601184
써커 펀치,장편,미국,240,1223821000,156606,432024000,52115,액션,15세이상관람가,18830.480729092378,2011,4,해외,33.27777990626157
빨간모자의 진실 2,장편,미국,287,1113721000,155798,301066500,40375,애니메이션,전체관람가,17225.285691991965,2011,7,해외,25.914966816005343
아메리칸 허슬,장편,미국,245,1195060400,155374,706132800,90145,범죄,청소년관람불가,18533.754775302375,2014,2,해외,58.018072521786145
아토믹 블론드,장편,미국,471,1177725658,155368,486321658,62007,액션,청소년관람불가,18265.621954374317,2017,8,해외,39.909762628083
레고 닌자고 무비,장편,미국,459,1149394400,154966,292991400,37758,애니메이션,전체관람가,17872.46918834431,2017,9,해외,24.365344656247174
최강전사 미니특공대 : 새로운 악당의 습격,장편,한국,318,1163431200,154342,220766300,27906,애니메이션,전체관람가,18163.874218934543,2015,2,국내,18.080626141944514
크레이지 리치 아시안,장편,미국,531,1333313141,154297,606690591,68552,멜로/로맨스,12세이상관람가,20822.198418618576,2018,10,해외,44.428601981892065
킥 애스: 영웅의 탄생,장편,영국,221,1167536970,153849,500415500,63215,액션,청소년관람불가,18286.385328377448,2010,4,해외,41.08898985368771
폴리스 스토리 2014,장편,중국,251,1138068500,153591,265234000,34086,액션,15세이상관람가,17854.781432113596,2014,1,해외,22.19270660390257
더 레이븐,장편,미국,265,1123639000,153278,378660500,49491,스릴러,청소년관람불가,17664.399688289817,2012,7,해외,32.28839102806665
타오르는 여인의 초상,장편,프랑스,120,1286959338,153178,764451358,87747,드라마,15세이상관람가,20245.119002429965,2020,1,해외,57.284335870686384
마이 블루베리 나이츠,장편,홍콩,157,983901850,152314,78253667,84207,멜로/로맨스,12세이상관람가,15565.527996935944,2008,3,해외,55.28513465603949
극장판 엉덩이 탐정: 수플레 섬의 비밀,장편,일본,770,1406338740,152301,218488520,22968,애니메이션,전체관람가,22250.464857044743,2022,5,해외,15.080662635176395
트롤: 월드 투어,장편,미국,344,1168000320,152159,303995980,37939,애니메이션,전체관람가,18496.8263619611,2020,4,해외,24.933786368206942
시카리오: 암살자의 도시,장편,미국,227,1230501192,152061,588321492,71188,범죄,청소년관람불가,19499.16884180041,2015,12,해외,46.81542275797213
익스펜더블 3,장편,미국,320,1158358800,152025,289064100,36474,액션,15세이상관람가,18360.30931818047,2014,8,해외,23.99210656142082
가여운 것들,장편,미국,471,1517976615,151981,809046857,79580,드라마,청소년관람불가,24067.3174666808,2024,3,해외,52.36180838394273
아메리칸 셰프,장편,미국,111,1240660929,151833,787266129,95079,코미디,15세이상관람가,19689.688060098368,2015,1,해외,62.6207741400091
히든 카드,장편,미국,362,1080423651,151476,367779151,48767,범죄,청소년관람불가,17187.08233870283,2013,9,해외,32.1945390688954
달빛궁궐,장편,한국,425,1134639700,151360,258859700,31822,애니메이션,전체관람가,18063.369227438296,2016,9,국내,21.024048625792812
쏘우 V,장편,미국,153,1044040000,150835,385276000,53247,범죄,청소년관람불가,16678.881135973603,2008,12,해외,35.30148838134385
스테이트 오브 플레이,장편,미국,197,998567826,150447,411384500,58663,드라마,12세이상관람가,15993.58932069181,2009,4,해외,38.99246910872267
로맨틱 아일랜드,장편,한국,208,1002069212,150401,363551000,51505,멜로/로맨스,15세이상관람가,16054.578142624821,2008,12,국내,34.24511805107679
짱구는 못말려 극장판 : 정면승부! 로봇아빠의 역습,장편,일본,372,1085388600,150226,171433200,22562,애니메이션,전체관람가,17409.730784734133,2015,4,해외,15.018705150905967
다운사이징,장편,미국,511,1236582004,150215,428993404,51033,드라마,15세이상관람가,19836.339062604642,2018,1,해외,33.97330492960091
비정규직 특수요원,장편,한국,497,1150732700,149719,244094600,30726,코미디,15세이상관람가,18520.360672446866,2017,3,국내,20.522445381013764
워킹걸,장편,한국,308,1183887479,149181,389163479,49874,코미디,청소년관람불가,19122.68260202715,2015,1,국내,33.4318713509093
짱구는 못말려 극장판:태풍을 부르는 노래하는 엉덩이 폭탄,장편,일본,87,1032246002,148964,297200000,41600,애니메이션,전체관람가,16697.589779110538,2009,9,해외,27.92621035954996
레고 배트맨 무비,장편,미국,427,1175424305,148760,387885305,45835,애니메이션,전체관람가,19039.71311435578,2017,2,해외,30.81137402527561
미스컨덕트,장편,미국,470,1133511038,148512,343296538,43994,범죄,15세이상관람가,18391.455901174188,2016,3,해외,29.62319543201896
기프트,장편,미국,188,996472520,148138,374627000,53252,액션,15세이상관람가,16208.795868782072,2009,3,해외,35.94756240802495
화피,장편,홍콩,172,975274000,147450,256622500,36711,스릴러,15세이상관람가,15937.998177858944,2008,10,해외,24.897253306205496
카오스 워킹,장편,미국,780,1230782480,147443,415750320,55740,어드벤처,15세이상관람가,20114.49112987833,2021,2,해외,37.80443968177533
벌새,장편,한국,145,1192568974,146665,778199114,90684,드라마,15세이상관람가,19593.360231229355,2019,8,국내,61.8307026216207
서울역,장편,한국,440,1157200562,146548,364877762,44396,애니메이션,15세이상관람가,19027.45236479943,2016,8,국내,30.294511013456344
크레이지,장편,미국,196,1123006998,146377,364397000,45158,공포(호러),청소년관람불가,18486.790677744077,2010,4,해외,30.85047514295279
웨딩드레스,장편,한국,183,1014636235,146148,219105000,29532,드라마,전체관람가,16728.97740893783,2010,1,국내,20.206913539699485
원피스 극장판: 스트롱 월드,장편,일본,76,987877070,145751,254261500,36690,애니메이션,전체관람가,16332.146432606261,2010,2,해외,25.17306913846217
13시간,장편,미국,380,1160889514,144827,331939114,39831,액션,15세이상관람가,19314.935268427034,2016,3,해외,27.50246846237235
철의 여인,장편,영국,162,1079070500,144338,601412000,78293,드라마,12세이상관람가,18014.451353892062,2012,2,해외,54.24281893887958
펜트하우스 코끼리,장편,한국,240,1087284273,144070,352505500,44241,드라마,청소년관람불가,18185.341178694092,2009,11,국내,30.70798917193031
안나 카레니나,장편,미국,248,986727000,143947,530093000,74226,드라마,15세이상관람가,16517.575369314727,2013,3,해외,51.564812048879105
헬프,장편,미국,163,1045217500,143738,592894500,78752,드라마,전체관람가,17522.133225327812,2011,11,해외,54.78857365484423
불릿 트레인,장편,미국,904,1554615073,143620,602994982,52936,액션,청소년관람불가,26083.138956047,2022,8,해외,36.85837627071438
하우스 오브 구찌,장편,미국,734,1415370730,143605,782911850,78802,범죄,15세이상관람가,23749.39507341717,2022,1,해외,54.87413390898646
지슬 - 끝나지 않은 세월2,장편,한국,81,984416100,143490,450875600,61257,드라마,15세이상관람가,16531.374924746025,2013,3,국내,42.690779845285384
가버나움,장편,기타,111,1182486219,142622,685177439,79905,드라마,15세이상관람가,19978.43518624427,2019,1,해외,56.025718332375085
장난감이 살아있다,장편,아르헨티나,294,1109230600,142577,261978700,31893,애니메이션,전체관람가,18746.675966510087,2016,9,해외,22.36896554142674
우먼 인 골드,장편,미국,252,1096192800,142456,571626200,71829,드라마,12세이상관람가,18542.0651551001,2015,7,해외,50.42188465210311
은밀한 유혹,장편,한국,394,1112423247,142405,353352647,43475,멜로/로맨스,15세이상관람가,18823.341487857262,2015,6,국내,30.52912467961097
키친,장편,한국,179,939320372,142336,394993100,56559,멜로/로맨스,15세이상관람가,15901.968462880299,2009,2,국내,39.73625786870504
나쁜 녀석들: 라이드 오어 다이,장편,미국,767,1397863780,141758,388744424,37691,액션,15세이상관람가,23761.24421783127,2024,6,해외,26.58827015053824
굿바이,장편,일본,167,885687097,141719,399031167,61432,드라마,12세이상관람가,15059.277696735191,2008,10,해외,43.347751536491224
극장판 또봇: 로봇군단의 습격,장편,한국,231,1089135300,141592,214935500,27208,애니메이션,전체관람가,18535.10374624664,2017,4,국내,19.215774902536868
마담 프루스트의 비밀정원,장편,프랑스,43,1108112442,141480,674528342,83058,드라마,전체관람가,18872.988851078615,2014,7,해외,58.70653095843935
눈의 여왕5: 스노우 프린세스와 미러랜드의 비밀,장편,기타,626,1301016791,141354,210642787,22495,애니메이션,전체관람가,22178.220773922978,2022,12,해외,15.913946545552301
극장판 아이엠스타 : 꿈의 오디션!,장편,일본,254,1045638100,141025,210890800,28342,애니메이션,전체관람가,17866.405811154564,2016,2,해외,20.09714589611771
극장판 엉덩이 탐정: 미스터리 가면 ~최강의 대결,장편,일본,601,1278771994,141025,241889990,25852,애니메이션,전체관람가,21849.87270905996,2023,9,해외,18.33150150682503
나를 기억해,장편,한국,545,1227953892,140849,289799692,32322,미스터리,청소년관람불가,21007.781673734677,2018,4,국내,22.947979751364937
프로젝트 Y,장편,한국,800,1374381060,140808,450798490,43474,범죄,15세이상관람가,23519.697675994586,2026,1,국내,30.87466621214704
화장,장편,한국,327,1059405100,140616,338077900,43757,드라마,청소년관람불가,18154.28808595022,2015,4,국내,31.118080446037432
크롤,장편,미국,612,1128159080,140576,315223980,38005,액션,15세이상관람가,19337.978136081772,2019,11,해외,27.035198042340085
아르고,장편,미국,238,999347500,140522,389160500,52203,스릴러,15세이상관람가,17136.578365382225,2012,10,해외,37.149343163348085
500일의 썸머,장편,미국,185,1064051540,140458,519444500,66078,드라마,15세이상관람가,18254.422065370654,2010,1,해외,47.04466815702914
블루 재스민,장편,미국,207,1030316900,140350,686011400,89760,드라마,15세이상관람가,17689.286250810153,2013,9,해외,63.954399714998225
플로렌스,장편,영국,382,1079970100,139717,460420100,58672,드라마,15세이상관람가,18625.776321860947,2016,8,해외,41.9934582047997
액트 오브 밸러: 최정예 특수부대,장편,미국,223,1036484500,139541,332364500,42271,액션,15세이상관람가,17898.345375539753,2012,2,해외,30.292888828373023
꽃보다 남자,장편,일본,196,851004500,139217,295082500,45654,멜로/로맨스,12세이상관람가,14729.618171717882,2008,9,해외,32.79340885093056
나이트메어,장편,미국,109,1073229640,139140,353516000,43218,공포(호러),청소년관람불가,18586.283729138202,2010,5,해외,31.060802069857697
퍼펙트 데이즈,장편,일본,137,1308045836,138937,886074219,91179,드라마,12세이상관람가,22685.948862494755,2024,7,해외,65.62614710264364
아가일,장편,미국,841,1422200957,138902,556245257,51412,액션,12세이상관람가,24672.000819508183,2024,2,해외,37.01314595902147
빅샤크: 매직체인지,장편,중국,414,1012286700,138705,136745900,16974,애니메이션,전체관람가,17585.84809661486,2018,6,해외,12.237482426732994
첫사랑 엔딩,장편,중국,494,1342856760,138470,320721880,32261,멜로/로맨스,전체관람가,23368.234431189045,2025,8,해외,23.298187332996317
극장판 도라에몽: 진구와 철인군단 날아라 천사들,장편,일본,154,937570000,138277,216318000,30271,애니메이션,전체관람가,16338.254512877113,2011,7,해외,21.891565480882576
극장판 엉덩이 탐정: 화려한 사건 수첩,장편,일본,561,1094031140,138118,234481940,27835,애니메이션,전체관람가,19086.720155648298,2019,7,해외,20.153057530517383
데이브레이커스,장편,미국,187,1046842179,137955,362633500,45405,액션,청소년관람불가,18285.029717652822,2010,3,해외,32.91290638251604
더 포스트,장편,미국,281,1090246148,137841,601255748,74508,드라마,12세이상관람가,19058.90955381366,2018,2,해외,54.053583476614364
독전: 익스텐디드 컷,장편,한국,398,844714600,137775,236870200,37991,범죄,15세이상관람가,14773.775122263689,2018,7,국내,27.574668844129924
극장판파워레인저 엔진포스VS 와일드스피릿,장편,일본,125,978723556,137690,221385500,30052,SF,전체관람가,17128.11398400633,2010,1,해외,21.825840656547317
0.0MHz,장편,한국,446,1088258860,137294,213889040,25604,공포(호러),15세이상관람가,19099.964354043852,2019,5,국내,18.649030547584015
50/50,장편,미국,159,1029728500,137205,604651500,77313,코미디,15세이상관람가,18084.424721955496,2011,11,해외,56.348529572537444
더 퍼지,장편,미국,232,1030484000,137126,320267000,40621,스릴러,청소년관람불가,18108.11936396901,2013,11,해외,29.623120341875353
극장판 에그엔젤 코코밍: 푸르밍과 두근두근 코코밍 세계,장편,일본,232,1055895200,137052,230840900,29255,애니메이션,전체관람가,18564.674598929825,2017,9,해외,21.345912500364825
파이터,장편,미국,263,1033270000,136946,417739500,52806,드라마,15세이상관람가,18180.941604104268,2011,3,해외,38.559724270880494
좀비랜드: 더블 탭,장편,미국,585,1176173880,136869,391265590,44122,액션,15세이상관람가,20707.055123591486,2019,11,해외,32.23666425560207
그랜 토리노,장편,미국,109,917074253,136703,494144000,71523,드라마,12세이상관람가,16165.098623354526,2009,3,해외,52.319992977476716
파이프라인,장편,한국,777,1200729450,136680,306468820,34792,범죄,15세이상관람가,21168.598009245055,2021,5,국내,25.45507755340942
남은 인생 10년,장편,일본,203,1459624700,136412,506283100,46301,멜로/로맨스,12세이상관람가,25783.420460129822,2023,5,해외,33.942028560537196
워터 디바이너,장편,미국,326,1008818235,136134,315480635,42375,드라마,15세이상관람가,17856.577440264828,2015,1,해외,31.127418572876724
극장판 슈퍼윙스: 맥시멈 스피드,장편,한국,407,1192070958,135976,220161255,24155,애니메이션,전체관람가,21124.7583379349,2023,7,국내,17.76416426428193
링컨,장편,미국,214,941056500,135900,429441000,60711,드라마,12세이상관람가,16685.842708582677,2013,3,해외,44.673289183222956
제 5침공,장편,미국,312,1041049900,135874,199429800,25028,액션,12세이상관람가,18462.35465139478,2016,2,해외,18.420006770978993
제인 에어,장편,영국,208,981132000,135797,484702000,64231,드라마,12세이상관람가,17409.615042864745,2011,4,해외,47.299277598179636
극장판 꼬마버스 타요의 에이스 구출작전,장편,한국,200,906299900,135478,190910800,27929,애니메이션,전체관람가,16119.629613095054,2016,1,국내,20.615155228155125
톰과 제리,장편,미국,918,1163773600,135362,292943050,33569,애니메이션,전체관람가,20716.84619715843,2021,2,해외,24.799426722418406
로빈슨 크루소,장편,벨기에,329,1038675400,135094,200206200,24105,애니메이션,전체관람가,18526.598436323053,2016,9,해외,17.84313144921314
바이스,장편,미국,241,1144142384,134925,540292584,63132,드라마,15세이상관람가,20433.348897535667,2019,4,해외,46.79043913285159
로마의 휴일,장편,한국,436,993321176,134827,217460976,28160,코미디,15세이상관람가,17752.712753451746,2017,8,국내,20.886024312637677
블루 자이언트,장편,일본,574,1316646058,134724,683997052,68004,애니메이션,12세이상관람가,23549.190223081692,2023,10,해외,50.47652979424602
대니쉬 걸,장편,미국,246,1074763884,134029,628018484,76402,드라마,청소년관람불가,19322.627875804974,2016,2,해외,57.004081206306104
비스틀리,장편,미국,214,1008669500,134025,390695000,49495,드라마,12세이상관람가,18134.89211462526,2011,3,해외,36.929677299011374
썸머 워즈,장편,일본,100,951350362,133946,448917500,60884,애니메이션,전체관람가,17114.43798876692,2009,8,해외,45.45413823481104
해피엔드,장편,일본,111,1314013000,133613,884299340,87286,드라마,15세이상관람가,23697.517348926893,2025,4,해외,65.32747561988728
나의 절친 악당들,장편,한국,384,1054470664,133553,344258564,41604,범죄,청소년관람불가,19025.35447548958,2015,6,국내,31.151677611135653
링스 어드벤처,장편,스페인,158,808603115,133476,211552000,32863,애니메이션,전체관람가,14597.68977916521,2009,6,해외,24.620905630974857
카운슬러,장편,미국,293,966623000,133272,487802000,64412,범죄,청소년관람불가,17477.129841172726,2013,11,해외,48.33123236688877
죽이고 싶은,장편,한국,145,990122522,133079,275976500,35187,스릴러,청소년관람불가,17927.978136367412,2010,8,국내,26.440685607796873
파주,장편,한국,131,978601985,132657,392029100,50823,드라마,청소년관람불가,17775.745511274617,2009,10,국내,38.31158551753771
오션월드 3D,장편,영국,102,1394663380,132602,354157000,32403,다큐멘터리,전체관람가,25343.77046049388,2010,8,해외,24.43628301232259
스파이럴,장편,헝가리,691,1300063130,132427,405740390,41814,스릴러,청소년관람불가,23655.91790921682,2021,5,해외,31.575131959494662
리딕,장편,미국,275,927494000,132059,271943000,37236,SF,15세이상관람가,16923.687906199648,2013,11,해외,28.196487933423697
오늘,장편,한국,207,712814000,131896,256541500,44913,드라마,15세이상관람가,13022.563962406306,2011,10,국내,34.051828713531876
심야식당,장편,일본,180,1041911974,131748,548373674,67271,드라마,12세이상관람가,19056.314043861024,2015,6,해외,51.060357652488086
브레이크 더 사일런스: 더 무비,장편,한국,205,1160249000,131693,377329000,41301,다큐멘터리,전체관람가,21229.531735867255,2020,9,국내,31.361575786108602
파라노말 액티비티 3,장편,미국,180,948704000,131437,303429500,40112,공포(호러),12세이상관람가,17392.6195435057,2011,10,해외,30.518042864642375
22 블렛,장편,프랑스,236,994042368,131436,312647500,39585,액션,청소년관람불가,18223.947886863807,2010,10,해외,30.117319455856844
블러디 발렌타인,장편,미국,230,1234718589,131217,628413500,60777,공포(호러),청소년관람불가,22674.085794238938,2009,7,해외,46.317931365600494
노바디,장편,미국,505,1254490750,131124,402522600,42468,액션,15세이상관람가,23053.51634413558,2021,4,해외,32.387663585613616
마이클 잭슨의 디스 이즈 잇,장편,미국,176,980053035,130746,536876000,69856,다큐멘터리,전체관람가,18062.300784064162,2009,10,해외,53.42878558426262
황시,장편,호주,214,812706500,130275,324367500,50313,전쟁,12세이상관람가,15032.269550279414,2008,9,해외,38.62061024755326
스트리트댄스,장편,영국,211,1449365627,130153,593141500,50599,드라마,12세이상관람가,26833.398338692954,2010,6,해외,38.87655297995436
자백,장편,한국,152,1034815200,129950,459270300,55388,다큐멘터리,15세이상관람가,19188.38478191334,2016,10,국내,42.62254713351289
맨홀,장편,한국,286,1053876130,129732,234298830,27598,공포(호러),청소년관람불가,19574.665882102083,2014,10,국내,21.273086054327383
프라이스리스,장편,프랑스,99,850396500,129645,394801000,58111,코미디,15세이상관람가,15805.840508859457,2008,5,해외,44.823170966871075
클로이,장편,프랑스,183,989894071,129633,416034000,52000,드라마,청소년관람불가,18400.306388591558,2010,2,해외,40.113242769973695
애니멀 크래커,장편,미국,473,1025381740,129246,152429470,18037,애니메이션,전체관람가,19117.027788047413,2020,8,해외,13.955557618804452
아더와 미니모이-제1탄비밀원정대의출정,장편,프랑스,219,823623531,128531,242967000,35750,어드벤처,전체관람가,15440.905419376115,2009,7,해외,27.814301608172347
명탐정 코난: 에피소드 원-작아진 명탐정,장편,일본,215,999362100,128472,201352200,25052,애니메이션,12세이상관람가,18744.17340574703,2017,2,해외,19.49996886481101
보호자,장편,한국,685,1235354700,128133,338303129,33084,액션,15세이상관람가,23231.78504564017,2023,8,국내,25.820046358081054
슈퍼히어로,장편,미국,181,815185333,128054,225838833,33509,SF,12세이상관람가,15339.638021685507,2008,8,해외,26.16786668124385
뮬란: 전사의 귀환,장편,중국,242,903835077,127495,213840500,28928,액션,12세이상관람가,17082.362823583444,2010,9,해외,22.68951723597004
다크 워터스,장편,미국,575,1096657740,127251,383981180,43314,드라마,12세이상관람가,20766.42832735568,2020,3,해외,34.03823938515218
구세주 2,장편,한국,228,838666517,127226,181258500,26726,코미디,15세이상관람가,15884.199562149057,2009,2,국내,21.00671246443337
버틀러: 대통령의 집사,장편,미국,182,884709000,126870,448171500,62066,드라마,15세이상관람가,16803.254635947433,2013,11,해외,48.92094269724915
솔로몬 케인,장편,프랑스,199,955021220,126855,302089000,37900,액션,청소년관람불가,18140.837584700872,2010,3,해외,29.876630798943676
눈길,장편,한국,495,947059100,126443,227150700,29161,드라마,15세이상관람가,18048.21239991085,2017,3,국내,23.062565741084914
카페 소사이어티,장편,미국,199,1047223666,126439,628142366,74414,멜로/로맨스,15세이상관람가,19957.69122250198,2016,9,해외,58.853676476403635
패딩턴: 페루에 가다!,장편,미국,228,1096777900,126219,348058300,39509,코미디,전체관람가,20938.51411636134,2025,2,해외,31.30194344749998
두다다쿵: 후후섬의 비밀,장편,한국,514,1136200550,125950,175227161,18979,애니메이션,전체관람가,21737.45653515212,2023,2,국내,15.068678046843987
메가로돈 2,장편,미국,415,1314843169,125935,296787380,27283,액션,12세이상관람가,25158.191072943064,2023,8,해외,21.664350657085006
마이 리틀 자이언트,장편,미국,128,991375900,125800,273880100,34343,어드벤처,전체관람가,18989.329017181604,2016,8,해외,27.299682034976154
저수지 게임,장편,한국,289,984605100,125402,390376200,47721,다큐멘터리,15세이상관람가,18919.49418381329,2017,9,국내,38.054416994944255
꾸뻬씨의 행복여행,장편,영국,227,919851783,125179,525158883,68547,어드벤처,15세이상관람가,17706.72653146237,2014,11,해외,54.75918484729867
삼국지: 명장 관우,장편,홍콩,207,920899000,125168,292612000,37843,전쟁,15세이상관람가,17728.442852324548,2011,5,해외,30.233765818739617
시간위의 집,장편,한국,454,987958600,124601,247386600,29576,미스터리,15세이상관람가,19105.971320696626,2017,4,국내,23.736567122254236
슈퍼걸,장편,미국,883,1282409750,124203,426210470,38285,액션,12세이상관람가,24879.785318419155,2026,6,해외,30.824537249502832
명탐정 코난:베이커가의 망령,장편,일본,40,711270500,124139,142096000,25705,애니메이션,12세이상관람가,13806.336600722647,2008,5,해외,20.70662724848758
데스 디파잉:어느 마술사의 사랑,장편,영국,221,798922500,124127,304041000,45726,드라마,15세이상관람가,15509.232139915775,2008,3,해외,36.838077130680674
마이펫 오지,장편,스페인,393,911866950,124112,227644200,29374,애니메이션,전체관람가,17703.92676804938,2017,2,해외,23.66733273172618
패스트 라이브즈,장편,미국,613,1152005399,123671,585487208,61187,드라마,12세이상관람가,22445.97863764654,2024,3,해외,49.47562484333433
러시 : 더 라이벌,장편,미국,270,908114000,123582,425323000,55553,액션,청소년관람불가,17706.67658740024,2013,10,해외,44.952339337443966
마법천자문: 대마왕의 부활을 막아라,장편,한국,179,800649684,123538,215803000,31777,애니메이션,전체관람가,15616.865636386796,2010,8,국내,25.722449772539623
썬더일레븐 극장판 : 최강군단 오우거의 습격,장편,일본,166,811159500,123363,152039500,22030,애니메이션,전체관람가,15844.306678820045,2011,5,해외,17.85786662127218
극장판 짱구는 못말려: 신혼여행 허리케인~ 사라진 아빠!,장편,일본,661,1004751550,123329,136596530,15811,애니메이션,전체관람가,19631.133571902446,2020,8,해외,12.820180168492406
리틀 비버,장편,프랑스,116,739408802,123065,202891500,32064,가족,전체관람가,14477.779682497105,2009,4,해외,26.054524032015603
똥파리,장편,한국,68,844521819,123046,444826700,62952,드라마,청소년관람불가,16538.468011473426,2009,4,국내,51.16135429026543
"서서평, 천천히 평온하게",장편,한국,234,875685400,123036,432388600,57346,다큐멘터리,전체관람가,17150.145495666467,2017,4,국내,46.60912253324231
애프터 라이프,장편,미국,185,900663278,122963,267652500,34643,드라마,15세이상관람가,17649.804892822594,2010,9,해외,28.17351561038686
솔로이스트,장편,미국,175,898812915,122841,464296500,60577,드라마,12세이상관람가,17631.037300347998,2009,11,해외,49.31334000862904
그렇게 아버지가 된다,장편,일본,41,934628662,122797,662840500,84187,드라마,전체관람가,18340.16513295378,2013,12,해외,68.5578637914607
웨스트 사이드 스토리,장편,미국,754,1225528640,122706,560733710,55321,드라마,12세이상관람가,24066.313466668005,2022,1,해외,45.08418496243053
러브 라이브! 더 스쿨 아이돌 무비,장편,일본,66,908579000,122574,419577000,55550,애니메이션,전체관람가,17861.430547683907,2015,9,해외,45.31956206046959
더 박스,장편,한국,372,951294340,122469,511289720,66162,드라마,12세이상관람가,18717.18980372412,2021,3,국내,54.02346716311883
겟 썸,장편,미국,165,783743000,122410,248361000,37577,액션,12세이상관람가,15427.96625600515,2008,5,해외,30.6976554203088
사다코 3D : 죽음의 동영상,장편,일본,262,1128635032,122382,256930532,26345,공포(호러),15세이상관람가,22222.24254177075,2012,6,해외,21.52685852494648
윤희에게,장편,한국,317,973626809,122243,569974559,69438,멜로/로맨스,12세이상관람가,19192.00851079851,2019,11,국내,56.803252537977635
극장판 도라에몽: 진구의 비밀도구 박물관,장편,일본,239,780545500,122172,151581500,22339,애니메이션,전체관람가,15394.955719153997,2013,7,해외,18.28487705857316
라스트 위치 헌터,장편,미국,278,934949800,122039,278142900,35242,액션,15세이상관람가,18460.419081911106,2015,12,해외,28.877653864748154
필사의 추격,장편,한국,634,1055865807,121335,264740327,29805,코미디,15세이상관람가,20968.84622430878,2024,8,국내,24.564223018914575
극장판 안녕 자두야: 제주도의 비밀,장편,한국,618,1068187980,121169,156890260,17027,애니메이션,전체관람가,21242.6193148333,2022,1,국내,14.052274096509834
소피의 연애 매뉴얼,장편,중국,188,896131351,121018,327959000,42403,멜로/로맨스,12세이상관람가,17843.235328728355,2009,8,해외,35.038589300765175
마이 시스터즈 키퍼,장편,미국,159,872715162,120952,369455500,49311,드라마,12세이상관람가,17386.468195687703,2009,9,해외,40.769065414379256
리미트리스,장편,미국,164,867035000,120914,288984000,38408,미스터리,15세이상관람가,17278.735000541063,2012,7,해외,31.764725341978593
퇴마: 무녀굴,장편,한국,331,951843500,120802,238138900,29025,공포(호러),15세이상관람가,18986.43064833962,2015,8,국내,24.026920084104567
헤이트풀8,장편,미국,167,996168400,120352,457137100,54514,액션,청소년관람불가,19944.87655487678,2016,1,해외,45.295466631215106
나우 유 씨 미 3,장편,미국,1352,1124200880,120116,353785320,36027,범죄,12세이상관람가,22552.5140958118,2025,11,해외,29.993506277265308
죽여주는 여자,장편,한국,317,872397300,119964,376215400,51740,드라마,청소년관람불가,17523.2750548056,2016,10,국내,43.12960554833117
그란 투리스모,장편,미국,883,1193485239,119510,408505240,39721,액션,12세이상관람가,24063.827677877438,2023,9,해외,33.23654924274119
킹 오브 프리즘 - 프라이드 더 히어로,장편,일본,92,984175500,119398,719013000,84260,애니메이션,15세이상관람가,19862.202289114248,2017,6,해외,70.57069632657164
나는 갈매기,장편,한국,71,711793733,119312,141959000,21362,다큐멘터리,전체관람가,14375.466186860895,2009,9,국내,17.904318090384873
짱구는 못말려 극장판: 폭풍수면! 꿈꾸는 세계 대돌격,장편,일본,334,905611600,119197,147031700,18053,애니메이션,전체관람가,18307.47943745249,2017,1,해외,15.14551540726696
몬스터 패밀리 2,장편,영국,434,993569533,119130,146767764,16965,애니메이션,전체관람가,20096.897951918476,2023,8,해외,14.240745404180307
파리로 가는 길,장편,미국,79,931810300,118985,615973800,76126,드라마,12세이상관람가,18870.6645719745,2017,8,해외,63.97949321343026
말하고 싶은 비밀,장편,일본,401,1121475015,118928,300248803,30907,멜로/로맨스,전체관람가,22722.566878573085,2023,12,해외,25.987992735100228
아티스트,장편,미국,93,910115100,118836,650201600,82208,멜로/로맨스,12세이상관람가,18454.411405087176,2012,2,해외,69.1776902622101
수퍼 소닉,장편,미국,609,932457150,118725,196636200,23442,애니메이션,전체관람가,18925.118541125972,2020,2,해외,19.744788376500317
얼리맨,장편,영국,597,910471000,118612,189895000,23330,애니메이션,전체관람가,18496.492969483574,2018,5,해외,19.669173439449633
부탁 하나만 들어줘,장편,미국,461,1024464238,118528,467225088,53495,스릴러,청소년관람불가,20827.049518267453,2018,12,해외,45.13279562634989
데블,장편,미국,190,868744643,118286,308849000,39845,공포(호러),15세이상관람가,17697.450125476968,2010,11,해외,33.685305107958676
언힌지드,장편,미국,676,1016037190,118112,302552340,35166,스릴러,청소년관람불가,20728.481318936,2020,10,해외,29.773435383364944
괜찮아 괜찮아 괜찮아!,장편,한국,588,1041740140,118094,263506900,28936,가족,12세이상관람가,21256.094338571624,2025,2,국내,24.502514945721206
하이 레인,장편,프랑스,158,892025506,117545,257706500,32361,스릴러,청소년관람불가,18286.26526523808,2009,9,해외,27.530732910800122
앰뷸런스,장편,미국,1033,1156403110,117512,371998700,37688,액션,15세이상관람가,23712.586953437003,2022,4,해외,32.07161821771394
감바의 대모험,장편,일본,400,874198700,117465,164212900,20534,애니메이션,전체관람가,17933.025935949136,2016,11,해외,17.480951772868515
극장판 소드 아트 온라인 -오디널 스케일-,장편,일본,124,897598000,117401,277569000,35430,애니메이션,12세이상관람가,18423.06919862652,2017,2,해외,30.17861858076166
고스트 라이더 : 복수의 화신,장편,미국,269,902982500,117263,229674000,28091,액션,15세이상관람가,18555.396380641232,2012,2,해외,23.955552902450048
우먼 인 블랙,장편,영국,237,862144800,117188,343473800,44298,드라마,15세이상관람가,17727.560410601687,2012,2,해외,37.80079871659214
정무문 : 100대 1의 전설,장편,홍콩,225,872350500,117141,214320000,27154,액션,15세이상관람가,17944.60861346891,2011,6,해외,23.18061139993683
내가 숨쉬는 공기,장편,미국,181,772348500,117058,311055000,44253,범죄,청소년관람불가,15898.791393083482,2008,4,해외,37.80433631191375
다음 소희,장편,한국,562,1113138168,117000,446430411,45448,드라마,15세이상관람가,22925.304664813102,2023,2,국내,38.84444444444444
케로로 더 무비 5: 기적의 사차원섬,장편,일본,75,801845296,116992,210734500,29583,애니메이션,전체관람가,16515.294547995043,2010,4,해외,25.286344365426693
문재인입니다,장편,한국,602,1133443035,116934,389327332,40454,다큐멘터리,12세이상관람가,23356.663041926033,2023,5,국내,34.59558383361554
여교사,장편,한국,393,947192460,116851,299247560,36539,드라마,청소년관람불가,19532.49411540781,2017,1,국내,31.2697366731992
8인: 최후의 결사단,장편,중국,160,878708580,116788,270416000,34297,액션,15세이상관람가,18130.031101561435,2010,1,해외,29.366887008939273
올드,장편,미국,550,1107856560,116240,363307240,39433,공포(호러),12세이상관람가,22965.70784169023,2021,8,해외,33.92377838953888
존 윅,장편,미국,321,925995637,116119,338434537,41631,액션,청소년관람불가,19215.759591038568,2015,1,해외,35.85201388231039
명탐정 코난:전율의 악보,장편,일본,213,890692400,116059,172835800,22143,애니메이션,12세이상관람가,18492.721348520598,2019,2,해외,19.07908908400038
비틀쥬스 비틀쥬스,장편,미국,787,1145904006,115966,481563699,46730,코미디,12세이상관람가,23810.55199186966,2024,9,해외,40.29629374126899
쏘우 3D,장편,미국,159,1470144870,115878,485355000,38230,공포(호러),청소년관람불가,30571.09856086699,2010,11,해외,32.99159460812234
최강전사 미니특공대: 영웅의 탄생,장편,한국,349,866704200,115704,172514300,22357,애니메이션,전체관람가,18049.88466623182,2016,2,국내,19.32258176035401
들어는 봤니? 모건 부부,장편,미국,163,881895788,115454,469082000,59342,코미디,15세이상관람가,18406.032632617884,2010,1,해외,51.398825506262234
길위에 김대중,장편,한국,414,1103401609,115162,337783602,34701,다큐멘터리,12세이상관람가,23087.46859060563,2024,1,국내,30.132335318942012
로맨틱 크라운,장편,미국,239,860040500,114887,381940500,48803,멜로/로맨스,12세이상관람가,18038.479088042615,2011,8,해외,42.479131668509055
안나,장편,프랑스,431,946058240,114796,388815480,45770,액션,15세이상관람가,19858.343580251527,2019,8,해외,39.87072720303843
고스트버스터즈 라이즈,장편,미국,888,1065710980,114395,337817360,36086,어드벤처,12세이상관람가,22448.343590718487,2021,12,해외,31.545085012456838
터키,장편,미국,182,790848700,113795,164605800,22574,애니메이션,전체관람가,16746.425748690974,2014,7,해외,19.837426951975043
시빌 워: 분열의 시대,장편,미국,662,1165431390,113772,445138500,41885,액션,15세이상관람가,24683.300017917893,2024,12,해외,36.81485778574694
명탐정 코난 VS 괴도 키드,장편,일본,295,1127498300,113720,259715200,25577,애니메이션,12세이상관람가,23890.81404760795,2024,6,해외,22.49120647203658
극장판 도라에몽 : 진구의 우주영웅기~스페이스 히어로즈~,장편,일본,351,816868100,113404,155568500,20865,애니메이션,전체관람가,17357.032092958623,2015,9,해외,18.398821911043704
로스트 시티,장편,미국,835,1023084850,113186,358122500,41462,액션,12세이상관람가,21780.650423154635,2022,4,해외,36.631738907638756
스트레인지 월드,장편,미국,699,968821831,112910,177360520,18691,애니메이션,전체관람가,20675.85188331041,2022,11,해외,16.55389248073687
서울괴담,장편,한국,474,1076281490,112725,182811140,19071,공포(호러),15세이상관람가,23006.869580784885,2022,4,국내,16.91816367265469
미라클 벨리에,장편,프랑스,245,857214018,112121,413015318,52179,드라마,12세이상관람가,18422.739245885714,2015,8,해외,46.5381150721096
다이노소어 어드벤처 : 백악기 공룡대백과,장편,영국,325,852443000,112076,170029200,21332,애니메이션,전체관람가,18327.559139086774,2016,5,해외,19.03351297333952
청춘 18X2 너에게로 이어지는 길,장편,대만,635,1074902964,112003,488470780,48543,멜로/로맨스,12세이상관람가,23125.520067287354,2024,5,해외,43.34080337133827
아담스 패밀리 2,장편,미국,750,979210720,111934,183510690,21374,애니메이션,전체관람가,21079.77829448119,2021,11,해외,19.095181088855934
배우는 배우다,장편,한국,297,811031000,111927,270902500,35389,드라마,청소년관람불가,17460.4122889478,2013,10,국내,31.617929543363083
"안녕, 나의 소녀",장편,대만,155,868321954,111541,306753454,37176,멜로/로맨스,12세이상관람가,18758.501876720897,2018,5,해외,33.329448364278605
셀프/리스,장편,미국,340,874447764,111127,292812964,35675,SF,15세이상관람가,18961.215958166176,2015,9,해외,32.102909283972394
스틸 앨리스,장편,미국,109,856744246,111008,479625846,60787,드라마,12세이상관람가,18597.253948049332,2015,4,해외,54.75911646007495
직쏘,장편,미국,175,966956500,110834,270275200,30685,공포(호러),청소년관람불가,21022.571256569307,2017,11,해외,27.685547756103723
엽문,장편,홍콩,168,733132023,110805,191917000,27791,액션,12세이상관람가,15943.172130786583,2009,4,해외,25.08099814990298
러브 앤 프렌즈,장편,미국,207,795721500,110795,383291500,52359,드라마,15세이상관람가,17305.845975172862,2011,6,해외,47.25754772327271
극장판 파워레인저: 캡틴포스 VS 미라클포스 199 히어로 대결전,장편,일본,229,759092000,110771,178072500,24623,애니메이션,전체관람가,16512.781769574984,2012,12,해외,22.228742179812404
바디,장편,태국,160,716431000,110686,197749000,28647,공포(호러),15세이상관람가,15596.730923839914,2008,5,해외,25.88132193773377
교회오빠,장편,한국,200,879140710,110512,308787720,36881,다큐멘터리,전체관람가,19169.06172540168,2019,5,국내,33.372846387722596
조조 래빗,장편,미국,277,948260200,109913,496339340,56148,코미디,12세이상관람가,20788.84515343406,2020,2,해외,51.08403919463576
캣츠 앤 독스 2,장편,미국,161,810563678,109667,183952000,23143,가족,전체관람가,17809.96552432935,2010,9,해외,21.10297537089553
당갈,장편,인도,260,906416500,109441,458846200,54661,액션,12세이상관람가,19957.20200453499,2018,4,해외,49.945632806717775
프로포즈 데이,장편,미국,149,826704936,109313,413981500,53038,멜로/로맨스,12세이상관람가,18223.45088641779,2010,4,해외,48.519389276664256
에브리씽 에브리웨어 올 앳 원스+,장편,미국,199,1119440084,109217,615992280,59394,액션,15세이상관람가,24698.04138130665,2023,3,해외,54.381643883278244
언더워터,장편,미국,594,937112800,109207,259889160,29571,스릴러,15세이상관람가,20677.27464842108,2020,5,해외,27.077934564634138
걸프렌즈,장편,한국,244,787235297,109195,318246000,42177,멜로/로맨스,15세이상관람가,17372.15552810629,2009,12,국내,38.625394935665554
피터와 드래곤,장편,미국,167,865600600,109137,196519100,23706,어드벤처,전체관람가,19111.617309558198,2016,9,해외,21.72132274114187
극장판 도라에몽: 진구의 그림이야기,장편,일본,204,961499100,109112,220578000,25113,애니메이션,전체관람가,21233.826721211408,2025,7,해외,23.0158002786128
미운 오리 새끼의 모험,장편,프랑스,70,618379000,109094,172541500,30997,애니메이션,전체관람가,13658.586902286766,2008,4,해외,28.413111628503856
히트,장편,한국,171,771023500,109019,174749000,22396,드라마,15세이상관람가,17041.872992847384,2011,10,국내,20.54320806464928
이프: 상상의 친구,장편,미국,658,976570626,108911,289956414,31353,코미디,전체관람가,21606.469790244337,2024,5,해외,28.787725757728786
베이블레이드 버스트 갓 : 갓 발키리의 탄생,장편,일본,198,823353500,108896,147634500,19221,애니메이션,전체관람가,18219.074505485947,2017,6,해외,17.65078607111372
할로윈,장편,미국,536,891158713,108780,285667563,34073,공포(호러),청소년관람불가,19740.488994034604,2018,10,해외,31.322853465710608
21,장편,미국,64,730776100,108648,283162500,41255,범죄,15세이상관람가,16207.442981557331,2008,6,해외,37.97124659450703
맨 프롬 UNCLE,장편,미국,361,846390353,108551,337263353,41417,액션,12세이상관람가,18788.355947950957,2015,10,해외,38.154415896675296
캐리와 슈퍼콜라,장편,한국,474,1004792719,108487,158701544,16509,애니메이션,전체관람가,22317.764107209114,2023,1,국내,15.217491496677022
람보 4 : 라스트 블러드,장편,미국,196,696504500,108473,182233000,26990,액션,청소년관람불가,15472.275095051693,2008,2,해외,24.881767813188535
어메이징 모리스,장편,독일,559,956693160,108463,210241754,23796,애니메이션,전체관람가,21254.111751395096,2023,2,해외,21.9392788324129
에어,장편,미국,656,1045708581,108405,455321632,46207,드라마,15세이상관람가,23244.128160629232,2023,4,해외,42.624417692910846
레드 스패로,장편,미국,389,860743700,108344,331557500,41010,스릴러,청소년관람불가,19143.480071063255,2018,2,해외,37.85165768293584
마지막 4중주,장편,미국,29,812813000,108317,546426500,69670,드라마,15세이상관람가,18081.977364298076,2013,7,해외,64.32046677806808
디바,장편,한국,831,901717350,108122,258175260,31164,스릴러,15세이상관람가,20095.93691909385,2020,9,국내,28.82299624498252
더 기버: 기억전달자,장편,미국,233,814330000,107567,294270800,37590,SF,12세이상관람가,18242.034860648913,2014,8,해외,34.94566177359227
더 건맨,장편,프랑스,349,833925965,107444,240111365,30063,액션,청소년관람불가,18702.395262895145,2015,4,해외,27.98015710509661
제로 다크 서티,장편,미국,258,765247500,107104,298295000,39992,전쟁,15세이상관람가,17216.629439778833,2013,3,해외,37.33940842545563
로켓맨,장편,영국,640,918989063,106834,430848073,48758,드라마,15세이상관람가,20727.778395533576,2019,6,해외,45.63902877361139
도희야,장편,한국,310,830948100,106511,250750700,30778,드라마,청소년관람불가,18798.85249704963,2014,5,국내,28.896545896667952
우리가 꿈꾸는 기적: 인빅터스,장편,미국,121,784134225,106443,320187500,41693,드라마,전체관람가,17751.09739711361,2010,3,해외,39.1693206692784
프리덤,장편,미국,117,737817100,106241,143294400,18390,드라마,12세이상관람가,16734.335427193666,2015,11,해외,17.309701527658813
워터호스,장편,미국,42,629620000,106028,116173500,19805,어드벤처,전체관람가,14309.018622496173,2008,3,해외,18.679028181235147
미드나이트,장편,한국,693,928954870,106012,212910900,24419,스릴러,15세이상관람가,21115.019713612783,2021,6,국내,23.034184809266876
웨이 백,장편,미국,175,776193500,105925,239833000,31080,드라마,12세이상관람가,17657.26488678339,2011,3,해외,29.341515223035163
아마존의 눈물,장편,한국,47,658632935,105886,194192000,27825,다큐멘터리,15세이상관람가,14988.452800681978,2010,3,국내,26.278261526547418
더 시그널,장편,미국,263,809982328,105818,353324028,44821,SF,12세이상관람가,18444.54294905529,2014,7,해외,42.35668789808918
국보,장편,일본,521,1065128120,105780,638854750,61165,드라마,15세이상관람가,24263.318048142657,2025,11,해외,57.82283985630554
공주와 개구리,장편,미국,81,716485106,105654,299783500,41898,애니메이션,전체관람가,16340.79291782383,2010,1,해외,39.655857799988645
바람이 분다,장편,일본,288,741722500,105650,306820500,41937,애니메이션,전체관람가,16917.01971159603,2013,9,해외,39.69427354472314
괴기열차,장편,한국,578,980057850,105618,195269150,20214,공포(호러),15세이상관람가,22359.68471967744,2025,7,국내,19.13878316196103
스마일,장편,미국,455,1122947658,105500,424792693,40710,미스터리,청소년관람불가,25648.322000799406,2022,10,해외,38.58767772511848
니드 포 스피드,장편,미국,349,835859900,105340,222825000,25663,액션,15세이상관람가,19120.184554431893,2014,4,해외,24.36206569204481
신부들의 전쟁,장편,미국,207,686671367,105202,264293500,38900,코미디,12세이상관람가,15728.121138381399,2009,4,해외,36.976483336818696
스타워즈 : 클론 전쟁,장편,미국,211,646062000,105151,208270000,32353,애니메이션,전체관람가,14805.145967365577,2008,9,해외,30.768133446186912
미래의 미라이,장편,일본,508,850022957,104950,287591737,34117,애니메이션,전체관람가,19516.418191106495,2019,1,해외,32.50786088613625
라스트 엑소시즘,장편,미국,171,734954077,104936,204889500,27420,공포(호러),15세이상관람가,16876.702747561107,2010,12,해외,26.13021270107494
허밍,장편,한국,167,640923000,104850,237746000,38194,멜로/로맨스,12세이상관람가,14729.544788596446,2008,3,국내,36.427277062470196
5백만불의 사나이,장편,한국,331,739789500,104736,193733000,25929,코미디,15세이상관람가,17020.177409914635,2012,7,국내,24.75653070577452
인사이드 르윈,장편,미국,70,808287200,104601,552247700,69376,드라마,15세이상관람가,18620.089674094896,2014,1,해외,66.32441372453418
스트리밍,장편,한국,819,1010579120,104505,311294500,31001,스릴러,청소년관람불가,23301.56843824271,2025,3,국내,29.664609348834986
아기상어 극장판: 사이렌 스톤의 비밀,장편,미국,578,921318914,104473,182705289,20105,애니메이션,전체관람가,21249.94568839427,2024,2,해외,19.244206637121554
블러드,장편,홍콩,229,701370482,103918,231725000,32540,액션,청소년관람불가,16263.297544379871,2009,6,해외,31.313150753478702
킹 오브 프리즘 (바이 프리티 리듬),장편,일본,53,859771500,103852,630836000,73057,애니메이션,12세이상관람가,19948.951914425023,2016,8,해외,70.34722489696877
꿈은 이루어진다,장편,한국,222,730581233,103627,201625000,27110,코미디,15세이상관람가,16988.204869619854,2010,5,국내,26.161135611375414
베리 굿 걸,장편,미국,338,777703345,103625,257889345,32904,멜로/로맨스,15세이상관람가,18084.284331536037,2014,9,해외,31.75295536791315
다이버전트 시리즈: 얼리전트,장편,미국,393,818883545,103554,280520645,34203,액션,12세이상관람가,19054.92169733456,2016,5,해외,33.029144214612664
저 산 너머,장편,한국,468,772685300,103534,230447040,32623,드라마,12세이상관람가,17983.389892756262,2020,4,국내,31.509455830934762
추락의 해부,장편,프랑스,236,1016007749,103393,638094121,63023,드라마,15세이상관람가,23678.696269317014,2024,1,해외,60.95480351667908
기기괴괴 성형수,장편,한국,276,871629560,103251,287238540,36203,공포(호러),15세이상관람가,20341.809694541305,2020,9,국내,35.06309866248269
람보 : 라스트 워,장편,미국,483,800099140,103199,251557420,29817,액션,청소년관람불가,18681.864503917277,2019,10,해외,28.89272182869989
더 테이블,장편,한국,272,830762100,103054,473573400,56654,드라마,12세이상관람가,19425.12067015515,2017,8,국내,54.97506161818077
공포의 묘지,장편,미국,564,894409836,102826,229300496,25629,공포(호러),15세이상관람가,20959.722483577945,2019,4,해외,24.92462995740377
극장판 도라에몽: 진구의 지구 교향곡,장편,일본,276,859486300,102788,178707600,22021,애니메이션,전체관람가,20148.765666237352,2024,7,해외,21.423707047515276
하우 투 루즈 프렌즈,장편,영국,199,647938167,102722,313015167,47542,코미디,15세이상관람가,15199.244445705956,2008,10,해외,46.28219855532408
원더랜드,장편,미국,404,766608510,102715,150575190,18498,애니메이션,전체관람가,17984.22257398381,2019,8,해외,18.00905417903909
크게 될 놈,장편,한국,447,780915420,102223,146506530,18392,드라마,15세이상관람가,18408.02856122847,2019,4,국내,17.992037017109652
워 호스,장편,미국,229,734302500,102195,261101500,35001,전쟁,12세이상관람가,17313.99397678782,2012,2,해외,34.24922941435491
루시드 드림,장편,한국,461,759481000,102170,225006500,29168,SF,15세이상관람가,17912.055386074004,2017,2,국내,28.548497602035823
암전,장편,한국,423,898461215,101913,247305495,27117,미스터리,15세이상관람가,21243.283812001708,2019,8,국내,26.607989167230873
몬스터 헌터,장편,미국,668,967419750,101793,218097830,22003,액션,12세이상관람가,22900.709554791032,2021,2,해외,21.61543524603853
콜드 체이싱,장편,영국,480,777401607,101694,247473807,30216,액션,15세이상관람가,18420.52514737693,2019,2,해외,29.712667414006727
박스트롤,장편,미국,346,725030100,101665,165812900,22285,애니메이션,전체관람가,17184.483174422967,2014,11,해외,21.920031475925835
뉴 노멀,장편,한국,546,973948873,101636,308364559,31582,스릴러,15세이상관람가,23090.88073337073,2023,11,국내,31.073635326065567
죽지않는 인간들의 밤,장편,한국,570,840217440,101616,234955440,27911,코미디,15세이상관람가,19924.227851415108,2020,9,국내,27.467131160447174
귀신 부르는 앱: 영,장편,한국,190,998226700,101537,184199900,19402,공포(호러),15세이상관람가,23689.54708302072,2026,2,국내,19.108305346819385
일대종사,장편,중국,193,733528000,101461,354286000,47284,액션,12세이상관람가,17420.854805270897,2013,8,해외,46.603128295601266
R.I.P.D. : 알.아이.피.디.,장편,미국,268,725451071,101460,213165571,27894,액션,15세이상관람가,17229.20234456454,2013,8,해외,27.492607924305148
비키퍼,장편,미국,713,945286905,101325,286838175,30617,액션,청소년관람불가,22480.135910035406,2024,4,해외,30.216629657044162
라스트 미션,장편,미국,472,835560639,101293,309786489,37554,드라마,15세이상관람가,19876.981924915657,2019,3,해외,37.07462509748946
바람,장편,한국,120,726321610,101197,274360500,34830,드라마,청소년관람불가,17294.70788874045,2009,11,국내,34.41801634435803
게이트,장편,한국,208,820756100,101173,187520600,22814,범죄,15세이상관람가,19547.95787580357,2018,2,국내,22.549494430332203
악마와의 토크쇼,장편,호주,254,980320800,100815,474377900,48011,공포(호러),15세이상관람가,23431.223480441633,2024,5,해외,47.62287358032039
돌연변이,장편,한국,399,748936684,100543,196277284,24547,드라마,12세이상관람가,17949.202912522356,2015,10,국내,24.4144296470167
바닷마을 다이어리,장편,일본,67,821350384,100225,603958884,70987,드라마,12세이상관람가,19747.14444307537,2015,12,해외,70.82763781491643
극장판 블루 록 -에피소드 나기-,장편,일본,276,900996900,100110,284614300,31727,애니메이션,12세이상관람가,21686.913070321443,2024,8,해외,31.69213864748776
21 브릿지: 테러 셧다운,장편,미국,228,774683700,100092,280399900,35037,스릴러,15세이상관람가,18649.919182785572,2020,1,해외,35.00479558805898
극장판 파워레인저 트레인포스 VS 다이노포스 THE MOVIE,장편,일본,344,731072500,100054,140786100,18423,액션,전체관람가,17606.697202787604,2015,11,해외,18.413056949247405
딥워터 호라이즌,장편,미국,433,775611543,100021,236676643,30009,액션,12세이상관람가,18685.51081381344,2017,1,해외,30.002699433119044
미니특공대X,장편,한국,458,744858200,99952,131013800,16957,애니메이션,전체관람가,17957.009726114316,2018,3,국내,16.96514326876901
알파독,장편,미국,161,648950794,99692,265066000,38703,드라마,청소년관람불가,15685.680425832046,2009,1,해외,38.822573526461504
개비의 매직하우스 극장판,장편,미국,434,919494350,99277,182281430,18851,어드벤처,전체관람가,22317.84840541695,2025,10,해외,18.988285302738802
말할 수 없는 비밀,장편,대만,37,634104500,99106,379355500,57468,멜로/로맨스,12세이상관람가,15417.45858578098,2008,1,해외,57.986398401711305
홈캠,장편,한국,280,930035100,99042,194064300,21729,공포(호러),15세이상관람가,22627.253425162457,2025,9,국내,21.939177318713273
타운,장편,미국,158,763767000,98866,321492000,40292,드라마,청소년관람불가,18615.11955210643,2011,1,해외,40.75415208463981
엘비스,장편,미국,665,1070700628,98706,529762729,47318,드라마,15세이상관람가,26138.24401001978,2022,7,해외,47.93832188519442
라이언,장편,호주,205,736334100,98660,268044000,35523,드라마,12세이상관람가,17983.975634954168,2017,2,해외,36.00547334279343
로덴시아: 마법왕국의 전설,장편,페루,221,632768500,98575,162525500,24021,애니메이션,전체관람가,15467.850606076348,2013,10,해외,24.368247527263506
가필드-마법의 샘물,장편,미국,95,577233283,98527,175945000,28165,애니메이션,전체관람가,14117.181823195428,2009,2,해외,28.586072853126552
빌리와 용감한 녀석들 3,장편,미국,343,699788600,98495,177312700,23652,애니메이션,전체관람가,17120.03239110052,2015,4,해외,24.01340169551754
대병소장,장편,홍콩,158,718183268,98435,136399500,17622,액션,12세이상관람가,17580.759806636514,2010,3,해외,17.90216894397318
블랙폰,장편,미국,495,997038042,98336,296096118,30251,공포(호러),15세이상관람가,24431.554120811263,2022,9,해외,30.762894565571102
김광석,장편,한국,223,772483500,98231,346699400,41838,다큐멘터리,15세이상관람가,18949.27287817884,2017,8,국내,42.59144261994686
맥베스,장편,영국,141,744966853,98161,390696453,49594,드라마,15세이상관람가,18287.312176958363,2015,12,해외,50.52312018011227
스노우 폭스: 썰매개가 될 거야!,장편,미국,479,778548216,97916,92595742,11160,애니메이션,전체관람가,19159.481571861204,2023,11,해외,11.397524408676825
이웃집에 신이 산다,장편,벨기에,73,790535650,97883,428475050,51331,코미디,청소년관람불가,19461.042067804334,2015,12,해외,52.44117977585485
여중생A,장편,한국,479,811686000,97849,304755500,33816,드라마,12세이상관람가,19988.65475904784,2018,6,국내,34.559372093736265
9:나인,장편,미국,186,704611404,97787,327167500,42859,애니메이션,12세이상관람가,17362.82741897468,2009,9,해외,43.82893431642243
레이디 버드,장편,미국,344,794126700,97777,448029200,53878,코미디,15세이상관람가,19570.63842471146,2018,4,해외,55.10293831882753
아내를 죽였다,장편,한국,556,793514560,97580,198429420,25259,스릴러,15세이상관람가,19595.032559012438,2019,12,국내,25.885427341668375
인류멸망 보고서,옴니버스,한국,236,702418000,97555,228281500,29802,SF,15세이상관람가,17349.94099713909,2012,4,국내,30.548921121418687
극장판 도라에몽: 진구와 하늘의 유토피아,장편,일본,283,883201800,97402,143019000,15052,애니메이션,전체관람가,21849.6243242822,2023,7,해외,15.453481448019549
극장판 포켓몬스터 뮤츠의 역습 EVOLUTION,장편,일본,591,780592310,97398,149593280,17678,애니메이션,전체관람가,19311.950197141676,2020,9,해외,18.150270026078562
소명,장편,한국,1,609575196,97092,316069500,49169,다큐멘터리,전체관람가,15128.495591561648,2009,4,국내,50.641659457009844
쓰리 빌보드,장편,미국,110,796847700,97079,497234900,60009,코미디,15세이상관람가,19778.890797793923,2018,3,해외,61.81460460037701
다크타워: 희망의 탑,장편,미국,497,761759275,97017,261769275,31833,액션,15세이상관람가,18920.029665649206,2017,8,해외,32.81177525588299
슈퍼 빼꼼: 스파이 대작전,장편,한국,358,691794900,97005,115854000,15029,애니메이션,전체관람가,17184.430314422993,2017,5,국내,15.493015823926601
위대한 침묵,장편,독일,1,698077950,96824,539648500,74456,다큐멘터리,전체관람가,17372.919339922693,2009,12,해외,76.89828968024457
하치 이야기,장편,미국,163,703309748,96683,229465500,29915,드라마,전체관람가,17528.648100879676,2010,2,해외,30.94132370737358
소피와 드래곤: 마법책의 비밀,장편,러시아,469,749609350,96495,133277080,16231,애니메이션,전체관람가,18718.97601286539,2019,10,해외,16.820560650810922
아마추어,장편,미국,728,905461350,96448,314295570,32758,액션,12세이상관람가,22621.874775145705,2025,4,해외,33.96441605839416
바스티유 데이,장편,미국,422,764700600,96305,240785200,29327,액션,15세이상관람가,19133.503433806876,2016,10,해외,30.45220912725196
명탐정 코난: 세기말의 마술사,장편,일본,252,988135450,96159,291235500,27341,애니메이션,12세이상관람가,24761.585260957723,2026,3,해외,28.433115984983203
화사한 그녀,장편,한국,414,888872900,96146,232519400,24701,코미디,12세이상관람가,22277.186878690267,2023,10,국내,25.691136396729974
천국의 우편배달부,장편,한국,118,644989646,96137,215831000,30310,멜로/로맨스,전체관람가,16166.428306191052,2009,11,국내,31.527923692230882
577 프로젝트,장편,한국,191,695765500,96079,309860500,40607,코미디,15세이상관람가,17449.633879349036,2012,8,국내,42.26417843649497
기생령,장편,한국,207,746326000,96077,213113500,26314,공포(호러),청소년관람불가,18718.06887823785,2011,8,국내,27.388448848319573
안테벨룸,장편,미국,638,899691250,95983,331786750,36280,미스터리,15세이상관람가,22586.6114092242,2022,2,해외,37.798360126272364
브루탈리스트,장편,미국,302,957176020,95671,558887460,54662,드라마,청소년관람불가,24108.12305676595,2025,2,해외,57.135391079846556
걷기왕,장편,한국,462,710905075,95542,209094375,26306,드라마,12세이상관람가,17929.541741940026,2016,10,국내,27.533440790437712
무서운 이야기 3 : 화성에서 온 소녀,옴니버스,한국,317,764967500,95415,164623500,19541,공포(호러),15세이상관람가,19318.714884692046,2016,6,국내,20.48000838442593
소년은 울지 않는다,장편,한국,198,599069000,94993,160429000,24244,액션,15세이상관람가,15196.275083807699,2008,11,국내,25.52188055962018
S러버,장편,미국,203,728391699,94920,318163000,39585,코미디,청소년관람불가,18490.94732913957,2009,9,해외,41.70353982300885
용의자 X의 헌신,장편,일본,144,636382007,94790,302393000,43281,미스터리,12세이상관람가,16177.34591493943,2009,4,해외,45.65987973414917
일사각오,장편,한국,51,682581500,94767,234140700,32943,드라마,12세이상관람가,17355.985720716926,2016,3,국내,34.76210073126722
사일런스,장편,미국,342,700818300,94750,298799600,38435,드라마,15세이상관람가,17822.88965889945,2017,2,해외,40.56464379947229
초한지 - 천하대전,장편,중국,167,710375000,94652,209634000,26810,액션,12세이상관람가,18084.636224821526,2012,1,해외,28.324810886193635
인비저블 게스트,장편,스페인,232,758162200,94281,367271800,44659,범죄,15세이상관람가,19377.147754795555,2017,9,해외,47.36797445932903
"나, 다니엘 블레이크",장편,영국,63,711080800,94266,467427800,60048,드라마,12세이상관람가,18176.73085569955,2016,12,해외,63.7005919419515
나의 산티아고,장편,독일,88,721244232,94243,404870932,51590,코미디,12세이상관람가,18441.029131434007,2016,7,해외,54.74146620969197
마야2,장편,독일,429,670314200,94179,120929400,15990,애니메이션,전체관람가,17150.478766593787,2018,2,해외,16.97830726595101
커다랗고 커다랗고 커다란 배,장편,덴마크,350,737815900,94151,118028000,14674,애니메이션,전체관람가,18883.173185141073,2018,5,해외,15.585601852343576
아이 엠 마더,장편,미국,213,774580700,94119,264289600,32731,액션,15세이상관람가,19830.84731108798,2019,4,해외,34.77618759230336
노 머시: 90분,장편,미국,595,905307830,94061,362591010,36193,스릴러,15세이상관람가,23192.02061005528,2026,2,해외,38.47822157961323
여고괴담 여섯번째 이야기 : 모교,장편,한국,603,858750700,94030,191369780,21442,미스터리,15세이상관람가,22006.580827190504,2021,6,국내,22.803360629586304
베일리 어게인,장편,미국,189,796864900,93691,314266200,35522,어드벤처,전체관람가,20494.566026002165,2018,11,해외,37.91399387347771
귀문,장편,한국,692,799806070,93656,199442700,25068,미스터리,15세이상관람가,20577.897221413205,2021,8,국내,26.76603741351328
스텔라,장편,한국,690,848799300,93504,184495170,20765,코미디,15세이상관람가,21873.925372949707,2022,4,국내,22.207606091718002
초속 5센티미터,장편,일본,568,892277200,93404,305363240,31003,드라마,12세이상관람가,23018.98786099819,2026,2,해외,33.19236863517622
프리스트,장편,미국,228,839493000,93336,318540500,32203,액션,15세이상관람가,21673.038257426724,2011,6,해외,34.50222850775692
러브 앳,장편,프랑스,153,746898500,93311,318032500,39138,멜로/로맨스,12세이상관람가,19287.709077030006,2019,11,해외,41.94360793475582
삼악도,장편,한국,235,862203700,93253,191684450,22017,미스터리,15세이상관람가,22279.168253122512,2026,3,국내,23.60996429069306
원피스 극장판 Z,장편,일본,267,626891000,93239,150616000,20860,애니메이션,전체관람가,16201.168211709331,2013,3,해외,22.37261231887944
써티 데이즈 오브 나이트,장편,미국,122,623841500,93191,244311000,34592,공포(호러),청소년관람불가,16130.662082395103,2008,1,해외,37.11946432595422
고독한 미식가 더 무비,장편,일본,662,860529700,93167,328486900,34559,드라마,전체관람가,22256.437817775335,2025,3,해외,37.093606105165996
프렌치 디스패치,장편,미국,273,998413830,93116,640126680,59283,코미디,15세이상관람가,25836.767664325413,2021,11,해외,63.665750247003736
태풍이 지나가고,장편,일본,72,772484972,93005,542795372,63098,드라마,12세이상관람가,20014.080652484678,2016,7,해외,67.84366431912264
루이스,장편,독일,325,729147750,93000,175615150,21102,애니메이션,전체관람가,18892.285270112712,2018,9,해외,22.690322580645162
본 투 비 블루,장편,캐나다,147,755724082,92729,470656182,55475,드라마,청소년관람불가,19638.105493829866,2016,6,해외,59.8248660073979
파이브 피트,장편,미국,457,805051420,92713,318561630,35861,드라마,15세이상관람가,20923.526795153175,2019,4,해외,38.67958107277297
7번째 아들,장편,미국,358,729980451,92598,218674251,25546,어드벤처,12세이상관람가,18995.97225160605,2015,2,해외,27.588068856778765
샤크 나이트 3D,장편,미국,239,855047000,92505,249100500,24237,스릴러,15세이상관람가,22272.8957015023,2011,9,해외,26.20074590562672
"여름을 향한 터널, 이별의 출구",장편,일본,269,942626858,92457,231452200,22946,애니메이션,12세이상관람가,24566.988105574575,2023,9,해외,24.818023513633364
철가방 우수氏,장편,한국,119,604032500,92404,267638500,39370,드라마,12세이상관람가,15751.482619800008,2012,11,국내,42.6063806761612
크리미널,장편,영국,351,738985181,92358,259113081,31545,액션,15세이상관람가,19280.270070080885,2016,6,해외,34.155135451179106
구스 베이비,장편,미국,424,652090360,91430,110715900,14539,애니메이션,전체관람가,17185.84788678942,2019,1,해외,15.90178278464399
그 남자의 책 198쪽,장편,한국,220,575174333,91387,201387333,30318,멜로/로맨스,12세이상관람가,15165.857815583959,2008,10,국내,33.17539693829538
패솔로지,장편,미국,136,569157500,91253,220682000,34212,공포(호러),청소년관람불가,15029.246769111007,2008,4,해외,37.4913701467349
포커스,장편,미국,349,702878700,91164,227994000,28313,코미디,15세이상관람가,18578.42585294449,2015,2,해외,31.057215567548596
마마,장편,미국,164,662161500,91143,224271500,29260,공포(호러),15세이상관람가,17506.225157368885,2013,1,해외,32.103397957056494
타워 하이스트,장편,미국,213,631715500,90840,192286000,25972,액션,12세이상관람가,16757.001586265804,2011,11,해외,28.59092910612065
끝장수사,장편,한국,689,833408120,90763,168213750,18092,범죄,15세이상관람가,22125.892019318417,2026,4,국내,19.933232704956865
노 게임 노 라이프 -제로-,장편,일본,121,739368300,90718,202590300,24302,애니메이션,12세이상관람가,19638.995143695665,2017,10,해외,26.788509446857294
둠스데이:지구 최후의 날,장편,미국,203,598350500,90666,184110500,26258,SF,청소년관람불가,15902.415831016477,2008,6,해외,28.961242362076188
써니 감독판,장편,한국,54,698549500,90562,326414000,41959,드라마,청소년관람불가,18586.734030044787,2011,7,국내,46.33179479251783
주디,장편,영국,479,738851760,89719,323361140,38273,드라마,12세이상관람가,19843.797710038987,2020,3,해외,42.65874563916227
명탐정 코난: 17년 전의 진상,장편,일본,271,936247600,89624,235752800,21887,애니메이션,12세이상관람가,25172.033308633985,2025,9,해외,24.420914040881904
완벽한 파트너,장편,한국,166,676141000,89526,187492000,23729,코미디,청소년관람불가,18198.68442337139,2011,11,국내,26.50514934209057
더 보이,장편,미국,509,776591970,89429,225789210,25397,공포(호러),15세이상관람가,20925.046146185563,2019,5,해외,28.399065180198818
더 매직: 리틀톰과 도둑공주,장편,스페인,193,653636700,89358,152376100,20244,애니메이션,전체관람가,17626.045712427363,2015,9,해외,22.654938561740416
슈퍼미니,장편,프랑스,303,640234500,89328,160231000,21281,애니메이션,전체관람가,17270.438551627252,2014,4,해외,23.823437220132547
아이엠스타!X프리파라 더 무비 -만남의 기적!-,장편,일본,130,929261850,89301,341839600,31528,애니메이션,전체관람가,25074.581255785397,2026,2,해외,35.30531572994703
오베라는 남자,장편,스웨덴,255,711736888,89103,359658888,43635,드라마,12세이상관람가,19247.70934517505,2016,5,해외,48.97141510386855
페이스 블라인드,장편,미국,179,660556169,88977,227353169,28629,범죄,청소년관람불가,17888.910752758497,2012,6,해외,32.17573080683772
더 콜,장편,미국,241,626952634,88953,238777634,32488,스릴러,청소년관람불가,16983.454617092364,2013,6,해외,36.52265803289377
챌린저스,장편,미국,458,880244772,88774,560871068,55743,드라마,15세이상관람가,23892.93869555316,2024,4,해외,62.792033703561856
콜드 라잇 오브 데이,장편,미국,245,636555090,88522,214464090,28596,액션,15세이상관람가,17327.530859526312,2012,5,해외,32.30383407514516
레이니 데이 인 뉴욕,장편,미국,563,784272200,88440,338103180,37178,코미디,15세이상관람가,21368.30088331617,2020,5,해외,42.03753957485301
더러운 돈에 손대지 마라,장편,한국,796,814106280,88272,181884350,18822,범죄,15세이상관람가,22223.37637663214,2024,10,국내,21.32272974442632
살인자,장편,한국,207,656849000,88199,93792500,11952,스릴러,청소년관람불가,17945.426532033187,2014,1,국내,13.5511740495924
레고 무비2,장편,미국,442,680374040,88105,182185020,22018,애니메이션,전체관람가,18607.97364590306,2019,2,해외,24.990636172748427
미드소마,장편,미국,388,800891816,88055,446066766,48211,공포(호러),청소년관람불가,21916.52714315327,2019,7,해외,54.75100789279428
그대 이름은 장미,장편,한국,540,735782970,88054,231834480,26485,코미디,12세이상관람가,20135.042270063743,2019,1,국내,30.078133872396485
페이트 스테이 나이트 헤븐즈필 제3장 스프링 송,장편,일본,149,787515610,87996,296446090,31729,애니메이션,15세이상관람가,21564.934495927253,2020,10,해외,36.05732078730852
비몽,장편,한국,100,585055618,87963,311688500,45042,드라마,청소년관람불가,16026.881455770903,2008,10,국내,51.20562054500187
렛 미 인,장편,스웨덴,50,587407378,87908,355765000,51284,공포(호러),15세이상관람가,16101.372628887484,2008,11,해외,58.33826272921691
몬스터 콜,장편,스페인,349,686273900,87841,299085800,36865,판타지,12세이상관람가,18825.742514233345,2017,9,해외,41.96787377192883
사우스포,장편,미국,335,649386248,87426,210497148,26835,드라마,15세이상관람가,17898.407107256837,2015,12,해외,30.694530231281313
침범,장편,한국,540,785368200,87371,255940900,27815,미스터리,15세이상관람가,21659.972919800664,2025,3,국내,31.83550606036328
갤로우즈,장편,미국,299,674767406,87301,144252106,17990,공포(호러),15세이상관람가,18624.592577708227,2015,9,해외,20.606865900734242
팅커 테일러 솔저 스파이,장편,영국,187,648304500,87155,280860000,36114,스릴러,15세이상관람가,17924.15257956846,2012,2,해외,41.436521140496815
김복동,장편,한국,366,696375860,87139,302552820,35968,다큐멘터리,12세이상관람가,19256.75209127862,2019,8,국내,41.27658109457304
셜록 놈즈,장편,미국,440,644661200,86784,152642850,19724,애니메이션,전체관람가,17899.618385044603,2018,10,해외,22.72769174041298
허큘리스,장편,미국,278,669733800,86528,197356400,24172,액션,15세이상관람가,18650.799574035787,2014,8,해외,27.935465976331358
너바나 더 밴드 : 전설적 밴드 ‘너바나’와는 별 관련 없는 ‘너바나 더 밴드’의 콤비 맷과 제이. 어느 날 공연을 위해 타임머신을 만드는 황당한 작전을 세우고 처음 만났던 17년 전으로 돌,장편,캐나다,155,925062950,86465,541075700,48856,코미디,12세이상관람가,25779.995945152266,2026,5,해외,56.50378765974672
플로리다 프로젝트,장편,미국,126,726925600,86406,476695400,55275,드라마,15세이상관람가,20272.06388222148,2018,3,해외,63.97125199638914
슈퍼 프렌즈,장편,한국,255,633274600,86293,131979300,16778,애니메이션,전체관람가,17683.50725512226,2016,8,국내,19.443060271400924
노매드랜드,장편,미국,181,800972240,85663,495701190,52631,드라마,12세이상관람가,22530.77279994217,2021,4,해외,61.43959469082334
숀더쉽,장편,영국,263,592435000,85568,144352300,19454,애니메이션,전체관람가,16683.271980968002,2015,8,해외,22.73513462976814
디 아이,장편,미국,108,542600500,85559,142351000,21657,공포(호러),15세이상관람가,15281.514327392202,2008,6,해외,25.312357554436122
빅 아이즈,장편,미국,290,651316335,85200,333321635,42902,드라마,12세이상관람가,18420.621500084846,2015,1,해외,50.35446009389671
레전드 오브 래빗,장편,중국,225,581200500,85184,122319500,16874,애니메이션,전체관람가,16440.682904420086,2012,2,해외,19.808884297520663
유스,장편,이탈리아,65,661767600,85166,449133200,55637,드라마,15세이상관람가,18723.677557846633,2016,1,해외,65.32771293708757
퍼스트레이디,장편,한국,117,819628480,85070,243840720,24601,다큐멘터리,12세이상관람가,23216.27348703619,2024,12,국내,28.918537674855997
필립모리스,장편,프랑스,38,649568183,84859,276563500,34799,코미디,청소년관람불가,18445.003327276983,2010,7,해외,41.00802507689226
나의 청춘은 너의 것,장편,대만,533,714892500,84442,205056740,23586,멜로/로맨스,12세이상관람가,20400.186283134957,2020,4,해외,27.931598019942683
극장판 썬더일레븐GO : 궁극의 우정 그리폰,장편,일본,243,574947000,84255,115189000,15267,애니메이션,전체관람가,16443.11266786927,2012,5,해외,18.119992878760904
스폰지밥 무비: 네모바지를 찾아서,장편,미국,505,750053490,84148,135250120,13925,애니메이션,전체관람가,21478.321614642246,2026,1,해외,16.548224556733373
어린 왕자,장편,한국,181,493292500,84015,121782500,19329,드라마,12세이상관람가,14148.14767013062,2008,1,국내,23.006605963220853
바다 탐험대 옥토넛 어보브 앤 비욘드 : 육지 넘어 하늘까지!,장편,영국,245,730858250,83946,136521550,15374,애니메이션,전체관람가,20979.012899571986,2023,8,해외,18.31415433731208
왼편 마지막 집,장편,미국,158,632634348,83864,202305000,25327,공포(호러),청소년관람불가,18177.28841532303,2009,9,해외,30.200085853286275
뉴욕 아이 러브 유,장편,미국,95,647982325,83600,361427500,45635,코미디,15세이상관람가,18677.071683864648,2009,10,해외,54.58732057416268
사나: 저주의 아이,장편,일본,199,783296500,83481,144337000,16108,공포(호러),15세이상관람가,22609.473362599067,2023,10,해외,19.295408536074078
신은 죽지 않았다 3: 어둠 속의 빛,장편,미국,179,646846900,83474,144472000,17629,드라마,12세이상관람가,18672.48758793951,2018,7,해외,21.119150873325825
스위치,장편,미국,163,564596900,83346,233302000,32409,멜로/로맨스,15세이상관람가,16323.212365696318,2010,12,해외,38.88488949679649
와일드,장편,미국,58,665271800,83334,408810700,50722,드라마,청소년관람불가,19236.621046790664,2015,1,해외,60.86591307269542
폴: 600미터,장편,영국,463,825147338,83310,274041535,28854,스릴러,12세이상관람가,23866.364644751135,2022,11,해외,34.63449765934462
짱구는 못말려 극장판：엄청 맛있어! B급 음식 서바이벌!,장편,일본,301,588913100,83289,107715900,14436,애니메이션,전체관람가,17037.876680514517,2014,4,해외,17.33242084789108
세자매,장편,한국,569,702123930,83275,229146900,27217,드라마,15세이상관람가,20316.600319018493,2021,1,국내,32.683278294806364
지랄발광 17세,장편,미국,90,656251800,83258,254855800,31766,코미디,15세이상관람가,18993.125448055645,2017,6,해외,38.153690936606694
명탐정 코난: 시한장치의 마천루,장편,일본,554,786643290,83105,174962450,17907,애니메이션,12세이상관람가,22808.80813428795,2024,10,해외,21.547439985560434
뷰티풀 크리처스,장편,미국,278,582030544,82995,192640044,26361,스릴러,15세이상관람가,16898.40639260458,2013,4,해외,31.762154346647385
더 이퀄라이저,장편,미국,255,639464500,82779,220031900,28526,액션,청소년관람불가,18614.36249837534,2015,1,해외,34.460430785585714
라르고 윈치,장편,프랑스,163,628575878,82610,298778000,37592,어드벤처,청소년관람불가,18334.834401156255,2009,8,해외,45.505386757051205
극장판 프로젝트 세카이 부서진 세카이와 전해지지 않는 미쿠의 노래,장편,일본,167,776998450,82581,288796640,28722,애니메이션,전체관람가,22672.108859020198,2025,5,해외,34.78039742797981
씬 시티: 다크히어로의 부활,장편,미국,345,650282748,82571,295313748,36080,액션,청소년관람불가,18976.957778431795,2014,9,해외,43.69572852454252
어니스트 씨프,장편,미국,554,724854260,82388,211342010,24809,액션,15세이상관람가,21200.13559115815,2021,2,해외,30.112395008981892
도라에몽: 스탠바이미 2,장편,일본,631,712260330,82311,135454900,15316,애니메이션,전체관람가,20851.282961052944,2021,5,해외,18.60747652197155
건국전쟁2,장편,한국,379,822618410,82273,319245560,30757,다큐멘터리,12세이상관람가,24093.117257722195,2025,9,국내,37.38407496991722
파도가 지나간 자리,장편,미국,276,634595200,82177,263656600,33216,드라마,15세이상관람가,18607.944561628727,2017,3,해외,40.42006887571949
다이노X 탐험대,장편,한국,348,634339900,82148,122013400,15164,애니메이션,전체관람가,18607.02487605386,2016,5,국내,18.459366022301214
스펜서,장편,영국,730,771154130,82031,397441260,41496,드라마,12세이상관람가,22652.445086510786,2022,3,해외,50.58575416610793
출국,장편,한국,274,639521850,81722,244385200,32001,드라마,15세이상관람가,18856.81341651081,2018,11,국내,39.15836616822887
젠틀맨,장편,미국,586,665658710,81482,299813360,36075,범죄,청소년관람불가,19685.29112646063,2020,2,해외,44.273581895387935
명탐정코난: 하이바라 아이 이야기 ~흑철의 미스터리 트레인,장편,일본,176,849594700,81475,221477700,20894,애니메이션,12세이상관람가,25126.924143336157,2023,6,해외,25.644676281067813
신극장판 은혼: 요시와라 대염상,장편,일본,440,905079340,81371,341084190,29642,애니메이션,15세이상관람가,26802.104832055116,2026,5,해외,36.42821152499048
아따맘마 - 극장판,장편,일본,90,533355500,81352,110413000,15687,애니메이션,전체관람가,15797.939520892105,2011,2,해외,19.282869505359425
꼬마참새 리차드: 아프리카 원정대,장편,독일,319,599076600,81136,110244400,13844,애니메이션,전체관람가,17791.831890765585,2017,6,해외,17.06270952474857
터널 3D,장편,한국,264,620874000,80989,141924500,17219,공포(호러),15세이상관람가,18472.655887970508,2014,8,국내,21.260911975700402
원 챈스,장편,영국,329,593174100,80977,227216900,29412,코미디,12세이상관람가,17651.125390208228,2014,3,해외,36.3214246020475
파벨만스,장편,미국,450,814957157,80767,462207739,45287,드라마,12세이상관람가,24313.7938210181,2023,3,해외,56.07116767986925
최악의 하루,장편,한국,199,639959190,80754,351625290,43550,멜로/로맨스,15세이상관람가,19095.90035601206,2016,8,국내,53.92921712856329
극장총집편 봇치 더 록! 전편,장편,일본,194,820248500,80614,268391300,26145,애니메이션,12세이상관람가,24518.10367477801,2024,8,해외,32.43233185302801
지금은맞고그때는틀리다,장편,한국,59,664112100,80614,463272700,54576,드라마,청소년관람불가,19851.01992807611,2015,9,국내,67.70039943434143
엑스페리먼트,장편,미국,110,583702363,80367,185043000,24383,드라마,15세이상관람가,17501.11013316771,2010,8,해외,30.339567235308024
아무르,장편,프랑스,29,615934600,80345,497091600,62545,드라마,15세이상관람가,18472.58396958298,2012,12,해외,77.84554110398905
엑소시스트: 믿는 자,장편,미국,630,828698635,80219,171141664,15858,공포(호러),15세이상관람가,24892.65860610194,2023,10,해외,19.768384048666775
프렌즈 위드 베네핏,장편,미국,210,591765000,80197,312231500,41457,코미디,청소년관람불가,17780.462598802256,2011,10,해외,51.69395363916356
네가 마지막으로 남긴 노래,장편,일본,593,804078240,80076,295420520,26999,멜로/로맨스,12세이상관람가,24196.237670598475,2026,4,해외,33.71671911683901
파이널 데스티네이션 블러드라인,장편,미국,515,804055650,80031,283895720,27720,공포(호러),청소년관람불가,24209.162624181925,2025,5,해외,34.63657832589872
에어로너츠,장편,영국,534,691188500,79877,284464760,32538,드라마,12세이상관람가,20850.98911866151,2020,6,해외,40.73513026277902
로스트 인 더스트,장편,미국,354,621368822,79812,265854522,33568,범죄,15세이상관람가,18760.014407351253,2016,11,해외,42.05883826993435
웨폰,장편,미국,568,798333670,79767,292461420,28588,공포(호러),청소년관람불가,24116.433993524213,2025,10,해외,35.83938220065942
아르고 원정대: 꼬마 영웅 패티의 대모험,장편,프랑스,516,722659236,79702,131649389,14365,애니메이션,전체관람가,21848.229111270808,2023,9,해외,18.023387117010866
오 마이 그랜파,장편,미국,396,632806532,79701,222196232,27230,코미디,청소년관람불가,19131.943349110676,2016,3,해외,34.165192406619745
악마들,장편,한국,613,798202273,79688,171214593,16709,액션,청소년관람불가,24136.368977566726,2023,7,국내,20.96802529866479
꿀벌 하치의 대모험,장편,일본,141,525369500,79625,135325500,18895,애니메이션,전체관람가,15898.908664485258,2011,1,해외,23.729984301412873
미쓰 루시힐,장편,미국,138,535856585,79471,266454000,37787,코미디,12세이상관람가,16247.696477293452,2009,4,해외,47.548162222697584
드래곤 스펠: 마법 꽃의 비밀,장편,독일,164,582071200,79446,113863100,15015,애니메이션,전체관람가,17654.522629449904,2017,8,해외,18.89962993731591
소리꾼,장편,한국,573,642120680,79215,183695800,22306,사극,12세이상관람가,19532.64845026765,2020,7,국내,28.158808306507606
명탐정 코난: 14번째 표적,장편,일본,587,744149040,79182,177235800,17911,애니메이션,12세이상관람가,22645.679786661993,2025,2,해외,22.620039908059912
페이스 오브 러브,장편,미국,222,585768905,79179,281603905,36996,드라마,15세이상관람가,17826.58706663885,2014,4,해외,46.72451028681848
센티멘탈 밸류,장편,노르웨이,197,777633040,79134,527125490,51446,드라마,15세이상관람가,23679.007180439097,2026,2,해외,65.01124674602573
분신사바 2,장편,중국,238,574836300,79017,107231000,13907,공포(호러),15세이상관람가,17529.74310393173,2014,7,해외,17.60001012440361
씨너스: 죄인들,장편,미국,610,896734540,78957,553859930,45902,액션,청소년관람불가,27366.872101041427,2025,5,해외,58.135440809554574
너와 100번째 사랑,장편,일본,140,620733200,78930,193154900,23328,드라마,12세이상관람가,18950.242627675278,2017,5,해외,29.555302166476626
극장판 미니특공대: 공룡왕 디노,장편,한국,485,613273720,78929,84585600,10052,애니메이션,전체관람가,18722.750826692347,2020,2,국내,12.735496458842757
바다 탐험대 옥토넛 : 탐험선 대작전,장편,영국,241,744749950,78910,153159850,15760,애니메이션,전체관람가,22742.088363592502,2022,8,해외,19.97212013686478
샤잠! 신들의 분노,장편,미국,799,830461274,78743,285901457,25091,액션,12세이상관람가,25413.19867943129,2023,3,해외,31.86441969444903
코다,장편,프랑스,308,707930599,78583,366887290,40312,드라마,12세이상관람가,21707.70860186352,2021,8,해외,51.29862692948856
토토의 움직이는 숲,장편,덴마크,191,502754000,78571,84224500,11937,애니메이션,전체관람가,15418.60765023669,2013,6,해외,15.192628323427218
메디엄,장편,미국,156,570842804,78494,234047500,30149,공포(호러),15세이상관람가,17523.94869564123,2009,7,해외,38.40930516982189
오즈: 신기한 마법가루,장편,러시아,343,565456600,78440,136995800,18133,애니메이션,전체관람가,17370.55104661379,2017,7,해외,23.11703212646609
세인트 빈센트,장편,미국,308,604885528,78336,225289928,28351,코미디,12세이상관람가,18606.457939601543,2015,3,해외,36.19153390522876
룸,장편,아일랜드,333,621606700,78253,270557400,33076,드라마,15세이상관람가,19141.086857750095,2016,3,해외,42.26802806282187
모데카이,장편,미국,290,624513020,78070,297995120,36209,액션,15세이상관람가,19275.65839121826,2015,2,해외,46.38017164083515
엑스 마키나,장편,미국,207,629716963,78049,316342463,38747,SF,청소년관람불가,19441.50818446305,2015,1,해외,49.644454124972775
호텔 아르테미스,장편,미국,465,646127100,77794,188005400,21929,액션,15세이상관람가,20013.532805670584,2018,7,해외,28.188549245443095
극장판 콩순이: 장난감나라 대모험,장편,한국,690,679380620,77786,117253710,13171,애니메이션,전체관람가,21045.711759696595,2021,5,국내,16.93235286555421
아노라,장편,미국,314,762578620,77677,477133040,47465,드라마,청소년관람불가,23656.151027633587,2024,11,해외,61.105603975436736
쓰리 썸머 나잇,장편,한국,297,616132846,77621,185973246,22302,코미디,청소년관람불가,19127.007642789504,2015,7,국내,28.731915332191033
알이씨(Rec),장편,스페인,97,524571500,77533,200292000,27830,공포(호러),청소년관람불가,16303.09301643653,2008,7,해외,35.89439335508751
드라이브 마이 카,장편,일본,69,716149880,77359,500702860,52857,드라마,15세이상관람가,22307.195820082772,2021,12,해외,68.32689150583643
아더 우먼,장편,미국,331,580257218,77341,235786718,30406,코미디,15세이상관람가,18078.51157672414,2014,11,해외,39.31420591924076
매직 인 더 문라이트,장편,미국,194,607414281,77308,372669681,45981,코미디,12세이상관람가,18932.696097163527,2014,8,해외,59.47767372070161
노다메 칸타빌레 Vol.1,장편,일본,26,561780176,77074,290619000,38520,코미디,전체관람가,17563.47368871912,2010,9,해외,49.977943275293875
100 피트,장편,미국,133,505925500,76985,152378000,21447,공포(호러),15세이상관람가,15835.521080229211,2008,7,해외,27.85867376761707
타임 패러독스,장편,호주,232,602296908,76803,220836608,27156,SF,15세이상관람가,18896.62969678801,2015,1,해외,35.35799382836608
"어쩌다, 결혼",장편,한국,529,586584249,76746,183109419,22596,멜로/로맨스,12세이상관람가,18417.32496399483,2019,2,국내,29.442576811820814
러덜리스,장편,미국,117,602152720,76343,328229620,40262,코미디,12세이상관람가,19005.939112145898,2015,7,해외,52.7382995166551
엽기적인 그녀 2,장편,한국,387,588233900,76321,143965300,18030,멜로/로맨스,15세이상관람가,18571.966881164415,2016,5,국내,23.623904298947863
맨 인 더 다크 2,장편,미국,248,765928300,76265,192661600,19599,공포(호러),청소년관람불가,24199.965402816277,2021,9,해외,25.698551104700712
직장상사 길들이기,장편,미국,661,714197500,75760,270486580,27751,스릴러,15세이상관람가,22715.916464167123,2026,1,해외,36.63014783526927
하이큐!! 끝과 시작,장편,일본,130,544846000,75704,158050000,20943,애니메이션,12세이상관람가,17342.30592453296,2016,11,해외,27.66432421008137
나의 로맨틱 가이드,장편,미국,130,535685529,75668,248762000,34039,코미디,15세이상관람가,17058.84262322855,2009,8,해외,44.98466987365861
오두막,장편,미국,396,581005200,75657,301447100,38001,드라마,12세이상관람가,18504.73228016551,2017,4,해외,50.22800269637971
피치 퍼펙트: 언프리티 걸즈,장편,미국,297,591516497,75598,240698797,29268,코미디,15세이상관람가,18854.215146253948,2015,5,해외,38.715309928834095
블룸 형제 사기단,장편,미국,144,502498186,75462,223745000,32297,코미디,12세이상관람가,16045.678651634447,2009,6,해외,42.79902467467069
나의 히어로 아카데미아 더 무비: 유어 넥스트,장편,일본,177,739618100,75305,262425500,25916,애니메이션,12세이상관람가,23666.586404045236,2024,11,해외,34.41471349843968
조조-황제의 반란,장편,중국,227,535668500,75297,161061000,21771,사극,15세이상관람가,17142.349228780935,2012,10,해외,28.913502529981272
브릭 맨션: 통제불능 범죄구역,장편,프랑스,287,543025047,74912,161570947,21613,액션,15세이상관람가,17467.08256563203,2014,8,해외,28.851185390858607
회초리,장편,한국,142,479093000,74765,178532000,28322,드라마,12세이상관람가,15440.927758381886,2011,5,국내,37.88136159967899
드림업,장편,미국,212,519832169,74416,185516500,25244,드라마,12세이상관람가,16832.50424834146,2009,9,해외,33.92281229843044
극장판 포켓몬스터 AG - 아름다운 소원의 별 지라치,장편,일본,123,531113700,74346,130486400,17887,애니메이션,전체관람가,17214.000056395384,2014,8,해외,24.05912893766981
외톨이,장편,한국,199,474493500,74282,113783000,16817,공포(호러),15세이상관람가,15392.125027938146,2008,9,국내,22.639401200829273
에반게리온 : 서(序),장편,일본,19,490698000,74242,285943000,41686,애니메이션,12세이상관람가,15926.360002116167,2008,1,해외,56.14881064626491
쿵후팬더: 영웅의 탄생,장편,중국,197,465317000,74143,83354500,12100,애니메이션,전체관람가,15122.746356804151,2013,7,해외,16.31981441268899
센츄리온,장편,영국,143,553415176,74131,173759500,22071,액션,청소년관람불가,17988.837929858135,2010,8,해외,29.772969472960032
피라냐 3DD,장편,미국,269,639495500,74044,172485500,18959,공포(호러),청소년관람불가,20811.315056563566,2012,8,해외,25.605045648533302
로맨틱 헤븐,장편,한국,260,542739500,73729,205652500,26655,드라마,12세이상관람가,17738.01386288144,2011,3,국내,36.1526672001519
베니싱,장편,미국,181,542044000,73582,174437000,22748,미스터리,12세이상관람가,17750.674356254625,2011,3,해외,30.91516947079449
위자,장편,미국,337,570154035,73549,143358035,17902,미스터리,15세이상관람가,18679.589723562705,2015,4,해외,24.34023576119322
유미의 세포들 더 무비,장편,한국,441,589527900,73531,193153050,24611,애니메이션,전체관람가,19319.05123861373,2024,4,국내,33.47023704287987
리스본행 야간열차,장편,독일,57,565928536,73462,388377236,49002,미스터리,15세이상관람가,18563.110441821736,2014,6,해외,66.7038741117857
바다 탐험대 옥토넛 시즌4: 더 파이널,장편,영국,167,478767000,73417,117397000,17400,애니메이션,전체관람가,15713.736895906222,2017,6,해외,23.700232916082108
카운트다운,장편,미국,238,611133000,73412,188656500,22405,공포(호러),15세이상관람가,20059.522129273373,2019,12,해외,30.519533591238492
두 개의 문,장편,한국,18,503138000,73298,273992500,37372,다큐멘터리,15세이상관람가,16540.433884847695,2012,6,국내,50.98638434882261
치킨래빗: 잃어버린 보물을 찾아서,장편,벨기에,234,657700000,73289,108668300,13000,애니메이션,전체관람가,21624.244799471053,2023,3,해외,17.737996152219296
나우이즈굿,장편,영국,144,501607000,73139,297880000,42570,드라마,15세이상관람가,16525.951493253397,2012,11,해외,58.2042412392841
힘내라 대한민국,장편,한국,114,669149760,73093,235140800,25283,다큐멘터리,12세이상관람가,22059.691902657763,2025,2,국내,34.59017963416469
돈 룩 업,장편,미국,656,703603870,72980,265359360,27164,코미디,15세이상관람가,23231.447136862054,2021,12,해외,37.22115648122774
호텔 뭄바이,장편,호주,207,599904700,72950,242021000,29325,스릴러,15세이상관람가,19815.675037366742,2019,5,해외,40.19876627827279
빅샤크3: 젤리몬스터 대소동,장편,중국,400,562559660,72912,62620460,7772,애니메이션,전체관람가,18591.801703191966,2020,7,해외,10.65942506034672
너를 잊지 않을 거야,장편,일본,139,396603500,72895,79717500,13524,드라마,전체관람가,13110.241914223876,2008,10,해외,18.552712806090955
엽문4: 더 파이널,장편,홍콩,206,630556300,72886,182738000,20918,액션,12세이상관람가,20846.428272704463,2020,4,해외,28.699613094421426
로망,장편,한국,405,527390400,72761,134919660,18197,멜로/로맨스,전체관람가,17465.678604800036,2019,4,국내,25.00927694781545
내 친구의 사생활,장편,미국,129,467412333,72724,233453833,34471,멜로/로맨스,15세이상관람가,15487.250128062993,2008,10,해외,47.39975798910951
집결호,장편,중국,160,466837500,72582,136137000,20228,액션,12세이상관람가,15498.465715386968,2008,3,해외,27.86916866440715
파워레인져스: 더 비기닝,장편,미국,479,570203561,72495,181869261,22185,액션,12세이상관람가,18952.817219633762,2017,4,해외,30.60211049037865
소년시절의 너,장편,중국,252,615471500,72419,265587900,30665,멜로/로맨스,15세이상관람가,20478.933089682083,2020,7,해외,42.34386003673069
언더월드: 블러드 워,장편,미국,183,567567100,72071,159452300,19859,액션,15세이상관람가,18976.170252460215,2016,11,해외,27.55477237723911
쿰바: 반쪽무늬 얼룩말의 대모험,장편,남아프리카공화국,180,521639900,72046,110226700,14492,애니메이션,전체관람가,17446.68148763056,2014,9,해외,20.114926574688393
화이트 고릴라,장편,스페인,182,464078500,71796,108506500,15688,애니메이션,전체관람가,15575.53966492747,2013,10,해외,21.850799487436625
시라트,장편,스페인,195,703328230,71567,438307380,42789,드라마,15세이상관람가,23680.841998087224,2026,1,해외,59.78872944234075
청원,장편,인도,181,511705000,71506,213842000,28356,드라마,12세이상관람가,17243.645237959645,2011,11,해외,39.655413531731604
프란시스 하,장편,미국,70,560752570,71506,379015370,46889,코미디,15세이상관람가,18896.470394766773,2014,7,해외,65.57351830615613
모뉴먼츠 맨: 세기의 작전,장편,미국,319,534041027,71483,226183427,28923,액션,12세이상관람가,18002.12425601571,2014,2,해외,40.46136843725082
강령: 귀신놀이,장편,한국,224,699853800,71397,133811200,13847,공포(호러),15세이상관람가,23619.965808019675,2025,8,국내,19.39437231256215
더 서클,장편,미국,169,578129700,71362,219357800,26472,드라마,12세이상관람가,19521.364514136814,2017,6,해외,37.095372887531184
정글히어로,장편,한국,287,506194300,71330,110466600,14870,애니메이션,전체관람가,17100.032261388187,2014,10,국내,20.84676854058601
트랩,장편,미국,162,490065432,71294,170980500,23842,범죄,청소년관람불가,16563.53352366461,2009,1,해외,33.44180435941313
투 마더스,장편,프랑스,198,497511000,71264,219430500,29994,드라마,청소년관람불가,16822.262106350867,2013,8,해외,42.088572070049395
위 오운 더 나잇,장편,미국,133,471961500,71212,176628500,25371,범죄,청소년관람불가,15970.013853086897,2008,5,해외,35.62742234454867
드라이브,장편,한국,581,640624109,71194,196843701,22136,스릴러,15세이상관람가,21682.621454156655,2024,6,국내,31.092507795600753
프레이 포 더 데블,장편,미국,517,716490477,71069,206471280,20628,미스터리,15세이상관람가,24293.054314939476,2022,12,해외,29.025313427795524
닌자터틀: 뮤턴트 대소동,장편,미국,650,638211569,71001,170835386,18314,애니메이션,전체관람가,21659.683700365327,2023,9,해외,25.794002901367584
돈비 어프레이드 : 어둠 속의 속삭임,장편,미국,232,521600500,70506,172807500,22169,공포(호러),15세이상관람가,17826.407322763953,2011,8,해외,31.442714095254303
극장판 도라에몽: 신 진구의 버스 오브 재팬,장편,일본,282,525099600,70350,120165100,15058,애니메이션,전체관람가,17985.788784134405,2016,12,해외,21.404406538734897
시스터,장편,한국,650,586044080,70293,179672140,21182,스릴러,15세이상관람가,20089.545326541112,2026,1,국내,30.13386823723557
썸머 솔스티스,장편,미국,131,460975000,70109,150160500,21523,공포(호러),15세이상관람가,15843.65962330258,2008,8,해외,30.69933959976608
미트 페어런츠 3,장편,미국,196,517805000,70053,276148500,36354,코미디,15세이상관람가,17811.1271689473,2011,3,해외,51.89499379041583
극장판 메탈 베이블레이드 VS 태양 작열의 침략자 솔블레이즈,장편,일본,120,474010500,70051,130066500,18399,애니메이션,전체관람가,16305.177312295535,2011,1,해외,26.265149676664144
호텔 레이크,장편,한국,465,592223200,70019,116030900,13345,공포(호러),15세이상관람가,20380.808857905522,2020,4,국내,19.05911252659992
바다 탐험대 옥토넛 시즌4: 늪지탐험선K,장편,영국,164,420417500,69912,101710500,16885,애니메이션,전체관람가,14490.419625636085,2016,9,해외,24.1517908227486
마일22,장편,미국,203,600495500,69834,188969000,21466,액션,15세이상관람가,20720.238113723044,2018,8,해외,30.73860870063293
인보카머스,장편,미국,196,571543200,69786,187786600,22115,공포(호러),청소년관람불가,19734.79680910902,2014,8,해외,31.689737196572377
나쁜계집애: 달려라 하니,장편,한국,487,631144230,69670,187555500,19637,애니메이션,전체관람가,21829.04363254655,2025,10,국내,28.18573274006028
세상에서 고양이가 사라진다면,장편,일본,175,497645200,69586,183328500,24986,드라마,12세이상관람가,17232.562013062456,2016,11,해외,35.906647888943176
어카운턴트,장편,미국,375,548544928,69529,200958628,24813,액션,15세이상관람가,19010.70067495456,2016,10,해외,35.6872671834774
브라더스,장편,미국,140,513691735,69470,238348900,31743,드라마,15세이상관람가,17817.92730154821,2010,5,해외,45.69310493738305
인생 후르츠,장편,일본,33,537257530,69442,372638330,45621,다큐멘터리,전체관람가,18642.845220922864,2018,12,해외,65.69655251864866
번개맨,장편,한국,393,516736500,69303,112271800,13839,판타지,전체관람가,17966.728608733883,2016,2,국내,19.96883251807281
어거스트: 가족의 초상,장편,미국,249,520639800,69095,271279700,34839,드라마,15세이상관람가,18156.939502710167,2014,4,해외,50.42188291482741
하이힐을 신고 달리는 여자,장편,미국,169,531249500,69047,308956500,38773,코미디,15세이상관람가,18539.824715171315,2012,2,해외,56.1545034541689
주노,장편,미국,168,436273333,69011,190033333,28461,드라마,12세이상관람가,15233.23880792184,2008,2,해외,41.241251394705195
이퀄스,장편,미국,357,519932300,68897,187674000,23942,드라마,15세이상관람가,18184.375454122106,2016,8,해외,34.75042454678724
무명 無名,장편,한국,184,654351500,68867,246462700,25862,다큐멘터리,12세이상관람가,22895.59008537672,2025,6,국내,37.55354523937445
스티브 잡스,장편,미국,384,535351276,68815,263409778,32834,드라마,12세이상관람가,18745.957635672385,2016,1,해외,47.7134345709511
달라스 바이어스 클럽,장편,미국,138,517283443,68794,329423543,42661,드라마,청소년관람불가,18118.820358037672,2014,3,해외,62.01267552402826
우리 선희,장편,한국,39,530265400,68770,348218900,43257,드라마,청소년관람불가,18580.01965693222,2013,9,국내,62.90097426203286
피노키오: 당나귀 섬의 비밀,장편,이탈리아,283,430554000,68711,114457000,17366,애니메이션,전체관람가,15099.176523006348,2013,4,해외,25.27397359956921
동키호테,장편,스페인,72,400440500,68569,117897000,20097,애니메이션,전체관람가,14072.202707781644,2008,9,해외,29.309163032857416
바이러스,장편,한국,663,610906960,68537,191887900,20210,드라마,12세이상관람가,21478.39800188835,2025,5,국내,29.487721960400954
보 이즈 어프레이드,장편,미국,312,682005130,68395,389676287,38289,어드벤처,청소년관람불가,24027.865420303922,2023,7,해외,55.982162438774765
4교시 추리영역,장편,한국,170,464636012,68367,111327000,15256,공포(호러),15세이상관람가,16376.392823917551,2009,8,국내,22.31485950824228
하우스메이드,장편,미국,540,633234990,68333,282194260,29829,스릴러,청소년관람불가,22329.876425491824,2026,1,해외,43.65240806052712
닥터,장편,한국,163,495574500,68312,128870000,16975,스릴러,청소년관람불가,17480.902647949806,2013,6,국내,24.849221220283404
귀시,장편,한국,621,681253410,68281,147245100,14415,공포(호러),15세이상관람가,24041.453434011088,2025,9,국내,21.111290109986673
리미트,장편,한국,687,636265902,67971,163332653,16813,범죄,15세이상관람가,22556.24969755883,2022,8,국내,24.735548984125582
도티와 영원의 탑,장편,한국,370,628774015,67840,120423064,12662,애니메이션,전체관람가,22333.698532336897,2023,12,국내,18.66450471698113
"바다 탐험대 옥토넛 어보브 앤 비욘드: 버드, 옥토경보를 울려라!",장편,영국,215,548439660,67698,99001720,11835,애니메이션,전체관람가,19521.128384850224,2023,12,해외,17.482052645572985
토니 스토리: 깡통제국의 비밀,장편,독일,257,422490500,67663,115022000,16949,애니메이션,전체관람가,15045.880283025605,2013,7,해외,25.049140593825282
당신이 잠든 사이에,장편,한국,164,448114500,67626,123233000,17494,코미디,15세이상관람가,15967.14245857532,2008,8,국내,25.86874870611895
올 더 머니,장편,미국,260,547011500,67602,282210900,34598,범죄,15세이상관람가,19497.943847815153,2018,2,해외,51.17895920239046
크레센도,장편,미국,81,688908700,67440,341763200,32987,다큐멘터리,전체관람가,24614.78297531764,2023,12,해외,48.91310794780546
햄넷,장편,미국,381,646770790,67386,366077290,36873,드라마,12세이상관람가,23127.70948454132,2026,2,해외,54.71908111477162
여곡성,장편,한국,212,594373400,67368,118804700,13499,공포(호러),15세이상관람가,21259.723611224377,2018,11,국내,20.037703360646002
극장판 반지의 비밀일기,장편,한국,459,539843170,67319,115818000,13522,애니메이션,전체관람가,19323.324999816556,2019,9,국내,20.08645404714865
트로픽 썬더,장편,미국,104,465953500,67267,226130500,31444,액션,청소년관람불가,16691.38683265627,2008,12,해외,46.74506072814307
내 남자의 아내도 좋아,장편,스페인,132,454199063,67202,261280500,37216,드라마,15세이상관람가,16286.056568167256,2009,4,해외,55.379304187375375
주문진,장편,한국,93,378219576,67167,144095300,25604,드라마,12세이상관람가,13568.753588654497,2010,1,국내,38.11991007488796
아이엠스타 뮤직어워드,장편,일본,358,455696500,67027,93175000,13395,애니메이션,전체관람가,16382.410900408593,2016,9,해외,19.984483864711237
Mr.아이돌,장편,한국,311,467982500,67001,174484500,23677,드라마,12세이상관람가,16830.624538421744,2011,11,국내,35.33827853315622
올레,장편,한국,338,522938900,66883,139416000,17318,드라마,15세이상관람가,18840.269350055456,2016,8,국내,25.892977288698177
더 바디,장편,스페인,161,501242100,66733,94747400,11960,스릴러,15세이상관람가,18099.175657570115,2014,5,해외,17.922167443393825
라스트 스탠드,장편,미국,300,492135000,66698,182360500,24008,액션,청소년관람불가,17779.655610056045,2013,2,해외,35.99508231131368
상자 속의 양,장편,일본,456,607685730,66601,287433640,30363,드라마,12세이상관람가,21986.200865684026,2026,6,해외,45.58940556448101
리틀메딕: 몸속탐험대,장편,독일,291,515053700,66562,96544900,11585,애니메이션,전체관람가,18645.672501007306,2016,11,해외,17.40482557615456
여행과 나날,장편,일본,154,634629141,66460,399015831,39239,드라마,12세이상관람가,23009.732858608677,2025,12,해외,59.041528739091184
에반게리온: 파,장편,일본,34,506108113,66376,346416000,45068,애니메이션,12세이상관람가,18373.171352397658,2009,12,해외,67.8980354344944
용과 주근깨 공주,장편,일본,216,643986900,66360,219521100,22654,애니메이션,전체관람가,23384.202270201968,2021,9,해외,34.138034960819766
선생님의 일기,장편,태국,163,461082900,66319,140241400,19838,멜로/로맨스,12세이상관람가,16753.013955730945,2016,11,해외,29.912996275577136
골든 슬럼버,장편,일본,139,483993392,66224,215645000,28330,스릴러,12세이상관람가,17610.671921801728,2010,8,해외,42.77905291133124
천녀유혼,장편,중국,240,497089500,66219,161673000,20447,SF,12세이상관람가,18088.555008326697,2011,5,해외,30.87784472734412
레지던트,장편,영국,200,518700000,66216,198563500,23922,스릴러,청소년관람불가,18875.79313266113,2011,6,해외,36.12722000724901
너자 2,장편,중국,277,546339650,66134,172484800,19588,애니메이션,12세이상관람가,19906.26734111576,2026,2,해외,29.618653037771796
다크 플레이스,장편,미국,268,530282654,66075,236400854,28454,드라마,청소년관람불가,19338.471853361232,2015,7,해외,43.06318577374196
패트리어트 데이,장편,미국,375,521471618,66074,173633018,21365,드라마,15세이상관람가,19017.436747626158,2017,4,해외,32.33495777461634
카페 벨에포크,장편,프랑스,463,549455880,65975,268690840,32387,코미디,15세이상관람가,20068.057177554478,2020,5,해외,49.08980674497916
더 플랫폼,장편,스페인,228,603715000,65938,212466200,23133,SF,청소년관람불가,22062.163543920597,2020,5,해외,35.082956716915895
극장판 파워레인저: 애니멀포스 VS 닌자포스 미래에서 온 메시지,장편,일본,370,501257700,65895,113064100,13908,액션,전체관람가,18329.916981835835,2017,11,해외,21.106305486000455
레터스 투 갓,장편,미국,119,430338300,65887,75632500,10510,가족,전체관람가,15738.4576477324,2016,2,해외,15.95155341721432
여대생 기숙사,장편,미국,143,499069256,65570,173032000,21397,공포(호러),청소년관람불가,18340.346507273567,2010,6,해외,32.632301357328046
로봇 드림,장편,스페인,114,630136992,65555,403679839,39929,애니메이션,전체관람가,23162.26665184114,2024,3,해외,60.90916024712074
블리츠,장편,영국,123,497782500,65493,156641500,19566,스릴러,청소년관람불가,18314.56649740366,2011,12,해외,29.87494846777518
더 크리스마스,장편,미국,158,486356000,65460,112309200,14438,애니메이션,전체관람가,17903.180089744863,2017,12,해외,22.056217537427436
돌이킬 수 없는,장편,한국,205,472974485,65414,116550500,15060,미스터리,15세이상관람가,17422.838447685015,2010,11,국내,23.022594551625033
"사랑한다, 사랑하지 않는다",장편,한국,80,498314500,65282,217285500,27680,멜로/로맨스,15세이상관람가,18393.398353685567,2011,3,국내,42.40066174443185
패터슨,장편,프랑스,62,537321900,65147,403594600,47143,드라마,12세이상관람가,19874.3083528798,2017,12,해외,72.36403825195327
데몰리션,장편,미국,198,533506821,65145,307424321,36499,드라마,청소년관람불가,19733.803128701777,2016,7,해외,56.02732366259882
쏘우 X,장편,미국,571,679602885,65130,205764524,19469,공포(호러),청소년관람불가,25143.517783709693,2023,12,해외,29.892522647013664
정글번치 : 빙산으로의 귀환,장편,프랑스,224,401342000,64744,69918500,10320,애니메이션,전체관람가,14937.124005722631,2013,10,해외,15.93970097615223
우마무스메 프리티 더비 새로운 시대의 문,장편,일본,136,684501192,64725,312368674,27910,애니메이션,전체관람가,25483.205293945193,2024,7,해외,43.120896098879875
베리드,장편,스페인,117,470090587,64449,208936500,27857,드라마,15세이상관람가,17575.887948760083,2010,12,해외,43.22332386848516
레오나르도 다 빈치,장편,이탈리아,150,509942200,64405,129135000,15703,애니메이션,전체관람가,19078.897376634868,2018,4,해외,24.381647387625186
압수수색: 내란의 시작,장편,한국,278,614643600,64380,222385620,22724,다큐멘터리,12세이상관람가,23005.10897270349,2025,4,국내,35.29667598633116
사랑보다 황금,장편,미국,129,403351000,64310,189733500,30728,멜로/로맨스,12세이상관람가,15113.203552821145,2008,2,해외,47.78106048825999
브링 허 백,장편,미국,246,537796000,64268,206137300,24557,공포(호러),청소년관람불가,20163.90701287755,2025,6,해외,38.21030684010705
보루토 - 나루토 더 무비,장편,일본,219,477101900,64159,134933800,17676,애니메이션,12세이상관람가,17918.65728159916,2015,12,해외,27.550304711731794
극장판 도라에몽: 진구의 신공룡,장편,일본,502,550382680,64156,93042310,10404,애니메이션,전체관람가,20671.851819022457,2021,8,해외,16.216721740756906
노인을 위한 나라는 없다,장편,미국,16,435417500,64078,290986000,41856,스릴러,청소년관람불가,16373.775635642856,2008,2,해외,65.32039077374449
엘라의 모험 2: 백설공주 길들이기,장편,미국,84,439232122,63857,121484500,16873,가족,전체관람가,16574.387387783434,2010,2,해외,26.423101617677
극장판 파워레인저: 닌자포스 VS 트레인포스 닌자 인 원더랜드,장편,일본,406,497447800,63820,98695300,11896,액션,전체관람가,18782.033807432803,2016,11,해외,18.639924788467567
몬스터 하우스,장편,캐나다,202,506405000,63784,85113200,10181,애니메이션,전체관람가,19131.02050746571,2019,10,해외,15.961683180734981
귀멸의 칼날: 남매의 연,장편,일본,383,626419340,63656,133961420,13261,애니메이션,15세이상관람가,23712.5203087075,2021,11,해외,20.8322860374513
머티리얼리스트,장편,미국,172,590015500,63628,355140060,36421,멜로/로맨스,12세이상관람가,22344.315338931636,2025,8,해외,57.240523040171
고고다이노 극장판: 게코도마뱀의 꿈,장편,한국,209,584539200,63611,106467600,11356,애니메이션,전체관람가,22142.839961187285,2025,7,국내,17.852258257219663
아메리칸,장편,미국,117,492424010,63329,213903000,26433,범죄,청소년관람불가,18736.501121414713,2010,12,해외,41.739171627532414
뷰티풀 투모로우,장편,한국,47,552273700,63279,321810000,36802,드라마,12세이상관람가,21030.35762259201,2017,10,국내,58.15831476477188
익스펜더블 4,장편,미국,634,604243589,63178,172746189,17987,액션,청소년관람불가,23046.13391042406,2023,10,해외,28.470353604102694
로우리스: 나쁜 영웅들,장편,미국,275,452103666,63108,203502662,27793,액션,청소년관람불가,17262.572480452327,2012,10,해외,44.04037522976485
히트맨: 에이전트 47,장편,미국,272,492878500,63073,134566400,16556,액션,15세이상관람가,18829.911945596028,2015,9,해외,26.248949629794048
대무가,장편,한국,587,567401256,62999,195742639,23650,드라마,15세이상관람가,21702.438803293302,2022,10,국내,37.54027841711773
본즈 앤 올,장편,미국,356,659874147,62773,399570708,37375,공포(호러),청소년관람불가,25330.288269513465,2022,11,해외,59.53992958756154
경주,장편,한국,318,468260500,62754,216920500,27486,드라마,15세이상관람가,17980.34474642043,2014,6,국내,43.79959843197246
메소드연기,장편,한국,519,579103130,62659,199464920,19197,드라마,12세이상관람가,22270.21224270516,2026,3,국내,30.637258813578256
명탐정 코난: 진홍의 수학여행,장편,일본,532,534479660,62572,103187710,11739,애니메이션,12세이상관람가,20582.733413998638,2021,1,해외,18.760787572716232
리틀 프린세스 소피아 : 신비한 섬,장편,미국,135,441475500,62454,109518000,14532,애니메이션,전체관람가,17033.278661769764,2017,9,해외,23.268325487558844
극장판 쿠로코의 농구 라스트 게임,장편,일본,96,462290000,62393,212659500,27805,애니메이션,12세이상관람가,17853.794612038462,2017,4,해외,44.56429407145032
언피니시드,장편,미국,159,455595500,62383,150837000,19945,드라마,15세이상관람가,17598.07130031757,2011,10,해외,31.971851305644165
신체모음.zip,장편,한국,269,576492200,62287,132770800,15007,공포(호러),15세이상관람가,22302.21123710086,2023,8,국내,24.09331000048164
극장판 5등분의 신부,장편,일본,91,671267500,62223,183230700,16938,애니메이션,12세이상관람가,25995.40440340021,2022,9,해외,27.221445446217636
시크릿쥬쥬 마법의 하모니,장편,한국,575,557216160,62103,81835400,8525,애니메이션,전체관람가,21620.365234669414,2025,5,국내,13.72719514355184
기생수 파트2,장편,일본,260,502071959,62071,162446959,19447,SF,청소년관람불가,19490.775875974134,2015,5,해외,31.33025084177796
한국이 싫어서,장편,한국,588,533464941,62032,226188986,25264,드라마,12세이상관람가,20722.493054498107,2024,8,국내,40.72736652050555
엔시티 드림 더 무비 : 인 어 드림,장편,한국,103,1239999100,62018,577883000,28898,다큐멘터리,전체관람가,48178.748727050486,2022,11,국내,46.59614950498243
위아영,장편,미국,235,495343360,62016,294373260,36060,코미디,15세이상관람가,19246.621159560847,2015,5,해외,58.14628482972136
1919 유관순,장편,한국,269,506367410,61938,152567860,18095,다큐멘터리,12세이상관람가,19699.738992782135,2019,3,국내,29.21469856953728
에브리바디 올라잇,장편,미국,126,466314324,61927,227370000,29077,코미디,청소년관람불가,18144.734501816267,2010,9,해외,46.95367125809421
뉴 뮤턴트,장편,미국,817,546115880,61897,164593910,18270,액션,15세이상관람가,21260.18836967983,2020,9,해외,29.51677787291791
황당한 외계인: 폴,장편,미국,148,461937500,61808,178315000,22526,코미디,15세이상관람가,18009.034585143578,2011,4,해외,36.44512037276728
닥터 슬립,장편,미국,484,537986260,61784,221704820,24802,스릴러,15세이상관람가,20982.0088329493,2019,11,해외,40.14307911433381
디센트: Part 2,장편,영국,135,468775973,61784,151558500,19397,공포(호러),청소년관람불가,18282.737566867236,2010,8,해외,31.39485951055289
폭풍의 언덕,장편,미국,428,613844210,61729,296585590,28838,드라마,15세이상관람가,23961.87650373075,2026,2,해외,46.71710217239871
퍼피 구조대 더 무비,장편,미국,355,538180880,61633,123178620,13733,애니메이션,전체관람가,21041.023438585846,2021,8,해외,22.28189443966706
톨스토이의 마지막 인생,장편,영국,107,448097918,61480,259400500,34963,드라마,15세이상관람가,17562.687366250953,2010,12,해외,56.86890045543266
에반게리온: Q,장편,일본,59,435800211,61423,269442215,36922,애니메이션,15세이상관람가,17096.54348308363,2013,4,해외,60.11103332627843
헤드,장편,한국,196,462025000,61414,119747500,14988,액션,청소년관람불가,18128.004250041493,2011,5,국내,24.404858826977563
빅샤크4: 바다공룡 대모험,장편,중국,455,540193280,61333,74209080,8515,어드벤처,전체관람가,21223.00481334465,2022,7,해외,13.8832276262371
아더와 미니모이 3: 두 세계의 전쟁,장편,프랑스,267,431890800,61046,59116300,7826,애니메이션,전체관람가,17047.811861408878,2015,11,해외,12.819840775808405
주온: 더 파이널,장편,일본,318,461765400,60981,101256000,13046,공포(호러),15세이상관람가,18246.465470283754,2015,10,해외,21.39354881028517
바다 탐험대 옥토넛 시즌4: 빙하탐험선S,장편,영국,155,361596000,60977,91880000,15434,애니메이션,전체관람가,14289.251072545425,2016,2,해외,25.311182905029767
결정적 한방,장편,한국,160,439400000,60944,148555000,19367,코미디,15세이상관람가,17373.247255232534,2011,12,국내,31.778353898661067
바다 탐험대 옥토넛 시즌4: 바다 괴물 대소동,장편,영국,145,404919500,60935,109442000,16138,애니메이션,전체관람가,16012.302265598046,2017,1,해외,26.483958316238613
내 여자친구의 결혼식,장편,미국,166,463049500,60788,223147000,28243,코미디,청소년관람불가,18355.29919903342,2011,8,해외,46.46147265907745
극장판 바이올렛 에버가든,장편,일본,131,521563250,60762,183461590,20003,애니메이션,전체관람가,20683.63312041491,2020,11,해외,32.92024620651065
라스트 듀얼: 최후의 결투,장편,미국,367,583090210,60715,247820120,25291,액션,청소년관람불가,23141.507874535284,2021,10,해외,41.655274643827724
이처럼 사소한 것들,장편,미국,78,572580260,60592,409317560,41182,드라마,12세이상관람가,22770.522014119324,2024,12,해외,67.96606812780564
레드 원,장편,미국,598,594041280,60575,173879900,16513,액션,12세이상관람가,23630.61941534193,2024,11,해외,27.26042096574495
휴고,장편,미국,85,637621000,60520,246821000,22170,가족,전체관람가,25387.246275253026,2012,2,해외,36.63251817580965
산타의 매직 크리스탈,장편,벨기에,192,366202000,60485,62810500,10037,애니메이션,전체관람가,14588.980041850466,2013,11,해외,16.594196908324378
바운티 헌터,장편,미국,123,459904690,60376,212586500,26692,멜로/로맨스,15세이상관람가,18355.042935755213,2010,4,해외,44.20961971644362
극장판 유희왕 : 시공을 초월한 우정,장편,일본,103,590209500,60371,144581000,14552,애니메이션,전체관람가,23557.528718508227,2011,2,해외,24.104288482880854
두 남자,장편,한국,397,459566121,60365,164888821,21095,범죄,청소년관람불가,18344.8727470139,2016,11,국내,34.945746707529196
컴플리트 언노운,장편,미국,455,582414630,60363,281550270,28258,드라마,12세이상관람가,23249.486390470185,2025,2,해외,46.813445322465746
사탄의 인형,장편,미국,465,558760590,60340,159974800,16862,공포(호러),청소년관람불가,22313.739811749485,2019,6,해외,27.94497845541929
님포매니악 볼륨1,장편,덴마크,237,479242383,60265,263704083,32183,드라마,청소년관람불가,19162.04966218479,2014,6,해외,53.402472413507006
독립군: 끝나지 않은 전쟁,장편,한국,177,554511420,60254,158055600,17061,다큐멘터리,전체관람가,22175.65798761148,2025,8,국내,28.31513260530421
더 킬러: 죽어도 되는 아이,장편,한국,314,601780660,60175,148344520,15356,액션,청소년관람불가,24097.61328654877,2022,7,국내,25.518903199002906
극장판 아따맘마3D : 엄마는 초능력자,장편,일본,123,401669000,60154,74799500,10782,애니메이션,전체관람가,16089.987505963609,2011,9,해외,17.923995079296475
행오버 2,장편,미국,157,473137500,60048,251162000,30748,코미디,청소년관람불가,18986.31697051997,2011,8,해외,51.20570210498268
티켓 투 파라다이스,장편,미국,581,572962108,60001,255611601,27567,멜로/로맨스,12세이상관람가,23010.142923320756,2022,10,해외,45.944234262762286
번개맨과 신비의 섬,장편,한국,191,481474700,59923,93936000,11486,가족,전체관람가,19361.180181232583,2018,4,국내,19.167932179630526
더 퍼지 : 거리의 반란,장편,미국,204,455583000,59881,140040400,18412,공포(호러),청소년관람불가,18332.866208743726,2014,8,해외,30.74764950485129
엽문2,장편,홍콩,141,451282315,59881,118367000,15000,액션,15세이상관람가,18159.804696986375,2010,6,해외,25.049681869040263
니코: 오로라 원정대의 모험,장편,독일,393,519563600,59800,143201860,15374,애니메이션,전체관람가,20935.794012169077,2024,12,해외,25.709030100334445
더 레슬러,장편,미국,145,407039802,59662,203208000,28898,드라마,청소년관람불가,16439.589688578995,2009,3,해외,48.43619054004224
이빨요정 비올레타: 요정나라로 돌아갈래!,장편,독일,298,493480400,59654,65471400,8165,애니메이션,전체관람가,19933.439460729565,2023,11,해외,13.68726321788983
흑심모녀,장편,한국,177,386362000,59624,124965000,18372,가족,12세이상관람가,15614.396402192697,2008,6,국내,30.81309539782638
극장판 가면라이더 VS 파워레인저 슈퍼히어로 대전,장편,일본,183,405278000,59611,94281000,13060,액션,전체관람가,16382.437704046293,2014,1,해외,21.90870812433947
노바디2,장편,미국,335,532150200,59534,150223200,16308,액션,청소년관람불가,21538.77848883356,2025,8,해외,27.392750361138173
10 라이브즈,장편,영국,191,434322800,59525,88994300,13637,애니메이션,전체관람가,17581.87255531998,2024,8,해외,22.90970180596388
안녕 베일리,장편,미국,184,486987900,59397,178685300,21522,가족,전체관람가,19756.297780647314,2019,9,해외,36.234153240062625
극장판 숲의 요정 페어리루 ~크리스마스의 기적: 마법의 날개~,장편,일본,207,457902700,59375,101580900,12926,애니메이션,전체관람가,18583.242105263158,2017,12,해외,21.770105263157895
고 녀석 맛나겠다,장편,일본,124,407827500,59374,134192500,18292,애니메이션,전체관람가,16551.299684540027,2011,7,해외,30.80809782059487
시맨틱 에러: 더 무비,장편,한국,57,656057000,59314,403417800,34719,멜로/로맨스,12세이상관람가,26652.396415076633,2022,8,국내,58.534241494419526
태일이,장편,한국,458,491149590,59215,176894890,22685,애니메이션,전체관람가,19986.371492895505,2021,12,국내,38.30954994511526
언더 더 쎄임 문,장편,멕시코,67,360506500,58960,112403000,18024,드라마,전체관람가,14733.554298605548,2008,10,해외,30.56987788331072
트럼보,장편,미국,310,462652100,58784,235668600,29659,드라마,15세이상관람가,18964.75805235094,2016,4,해외,50.45420522591181
꼬마마법사 주니토니,장편,한국,170,511399400,58709,94374000,11248,애니메이션,전체관람가,20989.758143442636,2025,7,국내,19.158902382939583
파더 앤 도터,장편,미국,352,447097100,58704,167035100,20871,드라마,15세이상관람가,18352.11245636676,2015,12,해외,35.55294358135732
소공녀,장편,한국,284,469303200,58653,236153600,28592,멜로/로맨스,15세이상관람가,19280.362203763652,2018,3,국내,48.74771963923414
애프터,장편,미국,235,493655240,58645,173932710,19922,드라마,15세이상관람가,20283.58255256511,2019,8,해외,33.970500468923184
귀신경찰,장편,한국,378,506365800,58631,105543400,12452,코미디,12세이상관람가,20810.809200199,2025,1,국내,21.237911684944823
바다 탐험대 옥토넛 시즌4: 아슬아슬 구조대작전,장편,영국,162,349288000,58345,73786500,12215,애니메이션,전체관람가,14425.534858604873,2016,6,해외,20.935812837432515
킬링 디어,장편,미국,68,501031000,58185,311865300,35513,스릴러,청소년관람불가,20749.39614089252,2018,7,해외,61.03463091862164
순종,장편,한국,104,414028200,58027,118389600,14827,다큐멘터리,전체관람가,17193.00176216265,2016,11,국내,25.551898254260948
극장판 미니특공대: 햄버거괴물의 습격,장편,한국,414,466063620,57883,77247430,9126,애니메이션,전체관람가,19401.981021541378,2020,9,국내,15.766287165489004
더 랍스터,장편,영국,75,476877300,57721,351915400,41413,판타지,청소년관람불가,19907.865901679517,2015,10,해외,71.74685123265363
엘리엇과 산타 썰매단,장편,캐나다,335,399517800,57674,61799700,8312,애니메이션,전체관람가,16691.98415188653,2018,12,해외,14.412040087387732
웃는 남자,장편,프랑스,170,403906500,57652,175216000,23785,미스터리,15세이상관람가,16881.78510197036,2013,3,해외,41.256157635467986
사과,장편,한국,111,379387469,57525,194098000,28179,드라마,15세이상관람가,15891.989088034015,2008,10,국내,48.98565840938722
바다 탐험대 옥토넛 육지수호 대작전 : 열대우림을 지켜라!,장편,영국,284,511513000,57452,95508000,10284,애니메이션,전체관람가,21453.760457131735,2023,2,해외,17.90016013367681
수라,장편,한국,136,484118124,57441,173067666,19789,다큐멘터리,전체관람가,20308.65925707321,2023,6,국내,34.451001897599276
나의 붉은고래,장편,중국,390,438539500,57388,138499700,17318,애니메이션,전체관람가,18413.6350238201,2017,6,해외,30.177040496270997
킬러들의 도시,장편,영국,85,394632089,57387,152579500,21313,범죄,청소년관람불가,16570.315513714642,2009,3,해외,37.139073309286076
어드리프트:우리가 함께한 바다,장편,미국,490,467136418,57331,172941318,20647,멜로/로맨스,12세이상관람가,19633.87910365363,2018,9,해외,36.01367497514434
듀 데이트,장편,미국,148,440189148,57308,184248500,22993,코미디,청소년관람불가,18508.70283675359,2010,11,해외,40.12179800376911
미스 페티그루의 어느 특별한 하루,장편,영국,84,357938000,57271,212932000,33182,멜로/로맨스,12세이상관람가,15059.999036498004,2008,10,해외,57.93857275060677
마미,장편,캐나다,84,454117600,57247,323499100,39272,드라마,15세이상관람가,19114.700807176512,2014,12,해외,68.6009747235663
달빛 길어올리기,장편,한국,128,362535000,57186,98990000,13399,드라마,15세이상관람가,15276.08703621537,2011,3,국내,23.430559927254922
슬픔의 삼각형,장편,미국,294,560361921,57132,360420673,35357,코미디,15세이상관람가,23634.210060152393,2023,5,해외,61.88650843660295
극장판 엉덩이 탐정: 스타 앤드 문,장편,일본,254,458730300,57067,76437300,9522,애니메이션,전체관람가,19369.762154440745,2026,2,해외,16.68565020064135
밤의 해변에서 혼자,장편,한국,133,438976092,56995,275454892,34627,드라마,청소년관람불가,18559.061595975974,2017,3,국내,60.754452144925
다이애나,장편,영국,279,402756100,56872,170925100,22976,드라마,15세이상관람가,17064.57705911563,2014,3,해외,40.3994935996624
극장판 프랭키와 친구들: 생명의 나무,장편,한국,258,410518600,56835,103400500,13068,애니메이션,전체관람가,17404.79362686958,2016,4,국내,22.99287410926366
더 룸,장편,프랑스,163,461964100,56787,175815300,21429,미스터리,15세이상관람가,19602.488351631473,2019,9,해외,37.73574937925934
레볼루셔너리 로드,장편,미국,75,388157352,56552,232712000,32972,드라마,청소년관람불가,16539.095354398214,2009,2,해외,58.30386193238082
드래곤 블레이드,장편,중국,264,427722800,56547,113013200,14534,액션,15세이상관람가,18226.56108012079,2015,3,해외,25.702512953826023
극장판 프리파라 모두의 동경♪ 렛츠고☆프리파리,장편,일본,191,431771300,56539,115053700,14397,애니메이션,전체관람가,18401.683282059064,2017,12,해외,25.46383911989954
대니 콜린스,장편,미국,309,426338305,56515,198998405,25288,드라마,15세이상관람가,18177.85042674458,2015,9,해외,44.74564274971247
돌아온 파워레인저 미라클포스,장편,일본,235,385525000,56420,92577500,12965,액션,전체관람가,16465.365182815633,2012,2,해외,22.979439914923784
헌터 킬러,장편,미국,226,462748450,56350,159119600,18822,액션,15세이상관람가,19788.048021723094,2018,12,해외,33.4019520851819
마이 스파이,장편,미국,240,482594500,56282,165572600,19676,액션,12세이상관람가,20661.63805929093,2020,4,해외,34.95966738921858
나혼자 프린스,장편,한국,536,509506310,56198,128683000,13962,코미디,12세이상관람가,21846.43667377435,2025,11,국내,24.844300508914905
우리집,장편,한국,147,444391340,56087,252210120,29807,드라마,전체관람가,19092.16941580217,2019,8,국내,53.14422236881987
스마일 2,장편,미국,549,550694670,56072,183676500,18687,공포(호러),청소년관람불가,23665.55693454371,2024,10,해외,33.32679412184334
애스터로이드 시티,장편,미국,269,553541947,55930,364345229,36337,드라마,12세이상관람가,23848.31068956678,2023,6,해외,64.96871088861076
나이트 크롤러,장편,미국,233,451041300,55892,203599400,24807,범죄,청소년관람불가,19445.475309956637,2015,2,해외,44.38381163672798
더 보이,장편,미국,186,441611821,55875,84467821,10054,공포(호러),15세이상관람가,19044.740400528288,2016,6,해외,17.993736017897092
영화 이상한 과자 가게 전천당,장편,일본,246,472242300,55862,81106100,9850,판타지,전체관람가,20370.435233469056,2025,2,해외,17.632737818194837
매직빈,장편,중국,534,427992700,55804,70261300,8592,애니메이션,전체관람가,18480.89224506081,2018,5,해외,15.396745752992617
래빗 스쿨,장편,독일,314,401768900,55784,82198100,10411,애니메이션,전체관람가,17354.758198144653,2017,11,해외,18.66305750752904
부흥,장편,한국,21,560488380,55760,260422310,26053,다큐멘터리,전체관람가,24221.20533785069,2026,1,국내,46.723457675753224
고녀석 맛나겠다2 : 함께라서 행복해,장편,한국,142,384464000,55619,115174700,16105,애니메이션,전체관람가,16656.525236132144,2015,7,국내,28.95593232528452
더 라이트: 악마는 있다,장편,미국,104,422603000,55561,167645500,21089,미스터리,15세이상관람가,18327.972533390523,2011,4,해외,37.95648026493404
워터 포 엘리펀트,장편,미국,182,418236500,55561,215500000,27531,드라마,15세이상관람가,18138.600730381437,2011,5,해외,49.55094400748727
백설공주 : 사라진 아빠를 찾아서,장편,중국,213,425994300,55355,70551700,8438,애니메이션,전체관람가,18543.804338481194,2016,9,해외,15.243428777888177
그물,장편,한국,381,416593300,55342,112920600,14136,드라마,15세이상관람가,18138.832660699536,2016,10,국내,25.542987242961946
드레스메이커,장편,호주,176,440059500,55330,144520800,17846,드라마,15세이상관람가,19164.726863354375,2016,2,해외,32.25375022591722
빅뱅 메이드,장편,한국,56,464727700,55227,214369000,24994,다큐멘터리,12세이상관람가,20276.780979095918,2016,6,국내,45.25684900501567
내 눈에 콩깍지,장편,한국,128,405424788,55132,128419000,16765,멜로/로맨스,12세이상관람가,17719.785242690272,2009,11,국내,30.40883697308278
위시 어폰,장편,미국,279,434148000,55110,82609500,9910,공포(호러),15세이상관람가,18982.757376812642,2017,7,해외,17.98221738341499
대지진,장편,중국,90,379043639,55000,119095000,16777,드라마,전체관람가,16606.512113910187,2010,11,해외,30.503636363636367
파라노말 액티비티: 더 고스트 디멘션,장편,미국,353,454055200,54972,129982200,15254,미스터리,15세이상관람가,19903.021823158164,2016,4,해외,27.74867205122608
내가 죽기를 바라는 자들,장편,미국,669,511072350,54951,138693360,14877,범죄,15세이상관람가,22410.868565707937,2021,5,해외,27.073210678604575
최면,장편,한국,506,501754120,54927,93594620,10091,공포(호러),15세이상관람가,22011.87161667589,2021,3,국내,18.371656926466038
더 프린세스 : 도둑맞은 공주,장편,우크라이나,423,445726660,54609,60674330,7007,애니메이션,전체관람가,19667.82297017549,2020,8,해외,12.831218297350253
헤이와이어,장편,미국,200,384196324,54511,133250624,18254,액션,15세이상관람가,16983.256126264336,2012,7,해외,33.486819174111645
파라노말 액티비티4,장편,미국,173,384064500,54461,96287000,13026,스릴러,15세이상관람가,16993.01567187573,2012,10,해외,23.91803308789776
잡아야 산다,장편,한국,219,410361400,54450,91032800,11245,코미디,15세이상관람가,18160.19560335004,2016,1,국내,20.651974288337925
왓칭,장편,한국,488,456558262,54410,100830552,11564,공포(호러),15세이상관람가,20219.452129414552,2019,4,국내,21.25344605770998
살인소설,장편,미국,186,394724176,54239,164418159,21572,미스터리,청소년관람불가,17536.138069859036,2012,11,해외,39.77211969247221
라일 라일 크로커다일,장편,미국,384,502081439,54192,152228524,17785,가족,전체관람가,22324.970341952398,2023,1,해외,32.81849719515796
사일런스,장편,미국,456,463969062,54158,108881682,12405,공포(호러),15세이상관람가,20643.2611942656,2019,7,해외,22.90520329406551
5일의 마중,장편,중국,86,405905100,54098,233534000,30525,멜로/로맨스,전체관람가,18079.865767925858,2014,10,해외,56.425376169174456
산상수훈,장편,한국,71,408105790,54004,139065190,18131,드라마,전체관람가,18209.529771556416,2017,12,국내,33.573439004518185
런닝맨: 리벤져스,장편,한국,221,453556800,53937,76518500,9500,애니메이션,전체관람가,20262.67593316701,2023,8,국내,17.613141257392883
맨체스터 바이 더 씨,장편,미국,109,431623800,53779,254824600,30655,드라마,15세이상관람가,19339.46985621879,2017,2,해외,57.001803678015584
돌핀 : 꿈꾸는 다니엘의 용감한 모험,장편,페루,197,354256000,53744,69371500,9461,애니메이션,전체관람가,15883.241211347326,2013,3,해외,17.60382554331646
고고다이노 극장판: 얼음공룡의 비밀,장편,한국,531,489650813,53685,88245897,10354,애니메이션,전체관람가,21977.861173669255,2022,10,국내,19.286579118934526
나의 첫 번째 슈퍼스타,장편,미국,462,473919360,53684,189510120,21533,코미디,12세이상관람가,21272.154858911093,2020,6,해외,40.11064749273526
개구리왕국,장편,중국,227,362895100,53576,49823200,6590,애니메이션,전체관람가,16321.599673293742,2015,11,해외,12.30028370912349
베스트 엑조틱 메리골드 호텔,장편,영국,149,379972500,53555,185428000,25167,코미디,15세이상관람가,17096.37541858218,2012,7,해외,46.99281112874615
길위에서,장편,한국,23,361561500,53500,182604500,25751,다큐멘터리,전체관람가,16284.720189167889,2013,5,국내,48.13271028037383
인 디 에어,장편,미국,53,412946426,53423,291688000,36969,드라마,15세이상관람가,18625.903242342487,2010,3,해외,69.20053160623702
렌필드,장편,미국,577,488403949,53358,222529600,24442,코미디,청소년관람불가,22056.242466774784,2023,4,해외,45.80756400164924
사운드 오브 프리덤,장편,미국,248,578652700,53312,177090400,17257,범죄,15세이상관람가,26154.40905277774,2024,2,해외,32.36982292917167
"부르고뉴, 와인에서 찾은 인생",장편,프랑스,55,462165900,53175,293428900,33266,드라마,15세이상관람가,20943.16447737353,2018,5,해외,62.5594734367654
튤립 피버,장편,영국,359,425521049,53121,183860049,22677,드라마,청소년관람불가,19302.19546509299,2017,12,해외,42.68933190263737
디센던트,장편,미국,114,407991800,53103,278344800,35393,코미디,15세이상관람가,18513.318853630444,2012,2,해외,66.64971847164944
마야 3: 숲속 왕국의 위기,장편,독일,208,423586000,53058,57501900,7682,애니메이션,전체관람가,19237.233906790796,2023,8,해외,14.478495231633307
더 웨일,장편,미국,203,522250997,53045,320313483,31680,드라마,15세이상관람가,23723.93509943251,2023,3,해외,59.72287680271467
라스트 마일,장편,일본,166,444015120,53013,193776100,21777,스릴러,12세이상관람가,20182.143093339917,2025,3,해외,41.07860336143965
블랙 가스펠,장편,한국,143,364990500,52852,200172000,27504,드라마,전체관람가,16640.717110476267,2013,11,국내,52.039657912661774
더 라스트: 나루토 더 무비,장편,일본,158,391905272,52816,112856072,14897,애니메이션,12세이상관람가,17879.999489019392,2015,2,해외,28.20546803998788
워,장편,미국,137,342294500,52787,75104000,11229,스릴러,청소년관람불가,15625.173321014372,2008,2,해외,21.272282948453217
콘트라밴드,장편,미국,178,393549500,52743,122177000,15714,액션,청소년관람불가,17979.865540313807,2012,3,해외,29.793527103122692
쿵푸 덩크,장편,대만,155,326514500,52688,93705000,14799,코미디,15세이상관람가,14932.84861279311,2008,2,해외,28.087989675068325
머니백,장편,한국,472,411511600,52618,105898500,12994,액션,15세이상관람가,18845.152169741723,2018,4,국내,24.69497130259607
폭풍전야,장편,한국,134,393501207,52597,162652500,20740,드라마,청소년관람불가,18027.562019089917,2010,4,국내,39.431906762743125
점보,장편,인도네시아,371,463104540,52582,83981100,9392,애니메이션,전체관람가,21222.368000777216,2026,2,해외,17.861625651363585
어메이징 그레이스,장편,미국,50,321802167,52544,138728667,22216,사극,전체관람가,14757.668019825955,2008,3,해외,42.28075517661389
프랭크,장편,영국,208,410015145,52488,264763445,32798,코미디,15세이상관람가,18823.127213931173,2014,9,해외,62.48666361835086
첫 번째 키스,장편,일본,184,416874160,52472,160161800,19316,드라마,12세이상관람가,19143.849066030856,2025,2,해외,36.81201402652843
화양연화 특별판,장편,홍콩,174,526484522,52465,305445512,29432,드라마,15세이상관람가,24180.64237891239,2025,12,해외,56.09835128180693
기동전사 건담 시드 프리덤,장편,일본,418,555481523,52443,206238861,19038,애니메이션,12세이상관람가,25523.13357313471,2024,4,해외,36.30227103712602
캔디맨,장편,미국,608,509775750,52340,168324330,17557,미스터리,15세이상관람가,23469.149812854783,2021,9,해외,33.54413450515858
더 비지트,장편,미국,279,403435581,52197,125714081,15652,스릴러,15세이상관람가,18624.32572984045,2015,10,해외,29.986397685690747
사랑은 언제나 진행중,장편,미국,181,388949159,52193,139336500,17517,코미디,15세이상관람가,17956.94612604423,2010,3,해외,33.56197191194221
정글번치: 월드투어,장편,프랑스,193,431379500,52193,61725000,7704,애니메이션,전체관람가,19915.863711585756,2024,1,해외,14.760600080470562
너의 췌장을 먹고 싶어,장편,일본,319,408562605,52161,142430905,16738,애니메이션,12세이상관람가,18874.02858110997,2018,11,해외,32.089108721075135
별을 쫓는 아이,장편,일본,139,373288500,52159,175196000,23225,애니메이션,전체관람가,17245.161169611823,2011,8,해외,44.52731072298165
꼬마영웅 경찰차 프로디,장편,노르웨이,229,343590000,52154,61132500,8540,애니메이션,전체관람가,15874.673291470903,2013,4,해외,16.37458296583196
포인트 블랭크,장편,프랑스,153,397470300,52094,156695800,19602,스릴러,청소년관람불가,18385.22208001199,2011,7,해외,37.62813375820632
소중한 날의 꿈,장편,한국,128,360928100,52010,188132100,26312,애니메이션,전체관람가,16721.9047310179,2011,6,국내,50.5902711017112
바다 탐험대 옥토넛 스페셜,장편,영국,210,383427600,51884,84362100,10733,애니메이션,전체관람가,17807.45369884441,2015,2,해외,20.686531493331277
매혹당한 사람들,장편,미국,395,393548500,51867,187653600,23621,스릴러,15세이상관람가,18283.48735331168,2017,9,해외,45.541481095879845
빅샤크2: 해저2만리,장편,중국,344,372308920,51841,41575060,5105,애니메이션,전체관람가,17305.413238765523,2019,6,해외,9.847418066781119
프리키 데스데이,장편,미국,631,451260690,51816,128273640,14722,코미디,청소년관람불가,20985.31643944932,2020,11,해외,28.41207349081365
아인보: 아마존의 전설,장편,페루,401,397326479,51683,30757888,3576,애니메이션,전체관람가,18524.721908744435,2022,10,해외,6.9191029932472965
스트레스를 부르는 그 이름 직장상사,장편,미국,117,404070500,51646,211009000,26179,코미디,청소년관람불가,18852.647938304744,2011,11,해외,50.689307981257016
오싱,장편,일본,233,334512500,51637,126668500,19136,드라마,전체관람가,15610.01252720859,2013,12,해외,37.05869822026841
킬러 인사이드 미,장편,미국,121,391822268,51555,158818000,20034,범죄,청소년관람불가,18313.45249487914,2010,7,해외,38.85947046843177
스카이포스 3D,장편,미국,183,349260500,51553,82973500,10911,애니메이션,전체관람가,16324.783548291278,2013,2,해외,21.16462669485772
아웃포스트,장편,미국,454,428533870,51381,167909230,19323,전쟁,15세이상관람가,20097.15137774195,2020,9,해외,37.60728674023472
언어의 정원,장편,일본,64,384597200,51337,220381700,28007,애니메이션,12세이상관람가,18052.09188234325,2013,8,해외,54.55519410951166
더블 스파이,장편,미국,126,339420521,51270,156063500,22485,범죄,12세이상관람가,15952.423902749677,2009,4,해외,43.856056173200706
트리 오브 라이프,장편,미국,125,369070500,51228,221825500,29125,드라마,15세이상관람가,17360.16448083268,2011,10,해외,56.85367377215586
미안해 사랑해 고마워,장편,한국,344,359247800,51207,106619300,14482,드라마,15세이상관람가,16905.05886690473,2015,10,국내,28.281289667428283
빅 미라클,장편,미국,170,344139500,51151,117016500,16293,드라마,전체관람가,16211.839597054128,2012,2,해외,31.852749701863107
콜레트,장편,영국,169,409004989,51149,248891499,30789,드라마,15세이상관람가,19268.298312018727,2019,3,해외,60.1947252145692
마브카 : 숲의 노래,장편,우크라이나,489,432049154,51120,58619919,6801,애니메이션,전체관람가,20365.459679091957,2023,10,해외,13.30399061032864
바다 탐험대 옥토넛 어보브 앤 비욘드 : 극지방 대작전,장편,영국,208,461681700,51032,88120300,9310,애니메이션,전체관람가,21799.773163826336,2025,1,해외,18.243455087004232
오지: 사라진 숲을 찾아서,장편,미국,214,396502975,50986,90960600,12313,애니메이션,전체관람가,18739.043176983618,2024,9,해외,24.14976660259679
서울이 보이냐,장편,한국,125,309567000,50956,48727000,7706,가족,전체관람가,14638.99400096658,2008,5,국내,15.122851087212496
두 번의 결혼식과 한 번의 장례식,장편,한국,67,380102144,50905,239826644,30630,코미디,15세이상관람가,17992.511162418064,2012,6,국내,60.170906590708185
고스트버스터즈: 오싹한 뉴욕,장편,미국,671,466751403,50879,140217742,14814,액션,12세이상관람가,22105.43005765865,2024,4,해외,29.116138288881466
더 씽,장편,미국,174,367519589,50839,91566089,11900,공포(호러),15세이상관람가,17419.488406230204,2012,6,해외,23.40722673538032
윈드 리버,장편,미국,330,391358700,50783,159742100,20211,액션,15세이상관람가,18569.856291439908,2017,9,해외,39.798751550715785
브루클린,장편,미국,40,410850100,50768,285430600,34858,드라마,12세이상관람가,19500.477485105883,2016,4,해외,68.6613614875512
엔니오: 더 마에스트로,장편,이탈리아,67,475713957,50762,330201720,34037,다큐멘터리,12세이상관람가,22581.826791030002,2023,7,해외,67.0521256057681
부활: 그 증거,장편,한국,111,419172070,50692,67857200,8358,다큐멘터리,전체관람가,19925.297497098,2020,10,국내,16.487808727215338
더 커버넌트,장편,미국,230,456555950,50651,174956170,19115,전쟁,15세이상관람가,21719.90324528851,2024,9,해외,37.738642869834756
포레스트: 죽음의 숲,장편,미국,312,391633862,50631,65795262,8286,공포(호러),12세이상관람가,18638.70065793779,2016,3,해외,16.365467796409312
6시간 후 너는 죽는다,장편,한국,252,513704100,50549,251524900,22744,스릴러,15세이상관람가,24487.94644442575,2024,10,국내,44.993966250568754
폴란드로 간 아이들,장편,한국,181,386723800,50545,240190800,30064,다큐멘터리,전체관람가,18436.335509214623,2018,10,국내,59.479671579780394
더 테너 리리코 스핀토,장편,한국,185,391554441,50514,199819741,25656,드라마,12세이상관람가,18678.082850465886,2014,12,국내,50.78988003325811
거울 속 외딴 성,장편,일본,335,486732269,50472,173492898,17956,애니메이션,12세이상관람가,23237.613745519408,2023,4,해외,35.57616103978444
젝스키스 에이틴,장편,한국,25,364405500,50419,225891500,29333,다큐멘터리,전체관람가,17415.766718274353,2018,1,국내,58.17846446776017
다이빙벨,장편,한국,20,348485500,50288,168295500,21332,다큐멘터리,15세이상관람가,16698.299721316063,2014,10,국내,42.41966274260261
"제자, 옥한흠",장편,한국,25,366587200,50274,126335500,16587,다큐멘터리,전체관람가,17570.566308676647,2014,10,국내,32.99319727891156
극장총집편 봇치 더 록! 후편,장편,일본,183,507254400,50248,164293600,16005,애니메이션,전체관람가,24325.341486947633,2024,9,해외,31.85201401050788
비밀,장편,한국,305,369339300,50196,94697600,12167,미스터리,15세이상관람가,17729.98280475476,2015,10,국내,24.238983185911227
인시디어스,장편,미국,178,357783500,50163,117051000,15566,공포(호러),15세이상관람가,17186.550159732287,2012,9,해외,31.03083946334948
내가 잠들기 전에,장편,영국,197,390872600,50098,149832300,18702,미스터리,청소년관람불가,18800.384980378218,2014,10,해외,37.330831570122555
언더더씨,장편,미국,163,382413600,49958,69088400,8765,애니메이션,전체관람가,18445.064938886015,2017,6,해외,17.544737579566835
레드라이트,장편,스페인,197,355743500,49925,138448500,18514,미스터리,15세이상관람가,17170.02009037653,2012,8,해외,37.083625438157235
마음이 외치고 싶어해,장편,일본,122,405746600,49813,137297800,16598,애니메이션,12세이상관람가,19627.459711368712,2016,3,해외,33.32061911549194
번개맨의 비밀,장편,한국,309,383521050,49751,72853050,8829,가족,전체관람가,18575.447899212777,2018,12,국내,17.74637695724709
살인소설,장편,한국,434,392591200,49682,110034500,13655,스릴러,15세이상관람가,19041.15960642215,2018,4,국내,27.484803349301558
어글리 돌,장편,미국,353,357110870,49509,82282540,10570,애니메이션,전체관람가,17380.84228083637,2019,5,해외,21.349653598335657
"가장 따뜻한 색, 블루",장편,프랑스,39,380280200,49374,261628200,32766,드라마,청소년관람불가,18559.11676844698,2014,1,해외,66.3628630453275
룸 넥스트 도어,장편,미국,151,454254150,49312,319303080,33759,드라마,15세이상관람가,22197.199733391713,2024,10,해외,68.460009733939
엘리: 몬스터 패밀리,장편,독일,345,410995440,49130,60666020,6868,애니메이션,전체관람가,20157.754077576334,2025,2,해외,13.97923875432526
라스트 나잇 인 소호,장편,미국,511,456301840,48985,202224560,23102,공포(호러),청소년관람불가,22446.106073779654,2021,12,해외,47.161375931407576
에곤 쉴레: 욕망이 그린 그림,장편,오스트리아,50,392999100,48985,288942600,34618,드라마,청소년관람불가,19332.158479790345,2016,12,해외,70.67061345309789
355,장편,미국,540,416928590,48976,164566920,20322,액션,15세이상관람가,20513.051388828757,2022,2,해외,41.4937928781444
슈퍼미니 2,장편,프랑스,345,374780620,48942,96127960,11784,애니메이션,전체관람가,18452.164425755,2019,2,해외,24.077479465489763
스트레이트 아웃 오브 컴턴,장편,미국,185,412749800,48844,235536700,27135,드라마,청소년관람불가,20362.333783582453,2015,9,해외,55.55441814757186
어네스트와 셀레스틴,장편,프랑스,202,328922100,48710,134213100,18826,애니메이션,전체관람가,16271.47143284697,2014,2,해외,38.64914801888729
너의 색,장편,일본,269,425313200,48691,137580100,15955,애니메이션,전체관람가,21048.059894792663,2024,10,해외,32.767862644020454
인 어 베러 월드,장편,덴마크,21,352819500,48549,247574000,32666,드라마,12세이상관람가,17511.534117685598,2011,6,해외,67.2845990648623
매드 댄스 오피스,장편,한국,484,414314860,48486,146014710,15874,드라마,전체관람가,20590.46034403671,2026,3,국내,32.73934744049829
나의 히어로 아카데미아 더 무비: 월드 히어로즈 미션,장편,일본,459,471587590,48436,127206380,12299,애니메이션,12세이상관람가,23460.97197444498,2022,3,해외,25.39227021223883
더 킥,장편,한국,153,331287500,48396,60436000,7865,액션,12세이상관람가,16494.816359412358,2011,11,국내,16.251343086205473
극장판 아이돌리쉬 세븐; 라이브 4비트 비욘드 더 피리어드 - 데이 2,장편,일본,78,430364185,48371,305706522,33837,애니메이션,전체관람가,21438.922753925297,2023,10,해외,69.95307105497095
저지드레드 3D,장편,영국,184,365262000,48341,126480500,16087,SF,청소년관람불가,18207.099513670826,2012,12,해외,33.27816966963861
3:10 투 유마,장편,미국,142,306807833,48284,95270333,14290,범죄,15세이상관람가,15311.407156253214,2008,2,해외,29.595725292022202
데자뷰,장편,한국,536,360833100,48279,78964200,10074,미스터리,15세이상관람가,18009.431624465928,2018,5,국내,20.86621512458833
우리들,장편,한국,76,358799960,48223,219260560,27794,드라마,전체관람가,17928.752190188705,2016,6,국내,57.63639756962446
안나와 알렉스 : 두자매 이야기,장편,미국,99,322437449,48069,106625500,15118,공포(호러),15세이상관람가,16163.384061114959,2009,4,해외,31.450623062680727
미스 슬로운,장편,미국,104,381394300,48051,199557400,24714,드라마,15세이상관람가,19125.97884827692,2017,3,해외,51.43285259411875
애프터썬,장편,영국,64,463952338,47871,344410561,33759,드라마,12세이상관람가,23353.542665995185,2023,2,해외,70.52077458168829
목숨 건 연애,장편,한국,393,361142800,47684,120507000,14834,멜로/로맨스,15세이상관람가,18249.80317208773,2016,12,국내,31.108967368509354
극장판 도라에몽: 진구의 우주소전쟁 리틀스타워즈 2021,장편,일본,389,440210098,47680,77748320,7857,애니메이션,전체관람가,22247.215270477885,2022,8,해외,16.478607382550337
매기스 플랜,장편,미국,94,382361800,47668,258221100,31084,코미디,15세이상관람가,19328.558675416614,2017,1,해외,65.20936477301335
투게더,장편,미국,251,393117800,47597,165122200,19429,공포(호러),15세이상관람가,19901.92254194415,2025,9,해외,40.81979956719962
잘못된 만남,장편,한국,132,308898000,47557,70781000,10193,드라마,15세이상관람가,15651.376876600332,2008,7,국내,21.43322749542654
온리 더 브레이브,장편,미국,301,373727300,47540,127393400,15953,드라마,12세이상관람가,18942.947220096205,2018,3,해외,33.557004627681955
아이엠 티라노,장편,중국,229,398640400,47441,56482600,6753,애니메이션,전체관람가,20247.871611231505,2024,3,해외,14.234522881052255
스즈메의 문단속: 다녀왔어,장편,일본,185,465037170,47386,128636449,13015,애니메이션,12세이상관람가,23647.733380658923,2024,1,해외,27.465918203688855
머니 몬스터,장편,미국,151,367961600,47226,138602100,17533,스릴러,15세이상관람가,18774.71007138706,2016,8,해외,37.12573582348706
"스탠바이, 웬디",장편,미국,345,373587080,47223,156447780,19000,드라마,전체관람가,19062.953038250456,2018,5,해외,40.23463142959998
트리플 9,장편,미국,329,365164300,47197,131109600,16407,범죄,청소년관람불가,18643.430215980137,2016,4,해외,34.7628027205119
작은 연못,장편,한국,80,317197695,47160,137962500,21003,드라마,15세이상관람가,16207.205156503878,2010,4,국내,44.53562340966921
뜨거운 안녕,장편,한국,172,315291000,47105,120055000,17164,드라마,12세이상관람가,16128.59249331473,2013,5,국내,36.437745462265156
잃어버린 도시 Z,장편,미국,398,362053440,47088,107823340,13303,액션,12세이상관람가,18527.39397958808,2017,9,해외,28.251359157322458
사랑할 땐 누구나 최악이 된다,장편,노르웨이,68,476161867,47040,376498750,36365,멜로/로맨스,15세이상관람가,24391.538961970335,2022,8,해외,77.30654761904762
나츠메 우인장: 세상과 연을 맺다,장편,일본,110,387190200,46913,143055100,16780,애니메이션,전체관람가,19887.63101347046,2018,10,해외,35.76833713469614
에코,장편,미국,139,302933039,46884,88550000,12635,드라마,15세이상관람가,15569.47210392633,2009,5,해외,26.949492364132755
세상을 바꾼 변호인,장편,미국,185,369943170,46854,208635700,25790,드라마,12세이상관람가,19025.682445494618,2019,6,해외,55.043326076749054
비밥바룰라,장편,한국,347,318986200,46817,102609200,13980,코미디,12세이상관람가,16417.998713782014,2018,1,국내,29.860947946258836
적인걸2 : 신도해왕의 비밀,장편,중국,169,328321000,46796,100369000,13987,미스터리,12세이상관람가,16906.037690380293,2013,10,해외,29.88930677835712
이스케이프,장편,미국,264,356672000,46781,99350900,12416,액션,15세이상관람가,18371.787743093108,2015,11,해외,26.54068959620359
엽문3: 최후의 대결,장편,홍콩,130,391356600,46756,90536400,10636,액션,12세이상관람가,20169.132342527784,2016,3,해외,22.74788262468988
크림슨 피크,장편,미국,255,379765400,46735,185326400,22732,판타지,청소년관람불가,19580.557385205742,2015,11,해외,48.64020541350166
스크림 4G,장편,미국,163,367661000,46723,148334000,18044,미스터리,청소년관람불가,18961.327836010696,2011,6,해외,38.61909552040751
도그맨,장편,프랑스,496,435005149,46705,168510983,17668,드라마,15세이상관람가,22443.104128321444,2024,1,해외,37.82892623916069
프렌치 수프,장편,프랑스,234,434313495,46685,249444066,25478,멜로/로맨스,12세이상관람가,22417.0192174933,2024,6,해외,54.57427439220306
갤럭시 히어로즈: 라쳇 앤 클랭크,장편,미국,237,336281100,46638,76062000,9486,애니메이션,전체관람가,17374.58517977739,2016,8,해외,20.33963720571208
"그래, 가족",장편,한국,361,350293300,46623,154192600,19381,코미디,12세이상관람가,18104.374256565545,2017,2,국내,41.56961156510735
엘리노어 릭비: 그 남자 그 여자,장편,미국,212,375796900,46589,207508900,24892,드라마,15세이상관람가,19436.66313497136,2015,4,해외,53.428920989933246
스파이 코드명 포춘,장편,미국,477,433115701,46569,136642898,14596,액션,15세이상관람가,22410.880447642532,2023,8,해외,31.342738731774354
기동전사 건담: 섬광의 하사웨이 키르케의 마녀,장편,일본,90,562787700,46506,249881550,19852,애니메이션,15세이상관람가,29159.999564766615,2026,4,해외,42.68696512277986
마더!,장편,미국,398,366642382,46469,177160582,22015,드라마,청소년관람불가,19012.150450345573,2017,10,해외,47.37566980137296
심야식당 2,장편,일본,235,364773900,46468,179688300,22060,드라마,12세이상관람가,18915.667836189383,2017,6,해외,47.47353017130068
에그엔젤 코코밍: 두근두근 핼러윈 파티,장편,일본,179,367076000,46386,66128800,8014,애니메이션,전체관람가,19068.694906387936,2018,9,해외,17.27676454102531
하드코어 헨리,장편,미국,239,399211211,46373,174256411,19705,액션,청소년관람불가,20743.853649779074,2016,5,해외,42.492398594009444
플래닛 51,장편,스페인,67,292826223,46330,75168000,11480,애니메이션,전체관람가,15229.988271670754,2010,10,해외,24.778761061946902
신사: 악귀의 속삭임,장편,한국,224,479515450,46322,197004400,16863,공포(호러),15세이상관람가,24944.063634183556,2026,6,국내,36.40386857216873
블레어 위치,장편,미국,172,367484200,46285,103260200,12541,공포(호러),15세이상관람가,19131.556581733654,2016,11,해외,27.095171221778113
베스트 오퍼,장편,이탈리아,175,355182700,46282,182679900,23099,미스터리,15세이상관람가,18492.328069462066,2014,6,해외,49.9092519770105
슈퍼윙스 3D,장편,러시아,129,269711500,46124,49622500,7716,애니메이션,전체관람가,14090.435107875783,2013,8,해외,16.728817968953255
송 원,장편,미국,365,343444743,46079,130271143,16646,드라마,15세이상관람가,17959.975129145678,2015,4,해외,36.12491590529308
아프리카 마법여행,장편,스페인,150,425106500,46025,109188500,11427,어드벤처,전체관람가,22256.44784461038,2011,1,해외,24.827810972297666
무드 인디고,장편,프랑스,55,370462100,46010,255913200,31090,드라마,15세이상관람가,19401.863921672346,2014,12,해외,67.57226689850032
더 파더,장편,영국,348,384940000,45900,217401460,25258,드라마,12세이상관람가,20208.415360789564,2021,4,해외,55.02832244008714
된장,장편,한국,112,339506355,45896,102398500,13031,미스터리,12세이상관람가,17824.8126723383,2010,10,국내,28.392452501307304
퍼펙트 센스,장편,영국,124,343990100,45865,181697100,23419,멜로/로맨스,15세이상관람가,18072.425754473254,2011,11,해외,51.0607216832007
타샤 튜더,장편,일본,28,363786850,45841,228507450,27019,다큐멘터리,전체관람가,19122.50647405398,2018,9,해외,58.940686285203206
스마트 피플,장편,미국,27,314975000,45818,215406000,30519,코미디,12세이상관람가,16565.0160114902,2008,8,해외,66.60919289362259
히어애프터,장편,미국,112,336316000,45755,138296500,17822,드라마,12세이상관람가,17711.725494481478,2011,3,해외,38.95093432411758
악은 존재하지 않는다,장편,일본,149,450005650,45750,302680342,29920,드라마,12세이상관람가,23701.66041214037,2024,3,해외,65.39890710382514
족구왕,장편,한국,58,359688000,45701,215590700,26552,코미디,15세이상관람가,18964.96952559368,2014,8,국내,58.09938513380452
설계,장편,한국,257,347188800,45638,77155100,9665,스릴러,청소년관람불가,18331.20465560036,2014,9,국내,21.17752749901398
리틀 프린세스 소피아: 엘레나와 비밀의 아발로 왕국,장편,미국,149,317454000,45484,82872000,11129,애니메이션,전체관람가,16817.988690316626,2017,4,해외,24.46794477178788
미운오리새끼,장편,한국,167,308009500,45454,97649000,13964,드라마,15세이상관람가,16328.410398756112,2012,8,국내,30.72116865402385
제독의 연인,장편,러시아,83,299909870,45406,135754500,19910,드라마,15세이상관람가,15915.834593273326,2009,4,해외,43.8488305510285
스페어,장편,한국,62,299701000,45290,108299000,15836,액션,15세이상관람가,15945.486516611822,2008,8,국내,34.96577610951645
샤오린 : 최후의 결전,장편,홍콩,182,329194000,45275,83164000,11004,드라마,15세이상관람가,17520.453986015847,2011,8,해외,24.304803975704033
부그와 엘리엇 2,장편,미국,73,274083506,45271,74678000,11605,애니메이션,전체관람가,14588.636944899166,2009,3,해외,25.634512160102496
부니 베어: 롤라 구출 대모험,장편,중국,196,309876900,45250,47366600,6273,애니메이션,전체관람가,16501.465752512813,2014,11,해외,13.862983425414367
한 번 더 해피엔딩,장편,미국,231,348096551,45166,162620851,20409,멜로/로맨스,15세이상관람가,18571.201122072314,2015,4,해외,45.18664482132578
페이트 스테이 나이트 헤븐즈필 제2장 로스트 버터플라이,장편,일본,94,397411880,45157,179118880,19707,애니메이션,15세이상관람가,21206.435058834893,2019,3,해외,43.64107447350356
스케어리 스토리:어둠의 속삭임,장편,미국,186,375492420,44989,123043980,14557,판타지,15세이상관람가,20111.60532681751,2020,3,해외,32.356798328480295
밀림의 왕자 레오2,장편,일본,159,274928000,44988,42073000,5936,애니메이션,전체관람가,14725.640358178514,2012,11,해외,13.19462967902552
아더와 미니모이 2 : 셀레니아 공주 구출 작전,장편,프랑스,61,292857989,44961,71554000,10442,판타지,전체관람가,15695.422726470037,2010,7,해외,23.22457240719735
내가 죽기 전에 가장 듣고 싶은 말,장편,미국,154,328678600,44839,142556300,19450,코미디,12세이상관람가,17663.119750797836,2017,7,해외,43.37741698075337
댄서,장편,영국,43,361971049,44750,268663049,32076,다큐멘터리,15세이상관람가,19490.93620515582,2017,4,해외,71.6782122905028
꼬마 판다 팡의 아프리카 대모험,장편,네덜란드,198,357989000,44720,57241200,7752,애니메이션,전체관람가,19289.447593594414,2025,1,해외,17.3345259391771
킹메이커,장편,미국,95,340466000,44689,152213000,19439,드라마,15세이상관람가,18357.98518651122,2012,4,해외,43.498400053704486
호두까기인형 3D,장편,미국,132,298444000,44677,82419500,11486,가족,전체관람가,16096.473995001877,2013,1,해외,25.708977773798598
랜드 오브 배드,장편,미국,394,382151629,44642,121870485,14312,액션,15세이상관람가,20627.37553862239,2024,3,해외,32.059495542314416
저스티스,장편,미국,142,329594500,44546,113994000,14609,액션,청소년관람불가,17828.84242037066,2012,3,해외,32.79531271045661
롱레그스,장편,미국,276,395409400,44495,150790900,16794,공포(호러),15세이상관람가,21413.501178553972,2024,10,해외,37.743566692886844
프리버즈: 밍쿠와 찌아의 도시 대탈출,장편,아르헨티나,213,288856500,44466,78214500,11910,애니메이션,전체관람가,15653.302726490905,2013,9,해외,26.784509512886252
스픽 노 이블,장편,미국,552,436493110,44422,129866500,12904,스릴러,15세이상관람가,23677.246105668906,2024,9,해외,29.04866957813696
드래곤볼Z : 신들의 전쟁,장편,일본,262,292117500,44231,86810500,12321,애니메이션,전체관람가,15914.123360571677,2013,8,해외,27.856028577242203
글래디에이터: 로마 영웅 탄생의 비밀 3D,장편,이탈리아,275,298917500,44198,81120000,11039,애니메이션,전체관람가,16296.735882395595,2013,3,해외,24.976243268926197
플로이,장편,아이슬란드,242,329325300,44141,84916000,10166,애니메이션,전체관람가,17977.72908993988,2018,8,해외,23.03074239369294
매란방,장편,중국,185,284904682,44131,93664000,13899,드라마,12세이상관람가,15556.350547780392,2009,4,해외,31.494867553420498
허슬러,장편,미국,445,358501960,44071,167462240,19996,범죄,청소년관람불가,19601.55532160181,2019,11,해외,45.372240248689614
프랑켄위니,장편,미국,226,365356000,43978,159120500,17259,애니메이션,12세이상관람가,20018.55254023507,2012,10,해외,39.24462231115558
1980,장편,한국,521,390918575,43967,112853655,12431,드라마,12세이상관람가,21424.53362475307,2024,3,국내,28.273477835649462
성실한 나라의 앨리스,장편,한국,69,349482500,43964,175441700,21590,드라마,청소년관람불가,19154.910973162052,2015,8,국내,49.108361386589024
혈투,장편,한국,169,329280000,43947,93141000,11662,액션,15세이상관람가,18054.606301511598,2011,2,국내,26.536509886909233
신주쿠 사건,장편,홍콩,104,289750076,43881,83954500,11928,액션,청소년관람불가,15911.053855127902,2009,6,해외,27.182607506665757
범죄의 여왕,장편,한국,270,343663400,43823,129520200,16136,스릴러,15세이상관람가,18896.57436307996,2016,8,국내,36.82084750017115
플래그 더 문,장편,스페인,244,320445000,43743,67970200,8882,애니메이션,전체관람가,17652.118659123153,2016,6,해외,20.304963079807052
컴백홈,장편,한국,603,386265079,43688,98221160,11490,드라마,15세이상관람가,21304.688392831536,2022,10,국내,26.30012818165171
우리별 일호와 얼룩소,장편,한국,209,288773500,43674,92386000,13219,애니메이션,전체관람가,15932.585955858052,2014,2,국내,30.26743600311398
다이노 어드벤처2: 육해공 공룡 대백과,장편,영국,322,335469900,43627,54117350,6630,애니메이션,전체관람가,18528.920274584023,2018,10,해외,15.197011025282508
울브스,장편,미국,291,313204669,43613,99784569,13006,판타지,15세이상관람가,17304.703776010192,2014,11,해외,29.82138353243299
아일라,장편,터키,371,331882900,43612,113851100,14574,드라마,15세이상관람가,18337.105184933076,2018,6,해외,33.417408052829494
약장수,장편,한국,282,313238400,43562,94969000,13043,드라마,15세이상관람가,17326.829009255885,2015,4,국내,29.941233184885906
파바로티,장편,영국,85,348527658,43486,225380018,26739,다큐멘터리,12세이상관람가,19312.553049894468,2020,1,해외,61.48875500160972
파비안느에 관한 진실,장편,프랑스,109,289733200,43459,201078920,30021,드라마,12세이상관람가,16064.619276942096,2019,12,해외,69.07890195356543
귀멸의 칼날: 나타구모산 편,장편,일본,310,418848670,43431,104945500,10583,애니메이션,15세이상관람가,23238.560097959013,2021,11,해외,24.367387350049505
더 와일드: 야수들의 전쟁,장편,한국,239,375383300,43300,73190600,8985,액션,청소년관람불가,20890.024764183756,2023,11,국내,20.75057736720554
비카인드 리와인드,장편,미국,90,295722305,43281,169684500,23628,코미디,12세이상관람가,16464.126694620725,2009,1,해외,54.59208428640743
"극장판 엉덩이 탐정: 안녕, 나의 영원한 친구",장편,일본,263,364213500,43270,92420900,10803,애니메이션,전체관람가,20282.479583227756,2024,10,해외,24.966489484631385
업사이드,장편,미국,188,365579100,43265,146321900,17317,코미디,12세이상관람가,20360.880480201173,2019,6,해외,40.02542470819369
하이큐!! 재능과 센스,장편,일본,105,310201500,43221,114691500,15138,애니메이션,12세이상관람가,17294.22026274042,2017,11,해외,35.0246407996113
고백,장편,일본,36,337747500,43127,221624500,27659,드라마,청소년관람불가,18870.99491247621,2011,3,해외,64.13383727131496
플라이 미 투 더 문,장편,미국,306,400041810,43014,194211535,20501,멜로/로맨스,12세이상관람가,22410.288944871412,2024,7,해외,47.66122657739341
헬로카봇 올스타 스페셜,장편,한국,222,350906100,42965,37461500,4506,애니메이션,전체관람가,19680.13190899289,2024,7,국내,10.487606191085767
백수아파트,장편,한국,456,372938960,42951,107415360,11168,미스터리,12세이상관람가,20922.635011653794,2025,2,국내,26.001722893529838
빅트립: 아기팬더 배달 대모험,장편,미국,373,330035500,42914,53849260,6410,애니메이션,전체관람가,18531.627558844222,2019,10,해외,14.9368504450762
꼬마돼지 베이브의 대모험,장편,독일,312,293359100,42879,48932400,6388,애니메이션,전체관람가,16485.678247868687,2017,6,해외,14.897735488234334
마담 싸이코,장편,미국,197,360330700,42742,135098800,16075,공포(호러),15세이상관람가,20314.134738382665,2019,6,해외,37.609377193392916
루이스 웨인: 사랑을 그린 고양이 화가,장편,미국,530,405310110,42737,175901810,18451,드라마,12세이상관람가,22852.583650463992,2022,4,해외,43.173362659990175
스페이스 독,장편,러시아,148,282088000,42720,44214000,6302,애니메이션,전체관람가,15911.285591805425,2012,3,해외,14.75187265917603
호스트,장편,미국,244,298122000,42708,125853000,17599,SF,15세이상관람가,16820.414560743677,2013,4,해외,41.20773625550248
로마,장편,멕시코,32,348856636,42569,290632536,33285,드라마,15세이상관람가,19747.196316568396,2018,12,해외,78.19070215414973
브리짓 존스의 일기: 뉴 챕터,장편,영국,495,389235120,42506,152837360,16410,코미디,15세이상관람가,22065.495501981575,2025,4,해외,38.60631440267257
쿠르스크,장편,벨기에,192,355683500,42484,173141000,21029,드라마,15세이상관람가,20173.916643884644,2019,1,해외,49.49863478015253
아네트,장편,프랑스,330,361863130,42424,212405330,25026,드라마,15세이상관람가,20553.4449697716,2021,10,해외,58.990194229681315
페이트 스테이 나이트 헤븐즈필 제1장 프레시지 플라워,장편,일본,172,338294000,42413,130930300,15898,애니메이션,15세이상관람가,19219.72661825952,2017,11,해외,37.48379034729918
귀못,장편,한국,208,358073700,42342,82668900,10998,공포(호러),15세이상관람가,20377.596541757222,2022,10,국내,25.9742100042511
그레이트 뷰티,장편,이탈리아,51,326252373,42274,229194173,28823,드라마,청소년관람불가,18596.54388951938,2014,6,해외,68.18138808724038
페라리,장편,미국,562,406992520,42258,185209960,18570,드라마,15세이상관람가,23207.55519593638,2025,1,해외,43.944341899758626
스탠리의 도시락,장편,인도,164,281533000,42210,125000000,17779,드라마,전체관람가,16071.849587404344,2012,3,해외,42.120350627813316
피케이: 별에서 온 얼간이,장편,인도,184,326677800,42088,139163800,17050,코미디,15세이상관람가,18703.084529717427,2015,9,해외,40.51035924729139
고고다이노 극장판: 곤충세계 대모험,장편,한국,255,374416800,41961,81741400,8187,애니메이션,전체관람가,21501.13573619566,2026,1,국내,19.51097447629942
천국에 다녀온 소년,장편,미국,25,300249500,41957,141613000,19082,드라마,전체관람가,17243.672595379492,2014,6,해외,45.479896084086086
일일시호일,장편,일본,55,331259019,41931,201538669,23841,드라마,12세이상관람가,19036.38128388204,2019,1,해외,56.85769478428847
바다 탐험대 옥토넛 어보브 앤 비욘드 : 바다가 위험해,장편,영국,236,368087400,41879,72262400,7662,애니메이션,전체관람가,21179.05371096363,2024,8,해외,18.295565796700018
피아니스트의 전설,장편,이탈리아,69,340627562,41680,207078442,24197,드라마,15세관람가,19692.64169923456,2020,1,해외,58.05422264875239
라스트프로포즈,장편,홍콩,153,272603561,41620,81269500,11830,멜로/로맨스,12세이상관람가,15782.701840519214,2009,3,해외,28.42383469485824
더 와이프,장편,영국,106,319839451,41525,190560061,23941,드라마,15세이상관람가,18559.842800461327,2019,2,해외,57.65442504515352
칠곡 가시나들,장편,한국,138,334601400,41448,108432500,12980,다큐멘터리,전체관람가,19452.529283317406,2019,2,국내,31.316348195329084
스푹스:MI5,장편,영국,341,316642549,41416,95010700,11837,액션,15세이상관람가,18422.689153368352,2016,3,해외,28.58074174232181
말리그넌트,장편,미국,489,434889910,41412,133310970,12748,스릴러,청소년관람불가,25304.92354814797,2021,9,해외,30.783347821887375
나쁜 이웃들,장편,미국,129,335244700,41301,121346900,14209,코미디,청소년관람불가,19559.297697800717,2014,7,해외,34.403525338369526
스니치,장편,미국,153,286388500,41242,77925000,10724,액션,15세이상관람가,16732.76686592157,2013,5,해외,26.00261868968527
블레임 : 인류멸망 2011,장편,일본,120,265974349,41209,78854000,11530,SF,12세이상관람가,15552.477511784624,2009,2,해외,27.979324904753817
데드라인,장편,한국,192,290095500,41198,84575800,13442,드라마,12세이상관람가,16967.45718735908,2024,11,국내,32.6277974658964
도쿄!,옴니버스,일본,50,275955904,41198,203733000,29431,드라마,15세이상관람가,16140.443359924479,2008,10,해외,71.43793388028546
진짜로 일어날지도 몰라 기적,장편,일본,16,319050400,41172,264804400,33465,드라마,전체관람가,18672.790842764825,2011,12,해외,81.28096764791606
스노우 폭스2: 몬스터타운 구하기,장편,미국,209,332399000,41161,45840800,5961,애니메이션,전체관람가,19459.23193758977,2025,4,해외,14.482155438400426
여름날 우리,장편,중국,262,371383720,41138,160514590,17801,코미디,12세이상관람가,21753.62268755122,2021,8,해외,43.27142787690214
모리타니안,장편,미국,586,367022560,41071,124343450,13645,스릴러,15세이상관람가,21533.240263041404,2021,3,해외,33.22295536996908
극장판 뽀잉: 슈퍼 변신의 비밀,장편,한국,294,312710450,41054,71542300,8740,애니메이션,전체관람가,18354.34200386092,2018,9,국내,21.289033955278413
배반의 장미,장편,한국,457,332232550,41054,94558600,11183,코미디,15세이상관람가,19500.179311292035,2018,10,국내,27.239733034539874
레이디버그,장편,한국,172,310291500,41041,83810500,10575,애니메이션,전체관람가,18218.132147018427,2017,2,국내,25.766916010818452
잔예 - 살아서는 안되는 방,장편,일본,287,336004700,41023,81965200,9582,공포(호러),15세이상관람가,19736.486349561765,2016,7,해외,23.35762864734417
28년 후: 뼈의 사원,장편,미국,467,436763640,40987,163197390,14684,공포(호러),청소년관람불가,25677.471052384815,2026,2,해외,35.82599360772928
레플리카,장편,미국,360,324884230,40985,146853170,17982,범죄,15세이상관람가,19100.97758362963,2019,9,해외,43.87458826399902
도화선,장편,홍콩,135,223255000,40978,72177000,16684,액션,청소년관람불가,13128.113998284123,2008,6,해외,40.71452974766948
더 포리너,장편,영국,156,328887800,40882,104663500,12820,액션,15세이상관람가,19385.07712175447,2018,2,해외,31.358544102539014
와인 미라클,장편,미국,109,238486628,40842,131494000,22622,코미디,15세이상관람가,14070.480718230643,2008,11,해외,55.389060281083204
하트 브레이커,장편,프랑스,176,296750000,40793,116697500,14953,코미디,15세이상관람가,17528.993723527456,2012,4,해외,36.65579878900792
세인트 클라우드,장편,미국,179,304965000,40766,126983500,16310,멜로/로맨스,12세이상관람가,18026.18411634075,2011,1,해외,40.008830888485505
예감은 틀리지 않는다,장편,영국,85,317605400,40750,196447100,24261,드라마,15세이상관람가,18780.716978342818,2017,8,해외,59.53619631901841
나의 촛불,장편,한국,294,392045950,40744,156784050,16115,다큐멘터리,전체관람가,23185.9669189225,2022,2,국내,39.55183585313175
"어쩌다 공주, 닭냥이 왕자를 부탁해!",장편,프랑스,306,383825280,40741,85869217,9218,애니메이션,전체관람가,22701.460267815823,2022,9,해외,22.62585601727989
쫑알쫑알 똘똘이: 이상한 마을 대모험,장편,한국,213,373548100,40716,65784900,7234,애니메이션,전체관람가,22107.17908474452,2025,4,국내,17.766971215247075
나이트메어 앨리,장편,미국,461,401511820,40679,215415440,21096,범죄,15세이상관람가,23783.730215732518,2022,2,해외,51.85968189975172
데모닉,장편,미국,146,308839100,40519,97264200,12197,공포(호러),15세이상관람가,18366.46023864455,2015,6,해외,30.101927490806784
마오의 라스트 댄서,장편,호주,171,284739000,40519,144341000,20208,드라마,전체관람가,16933.242979569008,2011,4,해외,49.87289913373973
모탈 컴뱃,장편,미국,702,417212150,40461,125295650,11230,액션,청소년관람불가,24846.901508309504,2021,4,해외,27.75512221645535
너와 나,장편,한국,76,392623693,40459,302317770,29781,드라마,12세이상관람가,23383.701721540503,2023,10,국내,73.60784992214342
톰과 제리: 황금나침반 대소동,장편,미국,406,342766520,40452,87546470,9860,애니메이션,전체관람가,20417.86368255579,2026,1,해외,24.37456738850984
사람과 고기,장편,한국,91,344090680,40450,137815780,15537,드라마,12세이상관람가,20497.75447897896,2025,10,국내,38.41038318912237
유고와 라라: 하늘고래와 구름섬 대모험,장편,중국,222,291706400,40374,44318800,5832,애니메이션,전체관람가,17409.892206662884,2015,4,해외,14.444939812750778
코블러,장편,미국,250,309895732,40366,119286032,15131,판타지,15세이상관람가,18499.150364526035,2015,4,해외,37.48451667244711
이모티: 더 무비,장편,미국,134,288871700,40221,94316600,12576,애니메이션,전체관람가,17306.29237319233,2017,8,해외,31.26724845230104
"웰컴, 삼바",장편,프랑스,252,324426800,40214,161085800,19338,코미디,15세이상관람가,19439.78030788295,2015,2,해외,48.08773064107027
괴수 8호: 미션 리컨,장편,일본,465,383347980,40161,119881360,11981,애니메이션,15세이상관람가,23000.674094000562,2025,5,해외,29.832424491422028
G-포스: 기니피그 특공대,장편,미국,80,412084900,40161,124918000,11835,가족,전체관람가,24724.87394862186,2010,4,해외,29.46888772689923
극장판 소드 아트 온라인 -프로그레시브- 별 없는 밤의 아리아,장편,일본,110,426317000,40128,132839000,12308,애니메이션,12세이상관람가,25599.82753982437,2021,12,해외,30.671850079744818
아델라인 : 멈춰진 시간,장편,미국,239,310087419,40096,133252619,16730,판타지,12세이상관람가,18635.240422984836,2015,10,해외,41.72486033519553
누들,장편,이스라엘,11,269604449,40094,173873500,24631,드라마,전체관람가,16203.1544545018,2008,8,해외,61.433132139472235
토마스와 친구들 - 극장판,장편,영국,67,235596482,40058,82598500,14013,애니메이션,전체관람가,14172.009742499882,2009,4,해외,34.98177642418493
주전장,장편,미국,56,309776090,40026,189778190,22655,다큐멘터리,전체관람가,18649.08833354705,2019,7,해외,56.60070953879978
훈장과 악동들,장편,한국,14,213784000,39916,15581000,2557,다큐멘터리,전체관람가,12905.656094666268,2011,10,국내,6.405952500250526
바다 탐험대 옥토넛 어보브 앤 비욘드 : 콰지의 깜짝 어드벤처,장편,영국,279,383522600,39825,77362900,7630,애니메이션,전체관람가,23205.29424666652,2025,9,해외,19.15881983678594
세이프 헤이븐,장편,미국,133,281331000,39731,126212500,16937,멜로/로맨스,15세이상관람가,17062.39521019822,2013,11,해외,42.62918124386499
노다메 칸타빌레 최종악장,장편,일본,31,289590500,39585,155040500,20730,드라마,12세이상관람가,17628.102405834023,2011,1,해외,52.36832133383857
그저 사고였을 뿐,장편,이란,102,382045910,39505,230124150,22812,액션,15세이상관람가,23303.190842092583,2025,10,해외,57.74458929249462
리스타트,장편,미국,529,353392620,39472,91018710,10080,액션,15세이상관람가,21573.482010734468,2021,3,해외,25.537089582488854
키타로 탄생 게게게의 수수께끼,장편,일본,107,423164500,39416,194657300,17801,애니메이션,15세이상관람가,25869.532524251663,2024,6,해외,45.1618632027603
신데렐라 2: 마법에 걸린 왕자,장편,미국,355,344459120,39401,61392630,7126,애니메이션,전체관람가,21066.012941387642,2021,12,해외,18.085835384888707
스트리트 댄스 2: 라틴배틀,장편,영국,133,281712000,39394,108192500,14250,드라마,12세이상관람가,17231.6620903067,2012,7,해외,36.173021272274966
그날 본 꽃의 이름을 우리는 아직 모른다,장편,일본,49,281962500,39349,109130100,14765,애니메이션,12세이상관람가,17266.708451126422,2014,2,해외,37.52318991588096
그레이브 인카운터,장편,캐나다,63,277970000,39266,89133500,11900,공포(호러),15세이상관람가,17058.198668457768,2012,8,해외,30.30611725156624
프란치스코 교황 : 맨 오브 히스 워드,장편,이탈리아,54,286887260,39247,59812980,7462,다큐멘터리,전체관람가,17613.947624267807,2019,11,해외,19.012918184829413
꽃다발 같은 사랑을 했다,장편,일본,198,371142810,39108,197457340,20858,멜로/로맨스,12세이상관람가,22867.9560216934,2021,7,해외,53.334356141965834
밥 말리: 원 러브,장편,미국,579,355245094,39069,148933872,15975,드라마,15세이상관람가,21910.26836363345,2024,3,해외,40.889196037779314
애프터 양,장편,미국,161,376714390,38968,265748400,27132,드라마,전체관람가,23294.63965490375,2022,6,해외,69.62636009033054
악령: 깨어난 시체,장편,베트남,279,438538200,38931,87903700,8611,공포(호러),15세이상관람가,27143.370430167928,2025,3,해외,22.118620122781333
이사,장편,일본,80,390704000,38929,268789300,25465,드라마,12세이상관람가,24183.909725057078,2025,7,해외,65.41395874540831
탑 블레이드 더 무비,장편,일본,117,231309430,38862,68710000,11048,애니메이션,전체관람가,14342.34266074643,2009,1,해외,28.428799341258816
메기,장편,한국,155,328164828,38853,224012708,25033,미스터리,15세이상관람가,20352.57564890091,2019,9,국내,64.43003114302628
"고흐, 영원의 문에서",장편,미국,68,316162730,38816,194833310,22416,드라마,12세이상관람가,19626.903947198523,2019,12,해외,57.749381698268756
극장판 똘똘이: 아기공룡의 비밀,장편,한국,240,362605400,38747,65302200,6782,애니메이션,전체관람가,22550.080052835805,2025,11,국내,17.503290577335022
아이리시맨,장편,미국,68,321184080,38739,234789880,27377,범죄,청소년관람불가,19978.252979392208,2019,11,해외,70.67038385089961
킹 오브 프리즘 -유어 엔드리스 콜- 모두 빛나라! 프리즘 투어즈,장편,일본,46,365038260,38728,250575520,26664,애니메이션,전체관람가,22712.5145904834,2025,7,해외,68.84941127866144
동급생,장편,일본,100,280704500,38706,125103000,17010,애니메이션,15세이상관람가,17475.233440349526,2016,5,해외,43.94667493411874
구구는 고양이다,장편,일본,11,263199962,38658,208664500,30144,코미디,전체관람가,16405.835167458597,2008,10,해외,77.97609809095142
말하는 건축가,장편,한국,20,301773700,38653,256114700,31557,다큐멘터리,전체관람가,18812.654701282558,2012,3,국내,81.64178718340102
내일을 위한 시간,장편,벨기에,44,309481800,38558,201827100,24489,드라마,12세이상관람가,19340.71469237081,2015,1,해외,63.51211162404689
틴에이지 크라켄 루비,장편,미국,203,297448950,38547,54901400,6900,애니메이션,전체관람가,18594.03994685255,2023,7,해외,17.900225698497938
자유의 언덕,장편,한국,46,309767827,38313,227720427,27243,드라마,청소년관람불가,19482.3819276794,2014,9,국내,71.10641296687808
나의 그리스식 웨딩 2,장편,미국,327,288215300,38305,119864600,15488,코미디,15세이상관람가,18130.653930170494,2016,3,해외,40.43336379062786
몬스터 파크,장편,영국,344,275767940,38262,45619200,5733,애니메이션,전체관람가,17367.12822750938,2019,1,해외,14.983534577387486
씬,장편,한국,409,354647735,38225,111159024,12169,공포(호러),15세이상관람가,22356.386014955835,2024,4,국내,31.835186396337477
정글번치: 너구리 해적단과 보물지도,장편,프랑스,247,272076100,38219,54021900,7115,애니메이션,전체관람가,17153.90408542777,2015,6,해외,18.616394986786677
트릭,장편,한국,390,297315300,38155,81827800,10355,스릴러,15세이상관람가,18776.632410917424,2016,7,국내,27.13930022277552
신은 죽지 않았다,장편,미국,137,281738000,38149,132123600,17134,드라마,12세이상관람가,17795.662979054545,2015,4,해외,44.91336601221526
식코,장편,미국,30,245434000,38096,143876500,21287,다큐멘터리,12세이상관람가,15524.129276450616,2008,4,해외,55.877257454850906
다만 악에서 구하소서 파이널컷,장편,한국,475,326106570,37961,105237250,12255,액션,청소년관람불가,20700.165007650532,2020,10,국내,32.2831326888122
흑집사 -북 오브 더 아틀란틱-,장편,일본,94,285103000,37954,109963000,14294,애니메이션,15세이상관람가,18100.73195770911,2017,4,해외,37.66137956473626
4등,장편,한국,213,282006700,37943,135412300,17625,드라마,15세이상관람가,17909.34340635875,2016,4,국내,46.4512558311151
헤레틱,장편,미국,152,310750900,37934,139590200,16596,스릴러,15세이상관람가,19739.477761311497,2025,4,해외,43.7496704803079
오토라는 남자,장편,미국,371,339935730,37917,136421647,15092,드라마,12세이상관람가,21603.034020725678,2023,3,해외,39.80272700899333
쟈니 잉글리쉬2 : 네버다이,장편,미국,139,269751500,37823,84343000,11160,코미디,전체관람가,17185.40608777282,2011,11,해외,29.505856225048248
더 러닝 맨,장편,영국,557,367587860,37807,127398860,12532,액션,15세이상관람가,23428.303740526157,2025,12,해외,33.147300764408705
이별의 아침에 약속의 꽃을 장식하자,장편,일본,121,321863500,37764,108319700,12465,애니메이션,12세이상관람가,20537.408611248302,2018,7,해외,33.00762631077217
TAR 타르,장편,미국,197,377922984,37723,240645931,23614,드라마,15세이상관람가,24140.651400235514,2023,2,해외,62.598414760225864
타이밍,장편,한국,196,284085200,37711,100876200,12633,애니메이션,15세이상관람가,18152.33355260825,2015,12,국내,33.49950942695765
플레인,장편,미국,358,345665658,37691,115547220,12650,액션,15세이상관람가,22098.890886034922,2023,3,해외,33.56238889920671
아이,장편,한국,504,297568920,37637,86982010,13897,드라마,15세이상관람가,19051.29373139928,2021,2,국내,36.92377182028323
파더 마더 시스터 브라더,장편,프랑스,68,344406560,37613,219335300,22490,드라마,12세이상관람가,22064.055653662428,2025,12,해외,59.7931566213809
꼬마참새 리차드: 신비한 보석 탐험대,장편,독일,174,287384900,37562,43081200,5960,애니메이션,전체관람가,18436.018714119564,2024,5,해외,15.867099728448963
슈퍼노바 지구 탈출기,장편,미국,230,245845000,37547,76691000,10810,애니메이션,전체관람가,15777.494616386019,2014,2,해외,28.79058246997097
다시 태어나도 우리,장편,한국,118,291521943,37449,199073143,24398,다큐멘터리,전체관람가,18757.844355069883,2017,9,국내,65.1499372479906
정글번치: 최강 악당의 등장,장편,프랑스,331,292593700,37343,56514500,6729,애니메이션,전체관람가,18880.246906808876,2018,4,해외,18.01944139463889
하이큐!! 승자와 패자,장편,일본,103,264399000,37329,85233000,11281,애니메이션,12세이상관람가,17067.32095947884,2016,12,해외,30.22047201907364
다키스트 아워,장편,영국,233,282157800,37300,203748900,26613,드라마,12세이상관람가,18227.83681643464,2018,1,해외,71.3485254691689
툴리,장편,캐나다,161,302483000,37241,152202000,18324,드라마,15세이상관람가,19571.834773372917,2018,11,해외,49.20383448349937
레미니센스,장편,미국,548,343858500,37227,129766120,13112,SF,12세이상관람가,22257.35887380613,2021,8,해외,35.221747656270985
덤 머니,장편,미국,465,346332609,37214,161268497,16919,코미디,15세이상관람가,22425.334745765456,2024,1,해외,45.464072660826574
추억의 마니,장편,일본,242,284458700,37182,128028100,15878,애니메이션,전체관람가,18434.797767801883,2015,3,해외,42.70345866279383
페니키안 스킴,장편,미국,339,350005850,37142,224210750,23274,드라마,15세이상관람가,22707.11298156927,2025,5,해외,62.66221528189112
프라이메이트,장편,미국,502,346620820,37135,111456700,11936,공포(호러),청소년관람불가,22491.74341096715,2026,1,해외,32.14218392352228
사이드 이펙트,장편,미국,172,258658000,37134,107991000,15206,스릴러,청소년관람불가,16784.410221269634,2013,7,해외,40.94899552970324
기동전사 건담 지쿠악스 비기닝,장편,일본,175,377023750,37127,156866160,14532,애니메이션,12세이상관람가,24469.818834148242,2025,4,해외,39.14132571982654
폭풍우 치는 밤에: 비밀 친구,장편,일본,231,241928500,37112,53368500,7751,애니메이션,전체관람가,15708.133244337558,2013,5,해외,20.88542789394266
리 크로닌의 미이라,장편,미국,368,401133630,37039,129711850,11893,공포(호러),청소년관람불가,26096.467513727795,2026,4,해외,32.1093982018953
"부정선거, 신의 작품인가",장편,한국,140,334215920,37008,110077250,12731,다큐멘터리,12세이상관람가,21761.229092765356,2025,5,국내,34.4006701253783
야구소녀,장편,한국,264,316405720,36986,177574260,19840,드라마,12세이상관람가,20613.838254657087,2020,6,국내,53.64191856378089
애프터: 그 후,장편,미국,420,304956040,36962,102372690,12502,멜로/로맨스,15세이상관람가,19880.791930233787,2020,10,해외,33.823927276662516
에코 플래닛 3D : 지구 구출 특급 대작전,장편,태국,183,231294000,36811,55041000,8456,애니메이션,전체관람가,15140.4455124565,2013,10,해외,22.97139442014615
파가니니: 악마의 바이올리니스트,장편,독일,100,270820700,36808,150464500,20058,드라마,15세이상관람가,17729.297978700284,2014,4,해외,54.493588350358614
백프로,장편,한국,236,275138600,36792,85867400,10664,코미디,15세이상관람가,18019.802628648973,2014,4,국내,28.984561861274187
반딧불이 딘딘,장편,중국,303,259903900,36737,30153300,4068,애니메이션,전체관람가,17047.512258249866,2018,2,해외,11.07330484252933
언더월드: 라이칸의 반란,장편,미국,49,273265789,36737,56874000,7117,판타지,청소년관람불가,17923.93991678394,2009,9,해외,19.37283937175055
오후 네시,장편,한국,249,308524200,36514,142782700,16611,드라마,12세이상관람가,20360.18533244552,2024,10,국내,45.49214000109547
극장판 썬더일레븐 GO VS 골판지 전사 W,장편,일본,99,240929500,36492,51073500,7400,애니메이션,전체관람가,15909.048888748022,2013,6,해외,20.278417187328728
스노든,장편,프랑스,278,295958562,36485,140562462,16913,스릴러,15세이상관람가,19546.475577519068,2017,2,해외,46.35603672742223
가필드 펫 포스 3D,장편,미국,69,385817000,36420,104405000,9651,애니메이션,전체관람가,25526.62048523584,2011,1,해외,26.499176276771003
반교: 디텐션,장편,기타,128,326377250,36405,113302160,12886,공포(호러),15세이상관람가,21602.834907822475,2020,8,해외,35.396236780662
다크 하우스,장편,미국,278,295604100,36350,84423800,9959,공포(호러),청소년관람불가,19595.571833413436,2017,6,해외,27.397524071526824
민스미트 작전,장편,미국,459,339811980,36313,146490140,16176,드라마,12세이상관람가,22549.06089259414,2022,5,해외,44.54603034725856
벅스 프렌즈,장편,중국,262,278391600,36308,50122200,6065,애니메이션,전체관람가,18475.904278123842,2018,6,해외,16.70430759061364
갓파 쿠와 여름방학을,장편,일본,21,213401500,36274,110800500,17741,애니메이션,전체관람가,14176.00711053953,2008,6,해외,48.90830898163974
건파우더 밀크셰이크,장편,프랑스,542,315397350,36265,118437900,14632,액션,청소년관람불가,20956.669363238147,2021,9,해외,40.347442437612024
콜 오브 와일드,장편,미국,505,306118500,36245,92427680,10807,어드벤처,12세이상관람가,20351.35714606252,2020,5,해외,29.81652641743689
어나더 라운드,장편,기타,175,335050390,36126,229012370,24357,코미디,15세이상관람가,22348.179630996998,2022,1,해외,67.42235509051653
스탑 메이킹 센스,장편,미국,81,425250791,36123,291508691,23803,다큐멘터리,12세이상관람가,28366.987825064898,2025,8,해외,65.89430556709021
더 스토리: 세상에 숨겨진 사랑,장편,미국,103,261313500,36068,164054500,22287,드라마,15세이상관람가,17457.887444198444,2012,12,해외,61.7916158367528
령 : 저주받은 사진,장편,일본,253,273761253,35984,46413753,5797,공포(호러),15세이상관람가,18332.194027332094,2015,6,해외,16.10993775011116
마법의 세계 녹터나,장편,스페인,151,235400047,35959,60705500,8385,애니메이션,전체관람가,15774.32712021087,2009,8,해외,23.318223532356296
롱디,장편,한국,262,302830500,35916,104903000,12516,멜로/로맨스,12세이상관람가,20317.18588352743,2023,5,국내,34.847978616772465
한여름의 판타지아,장편,한국,46,278925458,35907,192802758,24072,드라마,전체관람가,18718.06437044024,2015,6,국내,67.03985295346311
드래곤볼 슈퍼: 브로리,장편,일본,202,305497430,35869,118464760,13226,애니메이션,전체관람가,20522.969292206886,2019,2,해외,36.87306587861384
에스엠타운 더 스테이지,장편,한국,65,284650500,35857,178037700,21777,다큐멘터리,전체관람가,19128.895871855104,2015,8,국내,60.732911286499146
반지의 제왕 : 반지원정대 (확장판),장편,뉴질랜드,74,470027900,35758,214815000,16464,판타지,12세이상관람가,31673.95685993597,2017,1,해외,46.042843559483195
지구대표 롤링스타즈,장편,한국,171,230047000,35578,62867000,9155,애니메이션,전체관람가,15580.699322107139,2011,3,국내,25.732194052504358
파워배틀 와치카 미니카 배틀리그: 불꽃의 질주,장편,한국,170,270014820,35569,45551700,5657,애니메이션,전체관람가,18292.280370039298,2016,8,국내,15.904298687058956
"미안해요, 리키",장편,프랑스,69,281591580,35519,186480660,22204,드라마,12세이상관람가,19103.407407608418,2019,12,해외,62.51302119992117
빌리와 용감한 녀석들: 치킨 히어로,장편,미국,241,248003600,35517,56138700,7673,애니메이션,전체관람가,16825.718279825953,2016,2,해외,21.603739054537265
스파키,장편,한국,312,257040200,35436,41353300,5315,애니메이션,전체관람가,17478.665083632874,2018,4,국내,14.99887120442488
잠깐만 회사 좀 관두고 올게,장편,일본,271,279455400,35429,129589300,16042,드라마,12세이상관람가,19006.647267043845,2017,10,해외,45.27929097631883
골드핑거,장편,홍콩,423,313980372,35359,118669351,13194,범죄,15세이상관람가,21397.07598174593,2024,4,해외,37.3144036878871
비투스,장편,스위스,8,231058500,35354,156036000,23341,드라마,전체관람가,15748.358598164794,2008,4,해외,66.02081801210613
문라이즈 킹덤,장편,미국,34,275919300,35328,231310300,28598,코미디,15세이상관람가,18819.796850445262,2013,1,해외,80.94995471014492
브루클린의 멋진 주말,장편,미국,103,264523800,35318,154872100,19897,드라마,12세이상관람가,18047.64559114196,2016,1,해외,56.33671215810635
우리의 20세기,장편,미국,98,287148600,35296,198335400,23503,드라마,15세이상관람가,19603.47737277305,2017,9,해외,66.58828195829555
세 번째 살인,장편,일본,119,287360000,35271,193712800,22936,스릴러,15세이상관람가,19631.814661896715,2017,12,해외,65.0279266252729
극장판 호빵맨: 세균맨과 그림책의 루룬,장편,일본,221,292020850,35269,50481800,5996,애니메이션,전체관람가,19951.365187421834,2026,5,해외,17.000765544812722
어른들은 몰라요,장편,한국,209,340307750,35264,105098400,11459,드라마,청소년관람불가,23253.70561192137,2021,4,국내,32.494895644283126
위핏,장편,미국,124,225133182,35241,60210000,8993,드라마,12세이상관람가,15393.706057737376,2010,2,해외,25.51857211770381
처음 본 그녀에게 프로포즈하기,장편,미국,169,257847427,35213,82756500,10815,코미디,15세이상관람가,17644.59436017435,2009,9,해외,30.713088916025335
배니싱: 미제사건,장편,프랑스,561,301323110,35144,112804810,13463,범죄,15세이상관람가,20660.134962796783,2022,3,해외,38.30810380150239
은혼 더 파이널,장편,일본,170,337548850,35126,121215400,12000,애니메이션,15세이상관람가,23155.802621749313,2021,7,해외,34.1627284632466
엘르,장편,프랑스,56,276952100,35122,167650500,20740,드라마,청소년관람불가,19001.03803403352,2017,6,해외,59.05130687318489
키코리키: 황금모자의 비밀,장편,러시아,211,248074100,35111,64335100,8090,애니메이션,전체관람가,17025.117930638564,2017,1,해외,23.04121215573467
"그 시절, 우리가 좋아했던 소녀",장편,대만,113,248335570,34995,155256070,21563,멜로/로맨스,15세이상관람가,17099.55604673301,2012,8,해외,61.61737391055865
임피 원더랜드 가다,장편,독일,64,214695202,34995,62125500,9657,애니메이션,전체관람가,14783.192917404724,2009,6,해외,27.595370767252465
드래곤 헌터,장편,프랑스,105,219090000,34984,60662000,9393,애니메이션,전체관람가,15090.547417201393,2013,1,해외,26.849416876286302
피터와 모글리의 크리스마스 어드벤처,장편,인도,250,241351800,34899,34577800,4409,애니메이션,전체관람가,16664.391598889328,2017,11,해외,12.633599816613655
"오늘 밤, 로맨스 극장에서",장편,일본,155,294851000,34897,127717400,14531,판타지,전체관람가,20359.46750005438,2018,7,해외,41.63968249419721
몬스터 왕국,장편,스웨덴,160,237248600,34888,47223000,6509,애니메이션,전체관람가,16386.24666057028,2014,5,해외,18.65684476037606
뒤틀린 집,장편,한국,156,331549100,34886,80178500,9073,공포(호러),15세이상관람가,22900.690648853513,2022,7,국내,26.007567505589634
누구의 딸도 아닌 해원,장편,한국,35,268878400,34876,211655900,26400,드라마,청소년관람불가,18577.238187755036,2013,2,국내,75.69675421493291
펭귄 하이웨이,장편,일본,338,276934100,34795,105306600,12079,애니메이션,전체관람가,19178.36138345594,2018,10,해외,34.7147578675097
위 리브 인 타임,장편,프랑스,242,267302350,34766,115534450,14426,멜로/로맨스,15세이상관람가,18526.780423194246,2026,4,해외,41.494563654144855
안도 타다오,장편,일본,49,285051985,34747,204076185,23721,다큐멘터리,전체관람가,19767.81457426679,2019,4,해외,68.26776412352146
뫼비우스,장편,한국,128,250644579,34740,112900079,14992,드라마,청소년관람불가,17385.22858272468,2013,9,국내,43.15486470926885
더 헌트,장편,덴마크,37,263329000,34724,212893500,27204,드라마,15세이상관람가,18273.46247101064,2013,1,해외,78.3435088123488
서태지밴드 라이브 투어 <더 뫼비우스>,장편,한국,1,259638481,34688,229238000,30278,다큐멘터리,전체관람가,18036.06128851198,2010,5,국내,87.28666974169742
하비의 마지막 로맨스,장편,미국,41,251907697,34670,172433500,23192,멜로/로맨스,12세이상관람가,17508.119376843977,2010,10,해외,66.89356792616094
빠삐용,장편,미국,191,275814950,34638,104659580,12996,범죄,15세이상관람가,19187.43395546503,2019,2,해외,37.51948726831803
음모자,장편,미국,35,263503000,34625,142495500,18107,드라마,12세이상관람가,18337.81914662259,2011,6,해외,52.29458483754512
녹터널 애니멀스,장편,미국,219,284555179,34616,175748079,20648,드라마,청소년관람불가,19808.040504982724,2017,1,해외,59.6487173561359
신은 죽지 않았다 2,장편,미국,96,249592600,34584,104715400,14701,드라마,12세이상관람가,17390.352527389223,2016,4,해외,42.508096229470276
파운더,장편,미국,288,274920900,34517,147735300,17982,드라마,15세이상관람가,19192.282063910538,2017,4,해외,52.096068603876354
필로미나의 기적,장편,영국,194,249884600,34501,129139100,17081,드라마,12세이상관람가,17452.583005276956,2014,4,해외,49.50870989246688
극장판 레이디버그: 미라클스톤의 비밀,장편,프랑스,305,254692500,34466,58311300,7317,애니메이션,전체관람가,17806.443087967258,2018,1,해외,21.229617594150756
"헤일, 시저!",장편,미국,253,271122300,34295,156527000,19272,코미디,12세이상관람가,19049.62084816888,2016,3,해외,56.19478058025952
봄날,장편,한국,455,239876830,34236,92407970,15878,드라마,15세이상관람가,16883.294129902013,2022,4,국내,46.37808155158313
더 플랜,장편,한국,156,263526895,34225,126773395,16124,다큐멘터리,15세이상관람가,18553.82224295282,2017,4,국내,47.11176040905771
뱅드림! 필름 라이브 세컨드 스테이지,장편,일본,93,345069440,34202,143426510,13369,애니메이션,전체관람가,24311.22818858617,2021,11,해외,39.08835740599965
7번째 내가 죽던 날,장편,미국,230,259877400,34184,80398600,10255,드라마,15세이상관람가,18318.82174144742,2017,5,해외,29.999414930961855
서치 아웃,장편,한국,355,297167000,34115,64429740,7283,스릴러,15세이상관람가,20989.74234914155,2020,4,국내,21.348380477795693
줄리 & 줄리아,장편,미국,31,255718717,34097,203137000,26576,드라마,12세이상관람가,18071.668461098405,2009,12,해외,77.94234096841365
"아치의 노래, 정태춘",장편,한국,149,323859210,34053,123296650,12574,다큐멘터리,전체관람가,22916.736808921883,2022,5,국내,36.92479370393211
피아노의 숲,장편,일본,14,215145311,34012,112015500,17344,애니메이션,전체관람가,15242.339061054285,2008,10,해외,50.993766905797955
극장판 우당탕탕 은하안전단: 진정한 용기!,장편,한국,261,257124930,34001,57448930,7613,애니메이션,전체관람가,18222.350653754693,2023,11,국내,22.390517925943353
어메이징 메리,장편,미국,61,272826500,33901,148059200,18198,드라마,12세이상관람가,19392.149287987027,2017,10,해외,53.67983245331997
복숭아나무,장편,한국,201,240103112,33884,102086597,13837,멜로/로맨스,15세이상관람가,17074.776167590917,2012,10,국내,40.83638295360642
구원자,장편,한국,498,299546310,33874,88562850,9869,미스터리,15세이상관람가,21308.329023717237,2025,11,국내,29.134439393044815
바다 탐험대 옥토넛 어보브 앤 비욘드 : 육지생물 구조작전,장편,영국,227,323497200,33793,66381800,6432,애니메이션,전체관람가,23067.24248516571,2026,2,해외,19.033527653656083
똑똑똑,장편,미국,472,298318620,33771,120651905,14163,미스터리,15세이상관람가,21285.719942932432,2023,3,해외,41.93834947143999
"메밀꽃, 운수 좋은 날, 그리고 봄봄",옴니버스,한국,37,220210100,33751,96543000,13552,애니메이션,전체관람가,15721.808153475507,2014,8,국내,40.15288435898196
교생실습,장편,한국,253,279223400,33691,96547800,11033,코미디,12세이상관람가,19970.540200039122,2026,5,국내,32.74761805823514
몬스터 하우스2: 인비져블 피닉스,장편,러시아,357,294228222,33671,29196900,3127,애니메이션,전체관람가,21056.2106106109,2023,2,해외,9.286923465296546
스페이스 키드: 우주에서 살아남기,장편,프랑스,290,259570350,33626,31005300,3442,애니메이션,전체관람가,18600.80660475722,2022,12,해외,10.23612680663772
오직 사랑하는 이들만이 살아남는다,장편,영국,38,253422443,33579,182213443,23450,드라마,15세이상관람가,18185.666313964877,2014,1,해외,69.83531373775276
마스터,장편,미국,38,256118300,33505,200422300,25404,드라마,청소년관람불가,18419.714374585343,2013,7,해외,75.82151917624235
만신,장편,한국,88,251863300,33481,140098300,17846,다큐멘터리,15세이상관람가,18126.684330584187,2014,3,국내,53.301872703921624
코난: 암흑의 시대,장편,미국,198,257709000,33469,82771500,9981,판타지,청소년관람불가,18554.051276365433,2012,4,해외,29.821625982252232
리틀드래곤 코코넛,장편,독일,209,242862400,33464,53646100,7072,애니메이션,전체관람가,17487.766029453698,2015,7,해외,21.133158020559407
몬스터 신부: 101번째 프로포즈,장편,헝가리,226,297877600,33428,56770400,6674,애니메이션,전체관람가,21472.33903905679,2022,12,해외,19.965298552112003
고트: 더 레전드,장편,미국,505,293042080,33377,58445450,6304,애니메이션,전체관람가,21156.050393261936,2026,4,해외,18.887257692422928
배틀 오브 비보이,장편,미국,80,214900500,33360,45827500,7054,드라마,12세이상관람가,15522.557857328595,2014,1,해외,21.145083932853716
100 미터.,장편,일본,141,290841000,33308,116895100,13336,애니메이션,전체관람가,21040.641489941994,2025,10,해외,40.03842920619671
극장판 파워 디지몬 더 비기닝,장편,일본,197,322378200,33280,103421700,10861,애니메이션,12세이상관람가,23341.795064874885,2023,11,해외,32.63521634615385
무한대를 본 남자,장편,영국,309,254945754,33188,98323454,12460,드라마,12세이상관람가,18510.51940678225,2016,11,해외,37.54369049053875
스파이더맨: 노 웨이 홈 '펀버전',장편,미국,347,363383731,33071,127473305,10974,액션,12세이상관람가,26477.078050036926,2022,10,해외,33.18315140153004
"땡큐, 대디",장편,프랑스,252,236688561,33036,113845761,15784,드라마,전체관람가,17264.011439875012,2015,4,해외,47.77818137789079
태양 아래,장편,체코,120,206495400,33008,122464500,21160,다큐멘터리,전체관람가,15074.50548680422,2016,4,해외,64.10567135239941
I AM,장편,한국,137,245580000,32988,138838000,17865,다큐멘터리,전체관람가,17938.61513715831,2012,6,국내,54.15605674790833
19-Nineteen,장편,한국,69,212293874,32986,63256500,9559,드라마,12세이상관람가,15508.139926467527,2009,11,국내,28.978960771236284
극장판 아이돌리쉬 세븐; 라이브 4비트 비욘드 더 피리어드 - 데이 1,장편,일본,79,282178373,32868,183577727,21262,애니메이션,전체관람가,20687.230337927103,2023,10,해외,64.68905926737251
개들의 섬,장편,미국,121,284739300,32789,191546000,21688,코미디,12세이상관람가,20925.2735728666,2018,6,해외,66.14413370337613
괴기맨숀,장편,한국,131,330369600,32752,102253800,10142,공포(호러),15세이상관람가,24306.037045102737,2021,6,국내,30.966047874938933
엔드 오브 에반게리온,장편,일본,130,333888336,32712,161089028,15029,애니메이션,청소년관람불가,24594.95620044374,2024,1,해외,45.9433846906334
빅 위시,장편,멕시코,336,251990300,32684,42956220,5227,판타지,전체관람가,18578.06701042329,2019,10,해외,15.992534573491618
킬 유어 달링,장편,미국,93,255344020,32668,157205820,19526,드라마,청소년관람불가,18834.541299764995,2014,10,해외,59.771029753887596
시작은 키스!,장편,프랑스,29,250232000,32626,205489000,25948,코미디,12세이상관람가,18481.23198365706,2012,6,해외,79.53166186477043
썸머 필름을 타고!,장편,일본,65,307797026,32532,213600106,22290,기타,전체관람가,22798.46245920606,2022,7,해외,68.5171523423091
장손,장편,한국,60,292303600,32458,164957100,17046,가족,12세이상관람가,21700.228729323604,2024,9,국내,52.517099020272354
꼬마 잠수함 올리 2,장편,미국,186,203435700,32453,23974500,3201,애니메이션,전체관람가,15105.121437897773,2014,12,해외,9.863494900317383
거미줄에 걸린 소녀,장편,미국,313,255329200,32418,95966450,11886,액션,15세이상관람가,18978.68728290917,2018,11,해외,36.66481584305016
인어공주 : 새로운 모험의 시작,장편,중국,262,243970300,32350,38997300,4628,애니메이션,전체관람가,18172.495856687958,2016,11,해외,14.306027820710973
다가오는 것들,장편,프랑스,29,258703834,32307,207151834,24821,드라마,15세이상관람가,19295.593293407637,2016,9,해외,76.82855108799951
대결,장편,한국,366,251176500,32278,73160100,9098,액션,15세이상관람가,18750.99381353408,2016,9,국내,28.186380816655305
뮤턴트: 다크 에이지,장편,미국,101,219920268,32267,67641000,9343,액션,청소년관람불가,16423.229820761335,2009,1,해외,28.955279387609632
팔로우,장편,미국,197,267202743,32187,84573443,9961,공포(호러),청소년관람불가,20003.79132336972,2015,4,해외,30.94727685090254
클라우즈 오브 실스마리아,장편,프랑스,53,254585599,32126,197407399,24311,드라마,15세이상관람가,19095.414141156547,2014,12,해외,75.67390898337794
네가 떨어뜨린 푸른 하늘,장편,일본,449,308030509,32116,62070507,6644,멜로/로맨스,12세이상관람가,23111.290022463752,2023,2,해외,20.687507784281976
731,장편,중국,326,297593100,32102,77850830,8472,드라마,15세이상관람가,22337.91686589358,2026,1,해외,26.390879072954952
위크엔드 인 파리,장편,영국,31,252649200,32070,178820600,22147,드라마,15세이상관람가,18983.26326822726,2014,5,해외,69.05830994699096
빌리와 용감한 녀석들: 스노우 베어 구조대,장편,멕시코,323,239603940,32067,22264500,3011,애니메이션,전체관람가,18004.767878699757,2024,11,해외,9.389715283624911
극장판 위 베어 베어스: 곰 브라더스,장편,미국,307,230410600,32021,44667800,5612,애니메이션,전체관람가,17338.8171843553,2017,8,해외,17.52599856344274
두 교황,장편,미국,66,245615780,31960,172283800,20817,드라마,12세이상관람가,18518.312046684863,2019,12,해외,65.13454317897371
너를 만난 여름,장편,중국,174,262940000,31888,100555600,11619,드라마,12세이상관람가,19869.241139167814,2019,10,해외,36.43690416457602
100일 동안 100가지로 100퍼센트 행복찾기,장편,독일,37,254458770,31866,160852490,19490,코미디,15세이상관람가,19241.626267827854,2019,9,해외,61.16236741354422
극장판 프리파라 모두 모여라! 프리즘☆투어즈,장편,한국,157,263405900,31843,71055000,8187,애니메이션,전체관람가,19932.575826655557,2016,10,국내,25.71051722513582
극장판 유희왕 더 다크 사이드 오브 디멘션즈,장편,일본,210,253214200,31805,82762300,9804,애니메이션,전체관람가,19184.238289425586,2016,6,해외,30.82534192736991
마이 블랭키,장편,스페인,111,219661100,31798,32984500,4461,애니메이션,전체관람가,16645.82223478479,2014,6,해외,14.029184225422982
이매지너리,장편,미국,218,254251100,31778,66187900,8827,공포(호러),12세이상관람가,19279.163352383668,2024,8,해외,27.77707848196866
오픈 더 도어,장편,러시아,184,286702100,31760,96227400,10487,공포(호러),15세이상관람가,21752.15471457619,2020,4,해외,33.019521410579344
썬키스 패밀리,장편,한국,417,245549900,31742,84021800,10426,가족,15세이상관람가,18640.492282278887,2019,3,국내,32.84607145107429
꼭두각시,장편,한국,134,227941500,31713,37575000,4982,공포(호러),청소년관람불가,17319.60478371722,2013,6,국내,15.709645886544951
그랜드파더,장편,한국,288,233692400,31640,55962800,7516,액션,청소년관람불가,17797.54162033723,2016,8,국내,23.754740834386855
서스페리아,장편,이탈리아,257,288130965,31618,158309265,16799,공포(호러),청소년관람불가,21958.741284322565,2019,5,해외,53.131127838572965
고백,장편,한국,255,226801600,31616,64472700,9636,드라마,15세이상관람가,17285.86410419004,2021,2,국내,30.47823886639676
어글리 시스터,장편,노르웨이,187,307545500,31593,134482900,13650,공포(호러),청소년관람불가,23456.888993634784,2025,8,해외,43.205773430823285
콘크리트 마켓,장편,한국,208,251735900,31579,133452600,15116,드라마,15세이상관람가,19208.731439262865,2025,12,국내,47.86725355457741
동경가족,장편,일본,45,237144500,31564,142091600,18204,가족,전체관람가,18103.93264860227,2014,7,해외,57.673298694715506
노회찬6411,장편,한국,154,272160000,31560,126224650,15492,다큐멘터리,12세이상관람가,20779.696733702876,2021,10,국내,49.08745247148289
뱅가드,장편,중국,265,265933700,31548,64605900,7759,액션,12세이상관람가,20312.035513678908,2020,12,해외,24.594269050335996
드림 시나리오,장편,미국,392,258888629,31539,132198732,15447,코미디,15세이상관람가,19779.575182686418,2024,5,해외,48.9774564824503
날나리 종부전,장편,한국,162,181261000,31522,25840500,4087,코미디,12세이상관람가,13856.147895942631,2008,5,국내,12.965547871327962
학교 가는 길,장편,한국,90,239464980,31467,115004480,14401,다큐멘터리,12세이상관람가,18337.43439771097,2021,5,국내,45.765405027489116
꼬마 니콜라의 여름방학,장편,프랑스,133,218859600,31368,84970800,11793,코미디,전체관람가,16812.437200984506,2014,8,해외,37.595638867635806
바튼 아카데미,장편,미국,254,295171999,31366,178030387,18234,코미디,15세이상관람가,22676.076927745413,2024,2,해외,58.133010265893006
소명 3 : 히말라야의 슈바이처,장편,한국,32,212483500,31265,101772000,13516,다큐멘터리,전체관람가,16376.409203100586,2011,4,국내,43.23044938429554
메이 디셈버,장편,미국,400,285624435,31207,150686459,15787,드라마,청소년관람불가,22054.39967322747,2024,3,해외,50.58800910052233
나는 부정한다,장편,영국,104,250925125,31172,173714325,20751,드라마,12세이상관람가,19396.857930889477,2017,4,해외,66.56935711535994
더 브레이브,장편,미국,51,240423500,31152,174312500,22354,드라마,15세이상관람가,18596.999709160216,2011,2,해외,71.75783256291732
프리키 프라이데이 2,장편,미국,416,286117250,31122,126300680,13221,코미디,12세이상관람가,22152.790843342522,2025,8,해외,42.4812030075188
초콜렛 도넛,장편,미국,53,246408200,31101,134348400,16354,드라마,15세이상관람가,19091.177093829163,2014,10,해외,52.583518214848404
할로윈:살인마의 탄생,장편,미국,116,214069351,31068,71985500,10002,공포(호러),청소년관람불가,16603.24969247403,2009,5,해외,32.19389725762843
어떤 시선,옴니버스,한국,28,204028800,31048,56865800,7648,드라마,12세이상관람가,15834.696684185856,2013,10,국내,24.632826591084772
옹박: 더 레전드,장편,태국,172,200763553,31042,39654000,5908,액션,15세이상관람가,15584.292171585641,2009,5,해외,19.03227884801237
목숨,장편,한국,97,235872600,31022,99672400,12412,다큐멘터리,12세이상관람가,18321.43997303119,2014,12,국내,40.01031526013797
몬스타엑스 : 더 드리밍,장편,한국,98,492739500,30912,208852500,13136,다큐멘터리,전체관람가,38409.81160667515,2021,12,국내,42.49482401656315
언더더씨: 마법 산호초를 찾아서,장편,독일,215,236090755,30858,31667417,3706,애니메이션,전체관람가,18435.847609766304,2024,6,해외,12.009851578196901
막달라 마리아: 부활의 증인,장편,영국,111,214792200,30833,99004200,14257,드라마,12세이상관람가,16786.28632520547,2018,3,해외,46.23941880452762
극장판 닌자보이 란타로: 도쿠타케 닌자대 최강의 군사,장편,일본,136,289623580,30800,121026900,12041,애니메이션,전체관람가,22658.705992802377,2025,5,해외,39.09415584415584
어른 김장하,장편,한국,98,257208972,30799,81800442,9670,다큐멘터리,전체관람가,20123.40190985703,2023,11,국내,31.397123283223483
폭탄,장편,일본,185,241480450,30798,97031450,12263,스릴러,15세이상관람가,18893.454198637526,2026,3,해외,39.81752061822196
단지 세상의 끝,장편,캐나다,124,242177173,30793,174481073,21079,드라마,15세이상관람가,18951.042542527466,2017,1,해외,68.4538693858994
한란,장편,한국,262,251811910,30784,71649800,8635,드라마,12세이상관람가,19710.748659920348,2025,11,국내,28.050285862785863
"좋아해, 너를",장편,일본,101,265102800,30714,133168800,14983,드라마,12세이상관람가,20798.395771011375,2017,9,해외,48.78231425408608
앵그리스트 맨,장편,미국,181,229523200,30656,92953100,11982,드라마,15세이상관람가,18041.0996805594,2014,10,해외,39.08533402922756
다른나라에서,장편,한국,35,237013700,30590,194437200,24160,드라마,청소년관람불가,18670.066995671474,2012,5,국내,78.98005884275906
돼지코 아기공룡 임피의 모험,장편,독일,50,171778500,30561,51231500,8927,애니메이션,전체관람가,13544.193461782736,2008,6,해외,29.210431595824744
신밧드와 마법 양탄자,장편,덴마크,258,204586840,30534,30278800,4135,애니메이션,전체관람가,16145.291719047542,2019,2,해외,13.542280736228465
러브 라이즈 블리딩,장편,미국,139,242307950,30526,143066400,16685,범죄,청소년관람불가,19127.1237080932,2024,7,해외,54.658324051628114
쿠보와 전설의 악기,장편,미국,100,208824862,30525,50556862,6969,애니메이션,전체관람가,16484.600771636917,2016,10,해외,22.83046683046683
아야와 마녀,장편,일본,362,249833620,30519,69295080,8647,애니메이션,전체관람가,19725.7027717673,2021,6,해외,28.33316950096661
스노우타임,장편,캐나다,259,217620400,30467,50692600,6359,애니메이션,전체관람가,17211.622608858648,2016,12,해외,20.871762890996816
바르다가 사랑한 얼굴들,장편,프랑스,53,245996534,30392,185080134,21833,다큐멘터리,전체관람가,19503.90670341276,2018,6,해외,71.83798367991577
벨 아미,장편,영국,103,213966000,30373,85646000,11530,드라마,청소년관람불가,16974.968652802367,2012,8,해외,37.961347249201594
반지의 제왕 : 왕의 귀환 (확장판),장편,뉴질랜드,56,370268000,30349,180104400,14774,판타지,12세이상관람가,29398.400217231905,2017,1,해외,48.68035190615836
메리 마이 데드 바디,장편,대만,103,346701400,30333,256998800,20465,코미디,12세이상관람가,27541.788159462103,2023,5,해외,67.46777437114694
신비아파트 특별편: 붉은 눈의 사신,장편,한국,93,361512500,30329,66625000,5549,애니메이션,전체관람가,28722.162215415126,2024,8,국내,18.29602031059382
더 메뉴,장편,미국,177,314722700,30326,151328300,14169,스릴러,15세이상관람가,25007.18696192142,2022,12,해외,46.722284508342675
극장판 내 마음의 위험한 녀석,장편,일본,124,340889100,30276,115266520,9435,애니메이션,12세이상관람가,27131.0449885153,2026,5,해외,31.163297661514072
마인드스케이프,장편,스페인,199,220476900,30257,86052200,11231,스릴러,15세이상관람가,17558.569539419535,2014,10,해외,37.11868327990217
클리포드 더 빅 레드 독,장편,미국,356,267143090,30248,74362200,8481,어드벤처,전체관람가,21281.350474630606,2022,1,해외,28.03821740280349
드라이브 앵그리 3D,장편,미국,160,252405500,30221,80068000,8769,액션,청소년관람불가,20125.277922516976,2011,8,해외,29.016246980576422
지구: 놀라운 하루,장편,영국,231,229998100,30200,78611500,9765,다큐멘터리,전체관람가,18351.400303199553,2018,2,해외,32.33443708609271
"나의 사랑, 그리스",장편,그리스,123,241875000,30181,151997100,18236,드라마,15세이상관람가,19311.199937086407,2017,4,해외,60.42211987674365
극장판 나루토 질풍전: 로드 투 닌자,장편,일본,72,200250500,30117,67219000,9572,애니메이션,전체관람가,16021.892130730314,2013,2,해외,31.782714081747848
더 길티,장편,덴마크,108,251886700,30110,111680800,12872,스릴러,12세이상관람가,20157.950966936496,2019,3,해외,42.74991697110595
나루토 질풍전 극장판-불의 의지를 잇는 자,장편,일본,67,190809329,30053,52869000,7863,애니메이션,전체관람가,15299.022249447664,2009,10,해외,26.163777326722794
체실 비치에서,장편,영국,54,256267223,29992,158788723,18180,드라마,15세이상관람가,20589.203144935036,2018,9,해외,60.6161643104828
데드데드 데몬즈 디디디디 디스트럭션: 파트1,장편,일본,375,251299720,29952,125910760,14811,애니메이션,15세이상관람가,20217.06376789208,2025,1,해외,49.44911858974359
행복배달부 팻아저씨,장편,영국,162,210268100,29906,57193700,7906,애니메이션,전체관람가,16942.089228981735,2014,10,해외,26.436166655520633
테일 오브 테일즈,장편,이탈리아,102,234331200,29891,155458000,19500,판타지,청소년관람불가,18890.41831908948,2016,11,해외,65.2370278679201
브레이브 스토리,장편,일본,49,179083500,29887,46472000,7824,애니메이션,전체관람가,14438.602269351102,2008,3,해외,26.178606082912303
톰보이,장편,프랑스,361,268477620,29879,162943780,17293,드라마,12세이상관람가,21651.796381953398,2020,5,해외,57.876769637538075
그레이 맨,장편,미국,220,277286160,29844,120944100,13275,액션,15세이상관람가,22388.400404997552,2022,7,해외,44.48130277442702
33,장편,미국,320,228351400,29728,68233700,8707,드라마,12세이상관람가,18509.295524401157,2016,4,해외,29.28888589881593
루터,장편,독일,94,205455300,29710,98473100,14270,드라마,12세이상관람가,16663.514373887338,2017,10,해외,48.03096600471222
소명 2-모겐족의 월드컵,장편,한국,62,200488795,29694,84376000,12183,다큐멘터리,전체관람가,16269.466226189868,2010,4,국내,41.02849060416246
내 인생의 마지막 변화구,장편,미국,130,208654500,29648,110680000,14967,드라마,12세이상관람가,16958.375867203296,2012,11,해외,50.48232595790609
극장판 바다 탐험대 옥토넛 : 불의 고리 대폭발,장편,영국,183,242917500,29610,52755100,6177,애니메이션,전체관람가,19768.435443903276,2021,4,해외,20.861195542046605
루비 스팍스,장편,미국,149,260261400,29552,113687700,12577,코미디,15세이상관람가,21221.436911696597,2018,5,해외,42.55887926367082
"하이, 젝시",장편,미국,205,227794500,29492,92332000,12136,코미디,15세이상관람가,18611.908640938364,2020,2,해외,41.15014241150142
몬테크리스토 백작,장편,프랑스,100,247578160,29480,117550860,13057,드라마,12세이상관람가,20236.56307727518,2026,2,해외,44.291044776119406
춘희막이,장편,한국,268,205281965,29473,94836265,13247,다큐멘터리,12세이상관람가,16783.338558999683,2015,9,국내,44.94622196586707
북클럽,장편,미국,73,217597690,29453,140742210,18448,코미디,15세이상관람가,17802.321771382547,2019,6,해외,62.635385189963664
너브,장편,미국,151,239275800,29441,67132300,8103,어드벤처,15세이상관람가,19583.852205124975,2017,1,해외,27.52284229475901
극장판 윌벤져스 : 수상한 캠핑 대소동,장편,한국,110,293037800,29432,67209100,6426,애니메이션,전체관람가,23991.410054460845,2022,6,국내,21.833378635498775
몬태나,장편,미국,276,231968300,29354,92654700,11794,드라마,15세이상관람가,19042.030354845832,2018,4,해외,40.1785105948082
양자경의 더 모든 날 모든 순간,장편,미국,63,312182359,29323,205019484,19294,액션,15세이상관람가,25653.80923482492,2022,11,해외,65.79817890393207
벨과 세바스찬,장편,프랑스,202,210117000,29308,90507800,12281,어드벤처,전체관람가,17275.352262057648,2014,3,해외,41.90323461171011
노보케인,장편,미국,514,262839900,29297,88559600,9785,액션,청소년관람불가,21618.225641755333,2025,3,해외,33.39932416288357
역모-반란의 시대,장편,한국,355,212967300,29294,65901800,8430,사극,15세이상관람가,17518.065708591177,2017,11,국내,28.77722400491568
아이돌 마스터 무비 : 빛의 저편으로!,장편,일본,55,212428000,29287,113066000,15357,애니메이션,전체관람가,17477.880929940955,2015,11,해외,52.436234506777744
에브리데이,장편,미국,128,260023700,29283,82296200,9027,멜로/로맨스,12세이상관람가,21396.821791828723,2018,10,해외,30.826759553324457
잉여들의 히치하이킹,장편,한국,31,202555800,29281,112822800,15264,다큐멘터리,12세이상관람가,16669.043579804,2013,11,국내,52.129367166421915
왕이 될 아이,장편,미국,264,229649450,29236,79851200,9844,어드벤처,전체관람가,18927.766064943866,2019,1,해외,33.670816801204
비상,장편,한국,160,223314380,29223,66587500,8327,액션,청소년관람불가,18413.81582175123,2009,12,국내,28.494678848851933
리빙보이 인 뉴욕,장편,미국,158,239323800,29217,119275800,14234,멜로/로맨스,15세이상관람가,19737.955827829235,2017,11,해외,48.718211999863094
꼬마잠수함 올리,장편,중국,232,196511300,29114,41250000,5479,애니메이션,전체관람가,16264.381562797182,2014,10,해외,18.819124819674382
아버지의 마음,장편,한국,85,290533906,29078,98157701,9701,다큐멘터리,전체관람가,24075.992200454617,2023,7,국내,33.361991883898476
"다시, 봄",장편,한국,360,233916700,29048,97696430,11519,드라마,12세이상관람가,19404.25154210895,2019,4,국내,39.655053704213714
러브 인 클라우즈,장편,호주,34,199109613,29033,100985000,14248,드라마,15세이상관람가,16525.409017325113,2008,12,해외,49.07519030069232
아메바 소녀들과 학교괴담: 개교기념일,장편,한국,203,250137900,29000,79688600,9354,코미디,15세이상관람가,20784.204403822187,2024,11,국내,32.255172413793105
미스비헤이비어,장편,영국,378,234421860,28884,106700360,12991,드라마,15세이상관람가,19556.569443540677,2020,5,해외,44.976457554355356
퀴어,장편,이탈리아,235,276894200,28822,166036000,16710,드라마,청소년관람불가,23149.50176112123,2025,6,해외,57.976545694261326
데스노트: 더 뉴 월드,장편,일본,309,220886363,28723,80445063,10121,범죄,15세이상관람가,18530.66519463643,2017,3,해외,35.23656999617032
그집,장편,스페인,392,238258460,28707,53073520,6562,공포(호러),15세이상관람가,19999.19082747544,2020,5,해외,22.858536245515033
극장판 바다 탐험대 옥토넛 : 해저동굴 대탈출,장편,영국,236,239098800,28703,46829700,5421,애니메이션,전체관람가,20072.525058251333,2022,2,해외,18.88652754067519
무협,장편,홍콩,137,206464500,28698,62195000,8053,액션,15세이상관람가,17335.8707672001,2011,11,해외,28.061188933026692
대통령의 7시간,장편,한국,84,241374840,28636,96296320,10881,다큐멘터리,12세이상관람가,20311.011331258826,2019,11,국내,37.99762536667132
슈퍼 스파이: 수상한 임무,장편,스페인,173,207059400,28626,50831200,6557,애니메이션,전체관람가,17429.55052235772,2015,10,해외,22.905750017466637
"다시 만날, 조국",장편,한국,229,261594620,28612,109310220,11836,다큐멘터리,12세이상관람가,22030.912971050988,2025,5,국내,41.367258492940024
분노,장편,일본,99,230315537,28567,158224837,19256,스릴러,청소년관람불가,19427.213133698377,2017,3,해외,67.4064479994399
굿모닝 맨하탄,장편,인도,99,205346000,28548,115502000,15500,코미디,전체관람가,17332.550040430742,2014,2,해외,54.29452150763626
그린 나이트,장편,미국,235,265499680,28534,161859300,17228,어드벤처,15세이상관람가,22420.910670086247,2021,8,해외,60.377093993131005
플레이모빌: 더 무비,장편,캐나다,295,222928260,28520,64395520,7648,애니메이션,전체관람가,18835.08170127917,2019,9,해외,26.816269284712487
머드,장편,미국,113,206252500,28507,150206000,20109,드라마,15세이상관람가,17434.10305902461,2013,11,해외,70.5405689830568
크리미널 스쿼드,장편,미국,361,236627200,28477,71926200,8659,범죄,15세이상관람가,20022.685820008624,2018,4,해외,30.406995118867858
"어디갔어, 버나뎃",장편,미국,253,236253000,28378,102548000,12154,코미디,12세이상관람가,20060.76317391633,2020,10,해외,42.828952005074356
극장판 암살교실 : 365일의 시간,장편,일본,98,210398500,28364,52956500,6792,애니메이션,12세이상관람가,17874.2186345155,2017,3,해외,23.945846848117334
중간계,장편,한국,245,178620100,28355,72762800,11218,액션,15세이상관람가,15179.329201836443,2025,10,국내,39.56268735672721
카페 6,장편,대만,126,196383500,28353,70198000,9889,멜로/로맨스,12세이상관람가,16690.059359222945,2016,11,해외,34.878143406341486
슈퍼 엘프: 빨간모자 비밀요정,장편,독일,171,180645200,28325,47997000,7829,애니메이션,전체관람가,15367.683620625487,2025,1,해외,27.63989408649603
파울볼,장편,한국,231,212849500,28324,74007100,9590,다큐멘터리,전체관람가,18107.977737811863,2015,4,국내,33.858212116932634
배달의 영웅 : 캐리와 슈퍼콜라2,장편,한국,385,251446630,28310,54558300,6097,애니메이션,전체관람가,21402.172164461448,2025,10,국내,21.53655951960438
누구나 아는 비밀,장편,스페인,52,219393320,28258,162618570,20231,드라마,15세이상관람가,18708.28092609663,2019,8,해외,71.59388491754547
버터플라이,장편,프랑스,28,192216351,28250,113556500,16375,코미디,전체관람가,16395.466552937414,2009,1,해외,57.9646017699115
서프러제트,장편,미국,18,227992800,28220,135715400,16397,드라마,12세이상관람가,19467.761905168514,2016,6,해외,58.104181431608794
걸즈 앤 판처 극장판,장편,일본,57,251874100,28121,157278600,17251,애니메이션,12세이상관람가,21582.64436430691,2016,8,해외,61.345613598378435
사랑은 낙엽을 타고,장편,핀란드,40,266785881,28085,198142581,19757,멜로/로맨스,12세이상관람가,22889.711396770992,2023,12,해외,70.34716040591063
투 프렌즈,장편,러시아,273,199496700,28082,24109600,3069,애니메이션,전체관람가,17118.258662454107,2018,11,해외,10.928708781425826
박물관이 진짜 살아있다,장편,체코,252,204365150,28064,35475000,4326,애니메이션,전체관람가,17547.25429654765,2018,11,해외,15.414766248574688
마리아 칼라스: 세기의 디바,장편,프랑스,26,205683580,28048,157978780,20145,다큐멘터리,전체관람가,17670.532099876975,2019,7,해외,71.82330290929835
무림여대생,장편,한국,205,176547500,28019,52145000,7746,멜로/로맨스,15세이상관람가,15183.113696084887,2008,6,국내,27.64552625004461
마리안느와 마가렛,장편,한국,64,195549400,28016,33199700,4431,다큐멘터리,전체관람가,16819.081007066532,2017,4,국내,15.815962307252999
찬실이는 복도 많지,장편,한국,241,240495330,27974,152524530,16942,드라마,전체관람가,20715.908317620237,2020,3,국내,60.56338028169014
문호 스트레이독스 [데드 애플],장편,일본,79,213810500,27944,79492000,9885,애니메이션,12세이상관람가,18437.089324949386,2018,4,해외,35.37432006870885
건즈 아킴보,장편,영국,181,244731000,27928,90323000,10314,액션,청소년관람불가,21115.48456789058,2020,4,해외,36.93067888857061
그루지 3,장편,미국,57,214232793,27904,67584000,8551,공포(호러),15세이상관람가,18499.985578783024,2009,8,해외,30.644352064220183
나를 모르는 그녀의 세계에서,장편,일본,218,252789600,27888,84421500,9498,멜로/로맨스,12세이상관람가,21842.06706343446,2025,5,해외,34.05765920826162
나를 미치게 하는 여자,장편,미국,161,208570700,27858,107755100,14876,코미디,청소년관람불가,18040.778232464643,2015,12,해외,53.39938258310001
키드냅,장편,미국,167,214871800,27854,74933600,9489,액션,15세이상관람가,18588.474671285127,2017,11,해외,34.06692037050334
스페이스 비트윈 어스,장편,미국,370,213149361,27847,78591861,9973,어드벤처,12세이상관람가,18444.10234755231,2017,3,해외,35.81355262685388
걸 온 더 트레인,장편,미국,331,215124500,27840,72744600,9040,드라마,청소년관람불가,18619.694294419056,2017,3,해외,32.4712643678161
척의 일생,장편,미국,167,268950730,27793,147568860,14710,드라마,15세이상관람가,23317.88753257191,2025,12,해외,52.92699600618861
여귀교- 저주를 부르는 게임,장편,대만,401,252570027,27703,59900796,6604,공포(호러),15세이상관람가,21968.829177301923,2023,11,해외,23.83857343969967
파리의 인어,장편,프랑스,204,232298500,27623,89261500,10557,멜로/로맨스,12세이상관람가,20264.10678372179,2020,7,해외,38.21815154038302
하보우만의 약속,장편,한국,65,264153360,27576,96782000,10326,다큐멘터리,12세이상관람가,23082.177273060915,2025,4,국내,37.445604873803305
페인 앤 글로리,장편,스페인,198,208760620,27569,117106480,14549,드라마,청소년관람불가,18246.49564925158,2020,2,해외,52.773042185062934
페어러브,장편,한국,44,205824062,27521,115432000,15174,드라마,12세이상관람가,18021.205449682893,2010,1,국내,55.13607790414593
더 시크릿,장편,프랑스,93,183438000,27492,68181500,9772,미스터리,15세이상관람가,16078.105525550478,2008,1,해외,35.54488578495562
코비: 블루 엘리펀트의 전설,장편,태국,104,165671000,27463,44541500,6782,애니메이션,전체관람가,14536.184281238853,2013,12,해외,24.6950442413429
반지의 제왕 : 두개의 탑 (확장판),장편,뉴질랜드,58,350183800,27440,171901300,13453,판타지,12세이상관람가,30751.32600372335,2017,1,해외,49.02696793002915
위아 유어 프렌즈,장편,미국,220,215918400,27412,81737000,9961,드라마,청소년관람불가,18980.202145221774,2015,11,해외,36.33810010214504
팬텀 스레드,장편,미국,42,223858100,27403,153869600,18292,드라마,15세이상관람가,19684.60053401945,2018,3,해외,66.75181549465387
괴담만찬,옴니버스,한국,162,220853620,27389,65528802,8341,공포(호러),15세이상관람가,19430.333257525337,2023,10,국내,30.453831830296835
토마스와 친구들: 용감한 기관차와 괴물소동,장편,영국,291,192443400,27345,37991900,4715,애니메이션,전체관람가,16958.0923804929,2016,10,해외,17.24264033644176
퍼펙트 케어,장편,미국,308,227902740,27337,114807430,13910,범죄,15세이상관람가,20088.642825315972,2021,2,해외,50.883418078062704
타발루가와 얼음공주,장편,독일,304,190654000,27330,33625100,4221,애니메이션,전체관람가,16809.631500756044,2020,1,해외,15.444566410537872
라자루스,장편,미국,89,214955800,27279,73616200,8924,공포(호러),15세이상관람가,18987.71154120496,2015,7,해외,32.71380915722717
몬스터 헌트,장편,중국,184,200197000,27257,61489300,7853,판타지,12세이상관람가,17698.294369833595,2015,11,해외,28.810947646476137
파이어하트,장편,프랑스,187,233116800,27210,63438650,7410,애니메이션,전체관람가,20644.14659741502,2023,6,해외,27.23263506063947
로스트 인 파리,장편,프랑스,85,215575038,27203,152668838,18578,멜로/로맨스,12세이상관람가,19095.611619731877,2017,5,해외,68.29393816858435
지니어스,장편,영국,172,209372437,27167,124198137,15610,드라마,12세이상관람가,18570.762188888806,2017,4,해외,57.45941767585674
야당: 익스텐디드 컷,장편,한국,417,243377020,27152,87365660,9190,범죄,청소년관람불가,21598.80121546883,2025,8,국내,33.84649381261049
피쉬 프렌즈: 알록이의 신기한 모험,장편,터키,320,185274100,27128,19353700,2440,애니메이션,전체관람가,16456.93064206102,2018,8,해외,8.994396933058095
인천상륙작전 : 익스텐디드 에디션(확장판),장편,한국,122,220051200,27070,64315000,7960,전쟁,15세이상관람가,19587.877924702134,2016,9,국내,29.40524565940155
"쏘아올린 불꽃, 밑에서 볼까? 옆에서 볼까?",장편,일본,390,208532200,27069,63288600,7931,애니메이션,15세이상관람가,18563.198822108785,2018,1,해외,29.29919834497026
해피 투게더,장편,한국,240,204452450,27046,93261500,10654,드라마,12세이상관람가,18215.503439477056,2018,11,국내,39.39214671300747
아이스 로드,장편,미국,344,258069720,27037,63925960,6585,스릴러,12세이상관람가,23000.138587415462,2021,7,해외,24.35551281577098
아워 이디엇 브라더,장편,미국,62,197192477,27010,140474977,19161,드라마,청소년관람불가,17592.099044084523,2012,11,해외,70.94039244724176
이상한 집,장편,일본,140,247223500,27007,67425800,7723,스릴러,15세이상관람가,22057.958200038276,2025,7,해외,28.596289850779428
4요일: 자살을 부르는 요일,장편,한국,131,182233000,26840,44656000,6167,공포(호러),청소년관람불가,16360.494137503816,2008,12,국내,22.976900149031295
러브 앤 머시,장편,미국,51,211780800,26812,129164200,15920,드라마,15세이상관람가,19033.088942372506,2015,7,해외,59.37639862748023
수색자,장편,한국,218,190969220,26794,73477250,13260,스릴러,15세이상관람가,17174.24778609849,2021,9,국내,49.488691498096586
콜드 워,장편,폴란드,65,220783373,26784,140398073,16168,멜로/로맨스,15세이상관람가,19862.907993983103,2019,2,해외,60.36439665471923
더 폴: 오디어스와 환상의 문,장편,인도,1,180180144,26777,138098500,19691,드라마,12세이상관람가,16214.251846239198,2008,12,해외,73.53699070097471
재키,장편,칠레,97,209835243,26758,134730143,16779,드라마,15세이상관람가,18896.296119525567,2017,1,해외,62.70648030495553
몬스터 섬의 비밀,장편,멕시코,150,184568800,26739,30088800,4076,애니메이션,전체관람가,16632.787179234158,2017,9,해외,15.243651595048432
앙: 단팥 인생 이야기,장편,일본,39,213619862,26738,156647162,18756,드라마,12세이상관람가,19251.50181096891,2015,9,해외,70.147355823173
이니셰린의 밴시,장편,미국,135,270093801,26692,184663463,17996,드라마,15세이상관람가,24382.902597953635,2023,3,해외,67.42095009740746
리빙: 어떤 인생,장편,영국,50,245348918,26678,172161095,17808,드라마,12세이상관람가,22160.664669322767,2023,12,해외,66.75163055701326
아기돼지 3형제와 매직램프,장편,중국,135,208444600,26670,37196000,4578,애니메이션,전체관람가,18833.001296524682,2017,3,해외,17.165354330708663
머신건 프리처,장편,미국,141,197366500,26640,96400500,12484,액션,15세이상관람가,17852.174463620246,2012,5,해외,46.86186186186186
리멤버 미,장편,미국,139,200247000,26629,76902000,9733,멜로/로맨스,15세이상관람가,18120.203220784297,2011,3,해외,36.55037740808893
중2병이라도 사랑이 하고 싶어! 테이크 온 미,장편,일본,113,232190200,26577,70437100,7261,애니메이션,12세이상관람가,21051.82894349721,2018,5,해외,27.320615569853636
더 보이 2: 돌아온 브람스,장편,미국,179,231152000,26531,79928000,9271,공포(호러),15세이상관람가,20994.036074190095,2020,3,해외,34.94402774113301
귀멸의 칼날: 주합회의·나비저택 편,장편,일본,291,252680700,26474,65671050,6736,애니메이션,15세이상관람가,22998.75941023291,2021,12,해외,25.443831683916297
소림소녀,장편,일본,137,169120500,26434,56479000,8289,액션,12세이상관람가,15416.481694349466,2008,7,해외,31.35734281607021
미스터 로봇,장편,한국,453,215817900,26408,68731400,8340,애니메이션,12세이상관람가,19692.636039462304,2025,4,국내,31.581338988185397
80일간의 세계일주,장편,프랑스,171,229296950,26391,51351250,5632,애니메이션,전체관람가,20936.030127101563,2023,9,해외,21.34060854079042
원 포 더 머니,장편,미국,144,195806000,26387,97798000,12807,멜로/로맨스,15세이상관람가,17880.838547276613,2012,2,해외,48.53526357676128
뉴 스텝업: 어반댄스,장편,뉴질랜드,176,170417700,26381,40976700,5998,액션,15세이상관람가,15565.939890108939,2016,9,해외,22.73606004321292
기적의 오케스트라 - 엘 시스테마,장편,독일,12,186737019,26377,125318800,17156,다큐멘터리,전체관람가,17059.13183765886,2010,8,해외,65.04151343973916
집 나온 남자들,장편,한국,134,189538028,26319,47813500,6292,코미디,15세이상관람가,17353.172223832065,2010,4,국내,23.906683384627076
리틀 엠마,장편,미국,212,189395100,26297,33755700,5197,애니메이션,전체관람가,17354.59310718938,2024,10,해외,19.762710575350802
쾌걸 조로리의 대대대대모험,장편,일본,136,164250500,26278,20649500,3049,애니메이션,전체관람가,15061.433037118411,2013,6,해외,11.60286170941472
트레이서,장편,미국,249,197286000,26262,56995900,7303,액션,15세이상관람가,18101.742129587576,2015,3,해외,27.80824004264717
쥬라기캅스 극장판: 공룡시대 대모험,장편,한국,453,240024088,26188,32610258,3306,애니메이션,전체관람가,22085.355750173443,2022,9,국내,12.624102642431648
배저로와 친구들: 신비한 모험,장편,노르웨이,293,177884400,26185,36695500,4753,애니메이션,전체관람가,16369.566867814969,2017,10,해외,18.151613519190377
마크맨,장편,미국,210,198413200,26152,53868600,7481,액션,15세이상관람가,18281.741220003907,2021,4,해외,28.605842765371676
사채소년,장편,한국,211,193797300,26149,70176500,9015,액션,15세이상관람가,17858.481998666586,2023,11,국내,34.47550575547822
극장판 바다 탐험대 옥토넛 : 대산호초 보호작전,장편,영국,187,175915000,26123,32135000,4680,애니메이션,전체관람가,16226.756737934396,2020,11,해외,17.91524710025648
아임 낫 데어,장편,미국,8,175924500,26117,151337000,22018,드라마,15세이상관람가,16231.361099334737,2008,5,해외,84.30524179653099
모어 댄 블루,장편,대만,132,211727600,26101,95804500,11324,멜로/로맨스,12세이상관람가,19546.64526078722,2018,12,해외,43.38531090762806
원더스트럭,장편,미국,111,220860000,26034,112232200,13027,드라마,전체관람가,20442.220599383014,2018,5,해외,50.03841130828916
바다 탐험대 옥토넛 : 육지수호 대작전,장편,영국,205,223583600,25934,45282400,4994,애니메이션,전체관람가,20774.10590925436,2021,10,해외,19.256574381121307
왓 이프,장편,아일랜드,145,192741700,25908,103500500,13454,코미디,15세이상관람가,17926.425479593225,2014,11,해외,51.929905820595955
부니베어: 로거빅 컴백홈 프로젝트,장편,중국,277,177914300,25903,28804400,3824,애니메이션,전체관람가,16550.560036540403,2017,6,해외,14.7627687912597
북극백화점의 안내원,장편,일본,170,225289500,25902,91985400,10576,애니메이션,전체관람가,20958.469039465715,2024,6,해외,40.83082387460428
달링,장편,영국,147,204458500,25872,82263300,10294,드라마,12세이상관람가,19042.63622206824,2018,4,해외,39.78818800247372
구스범스: 몬스터의 역습,장편,미국,167,206296600,25857,64930500,7994,판타지,12세이상관람가,19224.977412841992,2018,11,해외,30.91619290714313
블라인드 멜로디,장편,인도,151,208513400,25833,98068900,11607,스릴러,15세이상관람가,19449.61590643144,2019,8,해외,44.93090233422367
노스페라투,장편,미국,362,263917500,25830,131954700,12602,공포(호러),청소년관람불가,24620.432951317467,2025,1,해외,48.78823073945025
그녀에게,장편,한국,148,217382220,25783,85656000,9610,드라마,12세이상관람가,20316.199756166974,2024,9,국내,37.27262149478339
판소리 복서,장편,한국,345,193213180,25739,52420760,6334,코미디,12세이상관람가,18088.267909042443,2019,10,국내,24.608570651540465
서칭 포 슈가맨,장편,스웨덴,26,191465100,25694,160066100,20875,다큐멘터리,전체관람가,17956.00866922192,2012,10,해외,81.24464855608313
"연공:안녕, 사랑하는 모든 것",장편,일본,88,156505500,25689,70083000,11217,멜로/로맨스,15세이상관람가,14680.278981158783,2008,11,해외,43.66460352680136
인 블룸,장편,미국,95,172320000,25681,64923000,9191,스릴러,청소년관람불가,16168.720675310566,2008,9,해외,35.78910478563919
컴 아웃 파이팅,장편,미국,143,187512404,25656,60275000,7842,액션,15세이상관람가,17611.362569078934,2009,10,해외,30.565949485500465
당신의 부탁,장편,한국,371,205547428,25652,81657728,9615,드라마,15세이상관람가,19308.24135462793,2018,4,국내,37.48245750818649
그 사람 그 사랑 그 세상,장편,한국,55,189858500,25649,104224500,13465,다큐멘터리,전체관람가,17836.576920963125,2014,11,국내,52.49717337907911
골드,장편,미국,200,195197900,25595,98341700,12604,드라마,15세이상관람가,18376.885545699108,2017,3,해외,49.24399296737644
쿵푸몽키,장편,중국,194,182202400,25577,29971400,3894,애니메이션,전체관람가,17165.49742780011,2018,1,해외,15.224615865816945
매직울프,장편,러시아,168,199069400,25556,34496200,4360,애니메이션,전체관람가,18769.967960745787,2017,10,해외,17.06057285960244
잠수종과 나비,장편,미국,12,174328500,25538,150088000,21821,드라마,12세이상관람가,16448.76946897937,2008,2,해외,85.445218889498
사다코 대 카야코,장편,일본,131,201673000,25531,50529000,6308,공포(호러),15세이상관람가,19034.07763677797,2017,1,해외,24.707218675335866
러빙 빈센트 : 비하인드 에디션,장편,영국,97,216372490,25481,136989940,15565,애니메이션,15세이상관람가,20461.500489615933,2018,12,해외,61.08472979867352
굿 포츈,장편,미국,380,224147170,25471,89172390,9794,코미디,15세이상관람가,21205.04348673403,2026,1,해외,38.451572376428096
르누아르,장편,일본,132,188575340,25450,101660170,11681,드라마,12세이상관람가,17854.55440623003,2026,4,해외,45.89783889980353
아들의 이름으로,장편,한국,423,215172610,25449,77093130,9148,드라마,12세이상관람가,20373.61848667806,2021,5,국내,35.94640260913985
정글북: 마법 원정대,장편,러시아,372,194472710,25419,27019940,3281,애니메이션,전체관람가,18435.380611315795,2019,3,해외,12.907667492820332
블랙라이트,장편,미국,521,228699190,25401,72858070,8457,액션,15세이상관람가,21695.30276533084,2022,3,해외,33.29396480453525
돌핀보이,장편,독일,177,226353600,25387,43131700,4526,애니메이션,전체관람가,21484.632349067757,2023,1,해외,17.82802221609485
폰조,장편,미국,574,211759310,25383,79202080,9237,범죄,청소년관람불가,20102.564613732084,2020,10,해외,36.39049757711854
우연과 상상,장편,일본,56,250770840,25328,181186240,17553,드라마,15세이상관람가,23857.670733470837,2022,5,해외,69.3027479469362
뿌까의 짜장면파티,장편,한국,11,152742500,25324,11562500,1909,기타,전체관람가,14533.81049073882,2022,7,국내,7.538303585531511
매직 마이크,장편,미국,68,191946500,25288,123492500,15823,코미디,청소년관람불가,18290.164771709427,2012,8,해외,62.57118000632711
양말요정 휴고의 대모험,장편,체코,354,168413700,25278,18862500,2623,어드벤처,전체관람가,16054.123925085578,2018,9,해외,10.376612073740011
트래쉬,장편,미국,206,182102913,25260,77054313,10507,어드벤처,15세이상관람가,17371.42517814727,2015,5,해외,41.59540775930325
신 에반게리온 극장판,장편,일본,93,285487800,25217,124847600,10573,애니메이션,15세이상관람가,27280.105073504154,2022,10,해외,41.928064400999325
킹덤 오브 헤븐: 디렉터스 컷,장편,영국,117,230971600,25153,118553900,12497,액션,15세이상관람가,22126.90622546641,2020,11,해외,49.68393432194967
꼬마영웅 경찰차 프로디2,장편,노르웨이,257,166040900,25149,27478400,3868,애니메이션,전체관람가,15909.123790881049,2014,3,해외,15.380333214044295
나의 올드 오크,장편,아일랜드,83,231622406,25144,148200375,15341,드라마,15세이상관람가,22197.195335589895,2024,1,해외,61.01256761056315
안녕하세요,장편,한국,297,183017360,25140,66766000,9553,드라마,12세이상관람가,17541.992312927126,2022,5,국내,37.99920445505171
러브라이브! 선샤인!! 더 스쿨 아이돌 무비 오버 더 레인보우,장편,일본,66,219618070,25109,114619050,12236,애니메이션,전체관람가,21076.114886084622,2019,2,해외,48.7315305269027
프로텍터,장편,한국,413,209139810,25085,67236400,7912,액션,15세이상관람가,20089.748829882017,2026,3,국내,31.540761411201913
백설공주와 일곱난쟁이,장편,미국,334,211873220,24954,37812700,4334,애니메이션,전체관람가,20459.160035187637,2025,4,해외,17.36795704095536
n번째 이별 중,장편,미국,171,225358800,24915,87296700,9615,멜로/로맨스,12세이상관람가,21795.43459811552,2020,4,해외,38.59121011438892
하이큐!! 콘셉트의 싸움,장편,일본,97,182534000,24898,70469500,9130,애니메이션,12세이상관람가,17665.714670070756,2018,1,해외,36.66961201702948
포풍추영,장편,홍콩,106,281599000,24830,180290400,14670,액션,15세이상관람가,27327.902022912433,2025,9,해외,59.081755940394686
영주,장편,한국,106,192729750,24823,93991350,11461,드라마,12세이상관람가,18708.819890608644,2018,11,국내,46.17088990049551
쥬로링 동물탐정 극장판,장편,한국,188,173948100,24810,42714300,5383,애니메이션,전체관람가,16894.47997552483,2014,12,국내,21.6968964127368
슈퍼 버드,장편,멕시코,288,173938100,24799,28450300,3640,애니메이션,전체관람가,16901.00212940961,2017,4,해외,14.67801121012944
모험왕 블링키,장편,호주,226,174676220,24787,38680900,5017,애니메이션,전체관람가,16980.939775562492,2019,2,해외,20.24044862226167
시라노,장편,미국,195,203932200,24751,113222500,14144,멜로/로맨스,12세이상관람가,19853.860109339625,2022,2,해외,57.14516585188477
레지던트 이블: 라쿤시티,장편,미국,276,216277970,24722,79303000,9676,액션,청소년관람불가,21080.484383939773,2022,1,해외,39.139228217781735
겨울왕국의 무민,장편,핀란드,135,132193500,24658,67161000,13167,애니메이션,전체관람가,12918.264020474795,2018,2,해외,53.398491361829834
밀림의 왕자 레오: 세상을 바꾸는 용기,장편,일본,49,154900000,24640,26936000,3767,애니메이션,전체관람가,15148.255359098734,2012,2,해외,15.288149350649348
더 프롬,장편,미국,662,213920730,24635,84028530,9478,코미디,12세이상관람가,20924.361215921126,2020,12,해외,38.473716257357424
플로라 앤 썬,장편,미국,120,182027800,24613,83917700,11068,드라마,15세이상관람가,17820.71282733828,2023,9,해외,44.968106285296386
하이-라이즈,장편,영국,108,192162100,24600,118265900,14893,스릴러,청소년관람불가,18822.813204035654,2016,3,해외,60.54065040650406
낮술,장편,한국,11,172351722,24595,121284600,16981,코미디,15세이상관람가,16885.76353799014,2009,2,국내,69.04248831063225
마리 퀴리,장편,프랑스,484,191500920,24573,86961990,11943,드라마,15세이상관람가,18778.659504334024,2020,11,해외,48.60212428274936
메소드,장편,한국,244,200356300,24573,126991700,14793,드라마,15세이상관람가,19647.021733619866,2017,11,국내,60.20021975338786
"조제, 호랑이 그리고 물고기들",장편,일본,399,223274310,24571,86431110,9301,애니메이션,12세이상관람가,21896.15341427572,2021,3,해외,37.85356721338163
마리아,장편,영국,273,220711060,24570,121067460,12879,드라마,15세이상관람가,21645.660542046087,2025,4,해외,52.41758241758242
"초혼, 다시 부르는 노래",장편,한국,149,225120800,24543,106889300,11214,드라마,15세이상관람가,22102.422647441006,2025,3,국내,45.69123579024569
오즈의 마법사: 요술구두와 말하는 책,장편,러시아,252,195207320,24534,35061960,4123,애니메이션,전체관람가,19172.539509959624,2020,1,해외,16.805249857340833
결혼 이야기,장편,영국,83,197982660,24510,153007120,17858,멜로/로맨스,15세이상관람가,19464.163631269264,2019,11,해외,72.86005711954304
아부지,장편,한국,38,127494613,24498,19591500,3483,드라마,12세이상관람가,12540.449626082089,2009,7,국내,14.217487141807494
키즈모노가타리 I : 철혈편,장편,일본,74,187057500,24492,79359000,10169,애니메이션,15세이상관람가,18403.599700123374,2016,6,해외,41.519679895476074
"내 어깨 위 고양이, 밥",장편,영국,112,193578000,24466,82520400,10151,드라마,12세이상관람가,19065.356496697164,2017,1,해외,41.490231341453445
브라이드!,장편,미국,399,251421590,24453,112328250,10243,액션,청소년관람불가,24775.494075430663,2026,3,해외,41.88852083588926
카이: 거울 호수의 전설,장편,한국,172,180633800,24451,65794500,8444,애니메이션,전체관람가,17801.405614277486,2016,8,국내,34.53437487219337
진격의 거인: 홍련의 화살,장편,일본,82,192575800,24450,70322200,8797,애니메이션,15세이상관람가,18979.0622613152,2015,1,해외,35.97955010224949
스즈미야 하루히의 소실,장편,일본,30,168693049,24444,85734000,11595,코미디,12세이상관람가,16629.409045115168,2010,11,해외,47.43495336278841
천룡팔부: 교봉전,장편,홍콩,300,211184266,24394,84684240,10115,액션,15세이상관람가,20860.775165925654,2023,1,해외,41.46511437238665
종이 달,장편,일본,34,197236200,24381,141966400,16757,드라마,청소년관람불가,19493.374012847256,2015,7,해외,68.72974857470982
노크: 초대받지 않은 손님,장편,미국,266,206605250,24379,34718650,3903,공포(호러),15세이상관람가,20421.01710093172,2018,10,해외,16.0096804626933
원라이프,장편,영국,158,163408600,24348,49818500,6827,다큐멘터리,전체관람가,16171.99205892075,2011,8,해외,28.039264005257102
스파이크,장편,프랑스,159,145382500,24346,22310500,3364,애니메이션,전체관람가,14389.192356380257,2013,12,해외,13.817464881294669
슈퍼오리 : 태양을 지켜라,장편,러시아,257,170800400,24319,29671600,3814,애니메이션,전체관람가,16923.69048545017,2017,8,해외,15.68321065833299
꿈의 제인,장편,한국,86,198890200,24272,144410600,16851,드라마,청소년관람불가,19745.117583054696,2017,5,국내,69.42567567567568
나이스 가이즈,장편,미국,249,187911838,24268,78323838,9864,범죄,청소년관람불가,18658.299391732085,2016,7,해외,40.64611834514587
온리 갓 노우즈 에브리띵,장편,한국,336,211431020,24229,94906100,10126,미스터리,15세이상관람가,21027.377826133874,2025,8,국내,41.79289281439597
더 데이,장편,한국,30,192005000,24163,97169500,11890,다큐멘터리,전체관람가,19147.56655226626,2012,2,국내,49.2074659603526
극장판 검정고무신 : 즐거운 나의 집,장편,한국,232,217208100,24151,34424300,4079,애니메이션,전체관람가,21671.691112094442,2022,10,국내,16.889569790070805
레전드 오브 래빗: 불의 전설,장편,중국,126,178371100,24111,58753900,7444,애니메이션,전체관람가,17826.298350050696,2015,9,해외,30.873874994815644
폭스캐처,장편,미국,80,190702421,24083,118783221,14762,드라마,청소년관람불가,19080.841507457393,2015,2,해외,61.296350122493045
해피 플라이트,장편,일본,16,166419427,24040,122217000,17531,코미디,전체관람가,16680.976184271196,2009,7,해외,72.9242928452579
캡틴 스터비,장편,미국,276,173778600,24019,30942700,3748,애니메이션,전체관람가,17433.84880543867,2018,11,해외,15.604313252008826
캣츠토피아,장편,중국,367,201223160,24000,29153160,3370,판타지,전체관람가,20203.12851405623,2020,4,해외,14.041666666666666
땅에 쓰는 시,장편,한국,50,213772915,23994,144516276,15420,다큐멘터리,전체관람가,21468.51120410625,2024,4,국내,64.26606651662917
3000년의 기다림,장편,호주,176,224395015,23963,136028982,14286,멜로/로맨스,15세이상관람가,22564.406773695795,2023,1,해외,59.61690940199475
칠드런 액트,장편,영국,61,191400120,23933,126875420,14969,드라마,12세이상관람가,19270.676824206534,2019,7,해외,62.545439351523
GROW: 인피니트의 리얼 청춘 라이프,장편,한국,71,189774200,23926,101490400,12339,드라마,전체관람가,19112.56494673839,2014,12,국내,51.571512162501044
기적의 시작,장편,한국,137,213083752,23917,90284473,10538,다큐멘터리,12세이상관람가,21468.195179010145,2024,2,국내,44.06070995526194
큐어,장편,일본,55,250535969,23883,176711469,16273,공포(호러),15세관람가,25277.441281266252,2022,7,해외,68.13633128166478
프라미스드 랜드,장편,미국,52,178217662,23883,112424500,14694,드라마,12세이상관람가,17980.996918209203,2013,12,해외,61.52493405351086
용감한 돌고래 벨루와 바닷속 친구들,장편,캐나다,180,176169580,23873,36868860,5180,애니메이션,전체관람가,17781.80421598428,2024,3,해외,21.698152724835587
남주기 아까운 그녀,장편,미국,48,148149000,23858,40784500,6068,코미디,15세이상관람가,14962.92824916903,2008,10,해외,25.43381674909884
언노운 걸,장편,벨기에,67,190909700,23827,146573400,17766,드라마,12세이상관람가,19306.81048784891,2017,5,해외,74.5624711461787
고속도로 가족,장편,한국,222,191976100,23825,55723200,7145,드라마,15세이상관람가,19416.285920175982,2022,11,국내,29.989506820566632
블루 아워,장편,일본,322,202646600,23810,117699300,13175,드라마,12세이상관람가,20508.402362073244,2020,7,해외,55.333893322133555
체르노빌 1986,장편,러시아,182,200542300,23773,57335600,7162,액션,12세이상관람가,20327.02889123482,2021,6,해외,30.126614226223026
비바리움,장편,미국,129,195312120,23756,80558940,9082,미스터리,15세이상관람가,19811.063077026072,2020,7,해외,38.23034180838525
고스트 메신저 극장판,장편,한국,81,184033000,23721,74904500,9450,애니메이션,12세이상관람가,18694.53277889603,2014,5,국내,39.83811812318199
유포자들,장편,한국,123,154680500,23721,53158000,8445,범죄,15세이상관람가,15712.832358903173,2022,11,국내,35.60136587833565
굴뚝마을의 푸펠,장편,일본,250,205969860,23717,65904950,7504,애니메이션,전체관람가,20926.462691851862,2021,5,해외,31.63975207656955
얼굴없는 보스,장편,한국,293,199801000,23711,67925460,7545,액션,15세이상관람가,20304.845547260105,2019,11,국내,31.82067394880013
마야,장편,베트남,77,290807750,23695,69257600,5660,공포(호러),12세이상관람가,29573.393807345863,2024,8,해외,23.886895969613843
자전거 탄 소년,장편,벨기에,20,186147300,23688,152720300,18753,드라마,12세이상관람가,18935.651420270748,2012,1,해외,79.16666666666666
어부바,장편,한국,327,183948470,23674,51488900,7910,가족,전체관람가,18723.043224685513,2022,5,국내,33.412182140745124
엄마를 버리러 갑니다,장편,한국,158,211130600,23666,48556100,6010,드라마,12세이상관람가,21497.018242835282,2025,11,국내,25.395081551593
님포매니악 볼륨2,장편,덴마크,53,195684333,23641,121810433,14349,드라마,청소년관람불가,19945.37089179866,2014,7,해외,60.695402055750606
쉘 위 키스,장편,프랑스,40,166150915,23639,114707000,15793,멜로/로맨스,15세이상관람가,16936.573061568157,2009,6,해외,66.80908667879352
MR. 후아유,장편,미국,7,156714500,23626,85681000,12294,코미디,15세이상관람가,15983.463184831087,2008,1,해외,52.03589266062812
하이큐!! 땅 VS 하늘,장편,일본,82,189951700,23613,73162300,8460,애니메이션,전체관람가,19384.02319735045,2020,1,해외,35.827722017532714
사요나라 이츠카,장편,한국,31,181970548,23605,95791500,12145,드라마,청소년관람불가,18575.8630880225,2010,4,국내,51.45096377886041
타임 투 러브,장편,미국,201,179611300,23597,81488300,10213,코미디,청소년관람불가,18341.243092469893,2014,10,해외,43.28092554138238
사이코패스,장편,일본,69,191148000,23586,91204000,10797,애니메이션,15세이상관람가,19528.43171209386,2015,5,해외,45.77715593996439
디노타샤: 공룡대탐험,장편,미국,138,165071000,23530,45164500,6202,애니메이션,전체관람가,16904.438834812263,2014,1,해외,26.35784105397365
폭풍의 언덕,장편,영국,19,165791300,23509,110692800,15045,드라마,15세이상관람가,16993.368855916244,2012,6,해외,63.996767195542134
뒷자리에 태워줘,장편,영국,155,214315500,23507,127647150,13011,드라마,청소년관람불가,21968.89826716574,2026,5,해외,55.34947037052793
하이 스피드! –프리! 스타팅 데이즈-,장편,일본,60,172018500,23496,80296000,10627,애니메이션,전체관람가,17641.40320218566,2016,3,해외,45.22897514470548
빨간머리 앤 : 그린게이블로 가는 길,장편,일본,108,165643000,23493,70608000,9665,애니메이션,전체관람가,16989.731368328634,2013,1,해외,41.13991401694121
영화 코바야시네 메이드래곤 외로움쟁이 용,장편,일본,156,223856000,23479,100226500,10441,애니메이션,12세이상관람가,22974.234345277528,2025,7,해외,44.46952595936794
제인 도,장편,영국,110,183431765,23467,63864265,7930,공포(호러),청소년관람불가,18835.140964420174,2017,8,해외,33.79213363446542
코드네임 제로니모,장편,미국,108,145151000,23462,89226000,15375,액션,15세이상관람가,14907.571638527514,2012,12,해외,65.53149774102805
언프렌드,장편,독일,179,185898900,23450,38518500,4586,스릴러,15세이상관람가,19102.309451023713,2017,2,해외,19.55650319829424
3학년 2학기,장편,한국,91,193474400,23447,73729000,7976,드라마,12세이상관람가,19883.284577727467,2025,9,국내,34.01714505053952
이타미 준의 바다,장편,한국,57,190028160,23446,135514160,15851,다큐멘터리,전체관람가,19529.948849393993,2019,8,국내,67.60641474025421
테슬라,장편,미국,460,184842950,23441,76132540,9450,드라마,12세이상관람가,19001.096318210857,2020,10,해외,40.31397977901967
내겐 너무 소중한 너,장편,한국,449,204423420,23404,45575670,5177,드라마,12세이상관람가,21047.109648644142,2021,5,국내,22.120150401640746
토마스와 친구들: 수수께끼 해적선과 보물찾기,장편,영국,145,155824700,23395,37688500,5531,애니메이션,전체관람가,16049.634743290324,2017,6,해외,23.641803804231674
개들의 전쟁,장편,한국,94,171302571,23390,71611571,9748,액션,청소년관람불가,17647.596388117672,2012,11,국내,41.67592988456605
미스터 캣,장편,프랑스,241,181383750,23350,66025750,8237,코미디,전체관람가,18718.170325842988,2016,10,해외,35.276231263383295
누벨바그,장편,프랑스,141,187236250,23318,107920770,12097,드라마,12세이상관람가,19348.644255381594,2025,12,해외,51.87837721931555
아우토반,장편,영국,153,183393500,23306,68432500,8481,액션,15세이상관람가,18961.299587778733,2017,3,해외,36.38977087445293
굿 라이어,장편,미국,324,187789720,23262,82224340,9995,스릴러,15세이상관람가,19452.555644295004,2019,12,해외,42.967070759178064
울프 콜,장편,프랑스,336,192061580,23247,60971900,7334,액션,15세이상관람가,19907.901576625252,2020,3,해외,31.548156751408783
부에노스 아이레스에서 사랑에 빠질 확률,장편,아르헨티나,12,179554000,23233,145414500,18678,코미디,15세이상관람가,18622.659190111284,2013,9,해외,80.39426677570697
크리스마스 캐럴,장편,한국,410,217795380,23211,96747680,9994,드라마,청소년관람불가,22610.320304093457,2022,12,국내,43.05717116884236
"세라비, 이것이 인생!",장편,프랑스,145,185457800,23193,106460900,13211,코미디,전체관람가,19268.15267797357,2018,5,해외,56.96115207174579
만년이 지나도 변하지 않는 게 있어,장편,대만,297,195118110,23191,104587640,13160,멜로/로맨스,12세이상관람가,20273.55959130386,2022,2,해외,56.74615152429821
사울의 아들,장편,헝가리,50,185784643,23148,124303343,14951,드라마,청소년관람불가,19339.633599197205,2016,2,해외,64.58873336789355
노무현과 바보들,장편,한국,366,175757640,23133,49154390,5971,다큐멘터리,12세이상관람가,18307.71562452638,2019,4,국내,25.811611118315824
윈드랜드,장편,이탈리아,240,162162200,23084,19998300,2605,애니메이션,전체관람가,16927.408124962163,2015,4,해외,11.284872639057356
로건 럭키,장편,미국,257,178325100,23058,67172500,8429,코미디,12세이상관람가,18635.572735908507,2018,3,해외,36.55564229334721
꼬마마녀 요요와 네네,장편,일본,90,152193000,23057,34938000,5050,애니메이션,전체관람가,15905.370190481317,2013,12,해외,21.902242269159043
스페이스 침스 - 자톡의 역습 3D,장편,미국,82,213410735,23021,60370000,6205,애니메이션,전체관람가,22337.984229171587,2010,8,해외,26.953651014291296
리틀 뱀파이어,장편,독일,213,164278600,23014,33037500,4370,애니메이션,전체관람가,17200.48875435696,2018,1,해외,18.988441818023812
비정한 도시 감독판,장편,한국,172,161959057,22900,46966557,6411,미스터리,청소년관람불가,17042.04314200032,2012,10,국내,27.995633187772928
거인,장편,한국,77,173034400,22893,95258000,12089,드라마,12세이상관람가,18213.006659056617,2014,11,국내,52.80653474861311
"봄, 눈",장편,한국,118,143518000,22870,60891500,10577,드라마,전체관람가,15121.403848889217,2012,4,국내,46.24836029733275
에이바,장편,미국,515,178670250,22832,57166200,7244,액션,15세이상관람가,18856.461233863276,2020,9,해외,31.72740014015417
프로메어,장편,일본,63,251300275,22788,204376560,18189,애니메이션,15세이상관람가,26572.881838042005,2022,10,해외,79.81832543443917
알렉스 크로스,장편,미국,162,162716000,22771,53849500,7264,액션,청소년관람불가,17218.68811154327,2013,3,해외,31.900223969083484
디트로이트,장편,미국,108,194693700,22770,97893700,11047,스릴러,15세이상관람가,20603.489055034366,2018,5,해외,48.51559068950373
극장판 프리! - 테이크 유어 마크 -,장편,일본,66,134696500,22767,75690500,13391,애니메이션,전체관람가,14256.154939960132,2018,4,해외,58.81758685817191
유리정원,장편,한국,332,160437700,22752,60483700,8044,미스터리,12세이상관람가,16991.775117347028,2017,10,국내,35.355133614627285
슈퍼 키드 헤일리,장편,노르웨이,176,205574221,22748,56399250,6170,애니메이션,전체관람가,21775.961344940162,2023,7,해외,27.123263583611745
45년 후,장편,영국,45,176524818,22745,112178518,13747,드라마,15세이상관람가,18701.297306173474,2016,5,해외,60.43965706748736
애비규환,장편,한국,453,206731300,22729,96040940,9985,드라마,12세이상관람가,21916.833597755005,2020,11,국내,43.930661269743496
라이스보이 슬립스,장편,캐나다,250,200250622,22716,129006878,14368,가족,15세이상관람가,21241.92724410585,2023,4,해외,63.25057228385279
윌리,장편,말레이시아,162,178555800,22716,38075600,4639,애니메이션,전체관람가,18940.611892896468,2018,10,해외,20.421729177672127
화이트 버드,장편,미국,198,169477900,22696,65989600,9057,드라마,12세이상관람가,17993.50026117866,2025,3,해외,39.90571025731406
펭이와 친구들의 남극대모험,장편,중국,233,168968800,22695,28336900,3644,애니메이션,전체관람가,17940.23947740732,2018,2,해외,16.056400088125137
히어로,장편,한국,179,148940000,22617,36886500,5643,가족,전체관람가,15868.221526509275,2013,10,국내,24.95025865499403
레이디 맥베스,장편,영국,53,174436800,22613,105541200,13220,드라마,청소년관람불가,18587.964381294692,2017,8,해외,58.46194666784593
지상의 별처럼,장편,인도,20,146480500,22612,99318500,14368,드라마,전체관람가,15609.634717891555,2012,9,해외,63.541482398726345
피나,장편,독일,4,419352000,22600,374054000,20091,다큐멘터리,전체관람가,44711.802964068665,2012,8,해외,88.89823008849558
철벽선생,장편,일본,182,187345700,22562,60562600,7125,멜로/로맨스,12세이상관람가,20008.6615409426,2019,3,해외,31.57964719439766
피아니스트 세이모어의 뉴욕 소네트,장편,미국,18,183213700,22466,159472700,18957,다큐멘터리,전체관람가,19650.974591859827,2016,4,해외,84.38084216148847
프로스트 VS 닉슨,장편,미국,76,150586369,22464,72660500,10346,드라마,12세이상관람가,16152.898881852194,2009,3,해외,46.055911680911684
송 투 송,장편,미국,97,171942900,22453,102657600,12910,드라마,청소년관람불가,18452.778736198077,2017,7,해외,57.497884469781326
미녀와 야수: 마법에 걸린 왕자,장편,러시아,217,202152400,22445,29371600,3519,애니메이션,전체관람가,21702.571479949653,2023,2,해외,15.678324793940742
무명,장편,중국,201,203825737,22443,115847270,12029,스릴러,15세이상관람가,21884.166743165686,2023,4,해외,53.59800383192977
카시오페아,장편,한국,175,194889200,22429,87177700,10157,드라마,12세이상관람가,20937.73820145713,2022,6,국내,45.28512194034509
F20,장편,한국,218,155242500,22412,47500500,6929,스릴러,15세이상관람가,16690.983100705518,2021,10,국내,30.916473317865428
마징가 Z: 인피니티,장편,일본,332,183107900,22407,51639600,6000,애니메이션,12세이상관람가,19691.340001860433,2018,5,해외,26.77734636497523
귀멸의 칼날: 아사쿠사 편,장편,일본,124,231532500,22388,57864900,5546,애니메이션,15세이상관람가,24920.030308835845,2022,8,해외,24.772199392531714
폭락,장편,한국,376,195649820,22386,74430400,8197,드라마,15세이상관람가,21059.829777431893,2025,1,국내,36.616635397123204
극장판 원피스 스탬피드,장편,일본,372,189578960,22375,62663180,7095,애니메이션,전체관람가,20416.39200376927,2020,2,해외,31.70949720670391
스킵트레이스: 합동수사,장편,홍콩,244,163700300,22350,36085800,4671,액션,15세이상관람가,17649.152313953804,2016,8,해외,20.899328859060404
미스터 스마일,장편,미국,56,181726300,22348,118884100,14238,드라마,15세이상관람가,19594.35738299538,2018,12,해외,63.71039914086272
아홉 스님,장편,한국,141,137625200,22330,70632000,13607,드라마,전체관람가,14851.186204738346,2020,5,국내,60.93596059113301
정글비트 2,장편,영국,309,173461020,22308,27516800,3345,애니메이션,전체관람가,18736.702593051064,2026,1,해외,14.994620763851533
메간 2.0,장편,미국,427,209383650,22305,53022250,5264,공포(호러),15세이상관람가,22619.99173560415,2025,7,해외,23.600089665994172
우리가 끝이야,장편,미국,154,169203000,22264,74459800,9779,드라마,15세이상관람가,18312.885029157234,2024,9,해외,43.92292490118577
기동전사 건담 역습의 샤아,장편,일본,138,213334900,22173,98727300,10202,애니메이션,12세이상관람가,23184.052676678846,2025,5,해외,46.0109141748974
엘리제궁의 요리사,장편,프랑스,112,168546500,22173,101654100,12833,코미디,12세이상관람가,18316.697992076548,2015,3,해외,57.87669688359717
스트리머,장편,한국,181,198703100,22111,51737600,5599,공포(호러),15세이상관람가,21654.500049857976,2023,5,국내,25.32223780018995
파워배틀 와치카: 와치가면의 역습,장편,한국,246,153909000,22110,23060800,2968,애니메이션,전체관람가,16773.63456539864,2017,6,국내,13.42379014020805
크로우즈 제로,장편,일본,252,142006500,22097,55009000,8036,스릴러,15세이상관람가,15485.556290419405,2008,7,해외,36.366927637235825
엔들리스 러브,장편,미국,210,165237000,22091,70357900,9238,드라마,15세이상관람가,18023.694979092506,2014,3,해외,41.81793490561767
사이비,장편,한국,76,164274900,22070,105078400,13761,애니메이션,청소년관람불가,17935.801202089737,2013,11,국내,62.3516085183507
드래곤볼 Z : 부활의 F,장편,일본,76,164947600,22025,47206800,6201,애니메이션,전체관람가,18046.04296869658,2015,10,해외,28.154370034052214
까밀 리와인드,장편,프랑스,27,163969000,22006,126533500,16294,드라마,15세이상관람가,17954.468058547012,2013,7,해외,74.04344269744615
너는 내 아들,장편,미국,117,192632908,21989,43748118,4813,드라마,12세이상관람가,21109.449357756643,2023,6,해외,21.88821683569057
아이 캔 온리 이매진,장편,미국,156,181653600,21978,70712300,8605,드라마,12세이상관람가,19916.257988547146,2018,6,해외,39.152789152789154
아이 엠 우먼,장편,호주,494,178046740,21974,77798100,10424,드라마,15세이상관람가,19524.360114527466,2021,1,해외,47.4378811322472
터닝메카드W: 반다인의 비밀 특별판,장편,한국,168,164797700,21947,32933500,4326,애니메이션,전체관람가,18093.720853249422,2018,2,국내,19.71112224905454
천하무적 키코리키,장편,러시아,186,149655900,21889,24159500,3218,애니메이션,전체관람가,16474.78763333291,2014,7,해외,14.701448215998902
원더 휠,장편,미국,140,173610195,21884,119453295,14696,드라마,15세이상관람가,19116.149665376917,2018,1,해외,67.15408517638457
쉘터,장편,미국,174,151944600,21880,50135950,7307,액션,15세이상관람가,16733.618202242244,2026,4,해외,33.39579524680073
DMZ 동물 특공대,장편,한국,201,161867520,21830,32401000,4501,애니메이션,전체관람가,17867.256842302788,2024,2,국내,20.618415025194686
행복 목욕탕,장편,일본,103,168599600,21797,84991400,10441,가족,12세이상관람가,18638.532659794568,2017,3,해외,47.90108730559251
숲속왕국의 꿀벌 여왕,장편,프랑스,372,167524990,21732,26276460,3250,애니메이션,전체관람가,18575.12767802297,2019,3,해외,14.954905208908523
레이드 : 첫번째 습격,장편,인도네시아,120,163320500,21705,58692500,7488,액션,청소년관람불가,18131.461575396264,2012,5,해외,34.49896337249482
남매의 여름밤,장편,한국,133,179994602,21692,118953042,13786,드라마,전체관람가,19994.55709617004,2020,8,국내,63.55338373593952
시크릿 인 데어 아이즈,장편,미국,186,162031200,21692,58132000,7609,미스터리,15세이상관람가,17999.10688299945,2016,4,해외,35.077447907062506
히야,장편,한국,124,173844100,21687,58521200,7007,드라마,12세이상관람가,19315.785760277242,2016,3,국내,32.30967860930512
아스테릭스: 미션 올림픽 게임,장편,프랑스,115,136849632,21678,45546500,6860,코미디,12세이상관람가,15211.650032179647,2009,6,해외,31.644985699787803
"안녕, 나의 소울메이트",장편,홍콩,165,169017300,21659,77131600,9334,드라마,15세이상관람가,18803.75836417372,2017,12,해외,43.09524908813888
인베이젼 2020,장편,러시아,354,179135260,21609,46098440,5411,SF,12세이상관람가,19975.53005301785,2020,7,해외,25.04049238743116
차일드 44,장편,미국,145,168643231,21604,74193331,9219,스릴러,청소년관람불가,18809.907023018943,2015,5,해외,42.672653212368076
내게 남은 사랑을,장편,한국,156,135610600,21599,25564000,3190,드라마,12세이상관람가,15129.058295313762,2017,11,국내,14.769202277883236
카구야 님은 고백받고 싶어 -첫 키스는 끝나지 않아-,장편,일본,107,240958900,21564,79460300,7026,애니메이션,12세이상관람가,26925.610064073768,2023,4,해외,32.58208124652198
미세리코르디아,장편,프랑스,42,213211550,21546,155482650,15064,드라마,청소년관람불가,23844.925790603236,2025,7,해외,69.91552956465237
저니 투 베들레헴,장편,미국,76,202001000,21533,55135700,5707,가족,전체관람가,22604.811108083475,2024,11,해외,26.50350624622672
모나리자와 블러드 문,장편,미국,369,191542710,21515,94076630,10139,판타지,15세이상관람가,21452.41453846994,2023,3,해외,47.125261445503135
무문관,장편,한국,43,164068700,21506,31213800,3805,다큐멘터리,전체관람가,18383.068216322932,2018,4,국내,17.69273691062959
초원의 왕 도제,장편,일본,192,148292600,21424,34910800,4903,애니메이션,전체관람가,16679.03128571043,2014,3,해외,22.885548917102316
뱅드림! 로젤리아 에피소드Ⅰ: 약속,장편,일본,141,193717790,21402,76627110,7735,애니메이션,전체관람가,21810.57169524749,2021,6,해외,36.14148210447622
아마조니아,장편,프랑스,105,150680200,21318,54069000,7131,다큐멘터리,전체관람가,17031.8425404404,2015,8,해외,33.450605122431746
그랑블루 리마스터링 감독판,장편,프랑스,34,162955000,21306,127360000,16279,멜로/로맨스,15세이상관람가,18429.674767784174,2013,7,해외,76.40570731249413
이브 생 로랑,장편,프랑스,53,166422300,21280,112235300,14017,드라마,청소년관람불가,18844.811577135613,2014,6,해외,65.86936090225564
잃어버린 세계를 찾아서,장편,미국,279,161271360,21252,29301900,3641,애니메이션,전체관람가,18285.6054369936,2019,10,해외,17.132505175983436
죄 많은 소녀,장편,한국,70,181560450,21243,116075600,13068,드라마,15세이상관람가,20594.7869999983,2018,9,국내,61.51673492444571
극장판 소드 아트 온라인 -프로그레시브- 짙은 어둠의 스케르초,장편,일본,89,234412900,21241,80502700,7376,애니메이션,12세이상관람가,26592.4561671194,2022,11,해외,34.72529541923638
"지금, 이대로가 좋아요",장편,한국,10,143001910,21212,111479000,16176,드라마,15세이상관람가,16244.715993902066,2009,4,국내,76.25872147840845
고스트캣 앙주,장편,일본,137,187844300,21172,63163000,7069,애니메이션,전체관람가,21379.0320928528,2025,1,해외,33.38843755904024
리즈와 파랑새,장편,일본,214,174140400,21153,75602900,9027,애니메이션,전체관람가,19837.15887518305,2018,10,해외,42.67479790100695
휘트니,장편,미국,80,173620027,21094,118319827,13787,드라마,15세이상관람가,19833.199527987745,2018,8,해외,65.35981795771309
플레이스 비욘드 더 파인즈,장편,미국,30,156138000,21088,82317500,10944,범죄,청소년관람불가,17841.243578258407,2013,8,해외,51.89681335356601
스테이션 7,장편,러시아,239,157001100,21071,57796300,7489,액션,12세이상관람가,17954.340259810062,2017,12,해외,35.54173983199658
그리고 목련이 필때면,장편,한국,98,184197900,21062,61516000,6967,다큐멘터리,12세이상관람가,21073.51445474234,2024,8,국내,33.07853005412591
유고와 라라 : 신비의 숲 어드벤처,장편,중국,167,146859000,21053,29297500,3827,애니메이션,전체관람가,16808.86849540374,2014,10,해외,18.177931886191992
드림쏭2,장편,미국,389,181644014,21025,22719228,2385,애니메이션,전체관람가,20817.90341389339,2023,10,해외,11.343638525564803
워킹맨,장편,미국,173,161947100,20986,50828590,6553,액션,청소년관람불가,18594.96692574166,2025,10,해외,31.225578957400174
다이노 헌터: 티렉스VS파키리노 대격돌,장편,영국,168,169760400,20979,34322200,3993,애니메이션,전체관람가,19498.603594989137,2018,5,해외,19.03331903331903
싸이보그 그녀,장편,한국,112,138415038,20975,65894000,9591,코미디,12세이상관람가,15901.321194192742,2009,5,국내,45.725864123957095
빌리와 용감한 녀석들: 황금 달걀 구조대,장편,멕시코,306,177006635,20973,21465279,2459,애니메이션,전체관람가,20336.71921271124,2023,10,해외,11.724598293043437
태양의 노래,장편,한국,453,183826100,20973,81556900,8837,드라마,12세이상관람가,21120.22399424619,2025,6,국내,42.135126114528205
그랜드 피아노,장편,스페인,95,149337000,20961,59495000,8104,스릴러,15세이상관람가,17167.51074715349,2014,4,해외,38.66227756309336
피렌체,장편,한국,198,181081480,20933,80759720,9294,드라마,12세이상관람가,20844.643178839662,2026,1,국내,44.39879615917451
빈틈없는 사이,장편,한국,291,191595710,20926,76774055,8073,멜로/로맨스,15세이상관람가,22062.33439924277,2023,7,국내,38.578801490968175
리코리쉬 피자,장편,미국,222,210795200,20902,132598540,12970,멜로/로맨스,15세이상관람가,24301.03535373914,2022,2,해외,62.05147832743278
연을 쫓는 아이,장편,미국,28,125941667,20896,73481667,12127,드라마,12세이상관람가,14523.061657041642,2008,3,해외,58.035030627871365
극장판 실바니안 패밀리: 프레야의 선물,장편,일본,197,166577210,20828,46637990,5714,애니메이션,전체관람가,19271.695192523504,2024,5,해외,27.43422316112925
아기기린 자라파,장편,프랑스,87,133077000,20811,36139500,5336,애니메이션,전체관람가,15408.55652681361,2013,2,해외,25.64028638700687
3670,장편,한국,72,215191600,20804,158815200,14691,드라마,15세이상관람가,24924.7248559707,2025,9,국내,70.61622764852913
나쁜 나라,장편,한국,19,139403400,20803,60590000,8452,다큐멘터리,12세이상관람가,16147.277182565767,2015,12,국내,40.628755467961355
콜링 인 러브,장편,미국,68,153395877,20796,51562500,6690,멜로/로맨스,15세이상관람가,17774.02477770285,2010,3,해외,32.169648009232546
유령선,장편,한국,165,181933920,20784,68207300,7684,다큐멘터리,12세이상관람가,21092.907426472637,2020,4,국내,36.9707467282525
스노우 퍼핀즈,장편,스페인,315,172177063,20768,32264595,3816,애니메이션,전체관람가,19977.10367664804,2024,2,해외,18.37442218798151
프린세스 아야,장편,한국,348,162670896,20761,53724900,7120,판타지,전체관람가,18880.500103588576,2022,9,국내,34.29507249169115
워리어,장편,미국,142,150308500,20702,56519500,7423,드라마,15세이상관람가,17495.37033264931,2011,11,해외,35.856438991401795
호밀밭의 반항아,장편,미국,68,171864157,20631,106648757,12433,드라마,12세이상관람가,20073.215006309958,2018,10,해외,60.263680868595806
빼꼼: 미션 투 마스,장편,중국,160,152529750,20620,31364450,4593,애니메이션,전체관람가,17824.518247578093,2024,6,해외,22.274490785645003
날아라 펭귄,장편,한국,45,144886101,20599,92019000,12662,드라마,전체관람가,16948.547742111707,2009,9,국내,61.469003349677166
리노,장편,브라질,322,153622020,20513,24327300,2965,애니메이션,전체관람가,18045.802279952943,2019,3,해외,14.454248525325402
플라이트,장편,미국,79,150391500,20491,84781500,11107,드라마,청소년관람불가,17685.28410651047,2013,2,해외,54.20428480796448
스노우 폭스 : 마법의 돌을 찾아서,장편,미국,180,135877700,20481,19287300,3064,애니메이션,전체관람가,15986.335851682694,2026,1,해외,14.960207021141544
초코초코 대작전,장편,일본,35,120518128,20463,36804500,5956,애니메이션,전체관람가,14191.718111266353,2009,5,해외,29.106191663001514
세기의 매치,장편,미국,187,155570400,20448,72568500,9307,드라마,12세이상관람가,18332.767690480232,2016,1,해외,45.5154538341158
프란츠,장편,프랑스,47,149038100,20437,103884200,13725,멜로/로맨스,12세이상관람가,17572.43978114346,2017,7,해외,67.15760630229485
토너먼트,장편,영국,31,163080429,20427,67732000,8344,액션,청소년관람불가,19237.52333463683,2010,9,해외,40.847897390708376
하얀 차를 탄 여자,장편,한국,364,190461800,20404,66977300,7042,스릴러,15세이상관람가,22492.849264141452,2025,10,국내,34.512840619486376
팬데믹,장편,미국,382,176181960,20355,39518480,4459,스릴러,15세이상관람가,20856.538608376024,2020,7,해외,21.906165561287153
비밀정보원: 인 더 프리즌,장편,영국,200,172588940,20317,64964580,7585,범죄,청소년관람불가,20469.408074785733,2020,4,해외,37.333267706846485
말임씨를 부탁해,장편,한국,197,153832670,20295,40039030,5062,드라마,전체관람가,18264.65299483225,2022,4,국내,24.942103966494212
노멀,장편,미국,133,130735900,20281,53635850,8470,범죄,청소년관람불가,15533.073569362505,2026,4,해외,41.7632266653518
200% 울프: 최강 푸들이 될 거야!,장편,호주,237,151062900,20261,33509700,4853,애니메이션,전체관람가,17965.894474695586,2025,3,해외,23.952420907161542
어크로스 더 유니버스,장편,미국,4,142189500,20259,139635500,19843,멜로/로맨스,15세이상관람가,16912.251404552015,2008,2,해외,97.94659163828422
아무도 없는 곳,장편,한국,374,174220200,20221,88075250,9788,드라마,15세이상관람가,20760.97674909122,2021,3,국내,48.40512338657831
바그다드 카페 : 디렉터스컷,장편,독일,59,147129809,20195,71251809,9202,코미디,15세이상관람가,17555.31865516038,2016,7,해외,45.565734092597175
극장판 총집편 걸즈 밴드 크라이 청춘광주곡,장편,일본,130,198801900,20191,90123970,8607,애니메이션,12세이상관람가,23725.458020482703,2026,1,해외,42.62790352137091
극장판 뛰뛰빵빵 구조대 미션: 둥둥이를 구하라!,장편,한국,91,133926800,20175,29925100,4251,애니메이션,전체관람가,15995.795822695989,2014,8,국내,21.070631970260223
크라임 101,장편,미국,208,144135910,20138,53136140,6940,범죄,15세이상관람가,17246.769579061107,2026,4,해외,34.46221074585361
카드캡터 체리 극장판,장편,일본,162,215018840,20128,86557240,7689,애니메이션,전체관람가,25741.141034727145,2026,5,해외,38.20051669316375
쏘우-여섯번의 기회,장편,미국,52,161215143,20116,50442000,6137,공포(호러),청소년관람불가,19311.504478841995,2010,1,해외,30.508053290912706
추억의 검정고무신,장편,한국,215,162083100,20113,29092500,3247,애니메이션,전체관람가,19418.37054377706,2020,11,국내,16.143787600059664
천안함 프로젝트,장편,한국,33,150123500,20085,88207000,10688,다큐멘터리,12세이상관람가,18010.623524718743,2013,9,국내,53.21384117500622
스틸워터,장편,미국,363,165102500,20079,61417740,7658,범죄,15세이상관람가,19813.603735125773,2021,10,해외,38.139349569201656
미드 90,장편,미국,107,165388288,20069,124925408,14675,드라마,청소년관람불가,19857.790382217496,2019,9,해외,73.12272659325328
완전 소중한 사랑,장편,한국,66,127694500,20063,63710000,9850,드라마,12세이상관람가,15336.569324699485,2013,11,국내,49.09534964860689
난 그녀와 키스했다,장편,프랑스,53,155762798,20056,128464398,16014,코미디,청소년관람불가,18714.202401949242,2015,7,해외,79.84642999601117
파수꾼,장편,한국,20,158207700,20041,119278700,14826,드라마,15세이상관람가,19022.17321959862,2011,3,국내,73.97834439399232
사랑의 침묵,장편,영국,25,131870500,20017,78270000,11380,다큐멘터리,전체관람가,15874.518707291574,2012,10,해외,56.851676075335966
펫 트레인,장편,프랑스,184,151223550,20011,26841850,3944,애니메이션,전체관람가,18209.68949005758,2026,3,해외,19.709159962020887
극장판 어드벤처 타임: 비밀의 아일랜드,장편,미국,125,163679600,19986,42688900,4756,애니메이션,전체관람가,19734.247708335595,2017,4,해외,23.796657660362253
주차금지,장편,한국,135,149176450,19970,39438700,5495,스릴러,15세이상관람가,18000.06636460715,2025,5,국내,27.516274411617424
빌리 진 킹: 세기의 대결,장편,미국,135,158734000,19952,95144100,11760,코미디,15세이상관람가,19170.58772379011,2017,11,해외,58.94145950280674
러브레이스,장편,미국,154,139215138,19933,75665138,10548,드라마,청소년관람불가,16829.286301882392,2013,10,해외,52.91727286409472
60만번의 트라이,장편,한국,76,136608300,19919,63538300,8735,다큐멘터리,12세이상관람가,16525.760655957834,2014,9,국내,43.852603042321405
나의 히어로 아카데미아 더 무비: 두 명의 히어로,장편,일본,85,162979210,19917,67467000,7926,애니메이션,전체관람가,19717.87859375444,2019,5,해외,39.79514987196867
대학살의 신,장편,프랑스,36,147873500,19917,118203000,15476,드라마,15세이상관람가,17890.329203544108,2012,8,해외,77.70246523070745
세상의 끝까지 21일,장편,미국,25,147141500,19897,94873500,12508,드라마,15세이상관람가,17819.662829838733,2013,8,해외,62.86374830376439
"화성아이, 지구아빠",장편,미국,16,128656500,19856,55286000,8309,코미디,전체관람가,15613.198159276915,2008,2,해외,41.84629331184529
치악산,장편,한국,220,175734250,19852,45836100,5319,공포(호러),15세이상관람가,21330.64800001942,2023,9,국내,26.793270199476122
카메라를 멈추면 안 돼!,장편,일본,57,173409766,19846,146671766,16273,공포(호러),15세이상관람가,21054.865354798214,2018,8,해외,81.99637206489973
보이저스,장편,미국,387,166586500,19814,63844510,7539,SF,15세이상관람가,20259.072020392057,2021,5,해외,38.04885434541234
시원찮은 그녀를 위한 육성방법 피날레,장편,일본,71,166987960,19738,75422460,8607,애니메이션,12세이상관람가,20386.0890924118,2020,2,해외,43.60624176714966
슬라이드 스트럼 뮤트,장편,한국,120,171461500,19733,112659500,12807,드라마,15세이상관람가,20937.528047628613,2026,2,국내,64.90143414584706
파괴자들,장편,미국,171,141102068,19716,52745568,7088,액션,청소년관람불가,17245.13000266434,2012,10,해외,35.95049705822682
극장판 전생했더니 슬라임이었던 건에 대하여: 홍련의 인연편,장편,일본,123,202097717,19711,55949481,5114,애니메이션,15세이상관람가,24706.126051565607,2023,2,해외,25.944903860788394
울지마 톤즈 2 : 슈크란 바바,장편,한국,232,144149940,19632,56050880,7366,다큐멘터리,전체관람가,17693.014110230655,2020,1,국내,37.52037489812551
커플 테라피: 대화가 필요해,장편,미국,66,150557480,19623,63972500,7997,코미디,15세이상관람가,18487.953342186975,2010,2,해외,40.75319777811752
더 킹: 헨리 5세,장편,네덜란드,146,150538820,19610,86404880,10703,드라마,청소년관람불가,18497.916602667683,2019,10,해외,54.57929627740948
극장판 가면라이더 이그제이드: 트루 엔딩,장편,일본,326,154121050,19598,34778400,4120,액션,전체관람가,18949.689973282253,2018,10,해외,21.02255332176753
라이프,장편,캐나다,99,155668185,19596,100206485,12230,드라마,15세이상관람가,19141.868761020814,2015,10,해외,62.41069606042049
판타스틱 Mr. 폭스,장편,미국,11,145734874,19590,98208000,13114,애니메이션,전체관람가,17925.8994938406,2009,12,해외,66.94231750893313
딸에 대하여,장편,한국,106,177734780,19589,96958280,10043,드라마,12세이상관람가,21863.11594840232,2024,9,국내,51.268569094900194
웨딩스캔들,장편,한국,121,124977000,19569,16675500,2417,코미디,15세이상관람가,15389.105094300243,2012,9,국내,12.351167663140682
칠드런 오브 맨,장편,영국,56,160639200,19548,85781800,10249,SF,15세이상관람가,19801.637489183253,2016,9,해외,52.429916103949246
탐정 말로,장편,아일랜드,183,142410400,19546,50140400,7043,범죄,15세이상관람가,17556.410025654648,2024,3,해외,36.03294791773253
타로,장편,한국,128,179752600,19529,81885800,8229,공포(호러),청소년관람불가,22179.261364162165,2024,6,국내,42.137334220902254
바다호랑이,장편,한국,165,171304900,19515,93015000,10423,드라마,15세이상관람가,21152.08258090008,2025,6,국내,53.4101972841404
픽시,장편,러시아,268,139428100,19508,24861000,3108,애니메이션,전체관람가,17222.23320182514,2018,8,해외,15.931925363953251
엄마,장편,미국,190,169848800,19485,44159000,5475,스릴러,12세이상관람가,21004.578746085186,2022,5,해외,28.098537336412626
물의 기억,장편,한국,108,111262080,19484,46620480,8631,다큐멘터리,전체관람가,13760.079942022248,2019,5,국내,44.297885444467255
디스커넥트,장편,미국,113,140642204,19460,74815704,9932,드라마,청소년관람불가,17415.050211121983,2013,11,해외,51.03802672147996
B급 며느리,장편,한국,56,152139100,19459,83012200,9976,다큐멘터리,12세이상관람가,18839.62387398404,2018,1,국내,51.26676602086439
스페이스 독 2,장편,러시아,108,121383600,19445,20166800,3075,애니메이션,전체관람가,15041.944068379458,2014,12,해외,15.813833890460272
극장판 피노키오 위대한 모험,장편,헝가리,208,157193034,19426,28781384,3467,애니메이션,전체관람가,19498.527498235504,2023,7,해외,17.847215072583136
"나의 위대한 친구, 세잔",장편,프랑스,49,141170700,19426,93074300,12491,드라마,15세이상관람가,17511.08624759514,2016,12,해외,64.30042211469164
사막에서 연어낚시,장편,영국,92,147212500,19423,83210000,10787,드라마,12세이상관람가,18263.34323547601,2014,10,해외,55.537249652473875
지구공룡대탐험,장편,미국,265,148474640,19419,28476910,3371,애니메이션,전체관람가,18423.719906662027,2019,8,해외,17.35928729594727
테이크다운,장편,영국,138,135780500,19415,45801500,6265,액션,15세이상관람가,16852.01790939188,2013,4,해외,32.26886428019572
립반윙클의 신부,장편,일본,85,156603300,19412,100925800,12163,드라마,15세이상관람가,19439.38540065889,2016,9,해외,62.65711930764476
커터,장편,한국,199,151165500,19405,40502500,5076,범죄,청소년관람불가,18771.1526342422,2016,3,국내,26.15820664777119
마릴린 먼로와 함께한 일주일,장편,영국,81,148370000,19387,100662500,12831,드라마,15세이상관람가,18441.124067114906,2012,2,해외,66.1835250425543
트립 투 이탈리아,장편,영국,51,148342200,19376,102252900,12714,코미디,15세이상관람가,18448.13606200193,2015,6,해외,65.61725846407927
플래닛 테러,장편,미국,111,124562500,19324,53392000,7883,액션,청소년관람불가,15532.529621695227,2008,7,해외,40.79383150486442
트루스,장편,미국,123,151967000,19315,54804500,6786,드라마,15세이상관람가,18958.60948323452,2016,8,해외,35.13331607558892
한산 리덕스,장편,한국,202,169259176,19314,75339081,9100,액션,12세이상관람가,21116.98437115969,2022,11,국내,47.11608159884022
이레셔널 맨,장편,미국,40,155721500,19287,104485500,12496,범죄,청소년관람불가,19455.204548166224,2016,7,해외,64.78975475709026
부니베어: 나무 도둑의 습격,장편,중국,245,129228400,19267,19555800,2415,애니메이션,전체관람가,16162.024961839366,2017,9,해외,12.53438521824882
뱅드림! 필름 라이브,장편,일본,78,166464110,19264,101295320,11077,애니메이션,전체관람가,20822.172827522718,2019,9,해외,57.50103820598007
달팽이의 별,장편,한국,34,132937800,19252,68502300,9309,다큐멘터리,전체관람가,16638.89716355553,2012,3,국내,48.3534178267193
애프터: 관계의 함정,장편,미국,378,167960050,19246,66481170,7841,멜로/로맨스,15세이상관람가,21028.941704675923,2021,10,해외,40.74093318092071
애프터 웨딩 인 뉴욕,장편,영국,169,157346280,19241,91169220,11103,드라마,12세이상관람가,19705.19529393495,2020,4,해외,57.7049009926719
만천과해,장편,중국,95,148549800,19231,69561100,8503,범죄,15세이상관람가,18613.24555671597,2024,7,해외,44.215069419166966
컴패니언,장편,미국,327,187671700,19222,93531400,9422,스릴러,청소년관람불가,23526.21807592455,2025,3,해외,49.016751638747266
레토,장편,러시아,112,166459680,19221,112538880,12338,드라마,15세이상관람가,20868.19950317894,2019,1,해외,64.19020862598201
엘 시크레토 : 비밀의 눈동자,장편,아르헨티나,10,144060033,19214,120653000,15892,드라마,15세이상관람가,18066.649819847727,2010,11,해외,82.71052357655876
오픈 더 도어,장편,한국,213,160931400,19202,72411900,8260,미스터리,15세이상관람가,20195.11019810938,2023,10,국내,43.016352463285074
새벽의 모든,장편,일본,118,178360300,19160,108368000,11207,드라마,전체관람가,22431.307694242525,2024,9,해외,58.49164926931106
청춘 돼지는 책가방 소녀의 꿈을 꾸지 않는다,장편,일본,84,180312331,19156,68000191,6630,애니메이션,12세이상관람가,22681.53813835421,2024,2,해외,34.61056588014199
"괜찮아, 앨리스",장편,한국,99,171025000,19145,39054600,4110,다큐멘터리,전체관람가,21525.642921647413,2024,11,국내,21.467746147819273
블라인드,장편,네덜란드,239,165291800,19142,62574200,7190,드라마,15세이상관람가,20807.30822149742,2021,1,해외,37.561383345522934
에코,장편,미국,154,138735100,19142,42816200,5670,SF,전체관람가,17464.290344955207,2014,10,해외,29.620729286385956
부도리의 꿈,장편,일본,117,123582500,18940,33420500,4718,애니메이션,전체관람가,15722.764341420594,2013,1,해외,24.91024287222809
비욘드 유토피아,장편,미국,158,180588099,18936,73535206,7559,다큐멘터리,12세이상관람가,22980.146059523264,2024,1,해외,39.91867342627799
슈퍼처방전,장편,프랑스,144,140161000,18919,60681400,8042,코미디,12세이상관람가,17851.75481778056,2014,12,해외,42.50753211057667
내겐 너무 사랑스러운 그녀,장편,미국,20,95680000,18883,44250000,8186,코미디,15세관람가,12209.618009186563,2008,3,해외,43.35116242122544
써니데이,장편,한국,349,162115600,18881,69521900,7693,드라마,12세이상관람가,20689.582119591127,2025,2,국내,40.74466394788412
상실의 시대,장편,일본,53,144737800,18872,95539300,12282,드라마,청소년관람불가,18480.594697569424,2011,4,해외,65.08054260279779
어제 일은 모두 괜찮아,장편,한국,87,134969280,18851,70499940,9783,드라마,15세이상관람가,17252.516085241718,2019,11,국내,51.89645111665163
토마스와 친구들 - 극장판 3,장편,영국,110,130641500,18845,50024500,7122,애니메이션,전체관람가,16704.632272789753,2011,5,해외,37.79251790925975
"1초 앞, 1초 뒤",장편,일본,266,164663939,18817,82818812,9388,멜로/로맨스,전체관람가,21086.2823990867,2024,6,해외,49.89105596003614
누구에게나 찬란한,장편,한국,51,126378400,18804,44236000,5764,다큐멘터리,전체관람가,16194.75989471607,2014,11,국내,30.65305254201234
프란치스코,장편,스페인,184,131126849,18799,51031100,6934,드라마,12세이상관람가,16807.71907247053,2016,3,해외,36.88494068833448
여행자,장편,한국,59,135668849,18797,74905100,10229,드라마,12세이상관람가,17391.758746429034,2009,10,국내,54.4182582326967
돼지의 왕,장편,한국,22,144815800,18769,106865300,13218,애니메이션,청소년관람불가,18592.025943830733,2011,11,국내,70.42463636847994
우리에게는 아직 내일이 있다,장편,이탈리아,84,162490840,18758,93748100,9858,드라마,12세이상관람가,20873.45094205589,2026,3,해외,52.55357714042008
슬립리스: 크리미널 나이트,장편,미국,158,146025800,18740,48349500,6136,액션,15세이상관람가,18776.381941854936,2017,3,해외,32.74279615795091
드라이브,장편,미국,76,144975500,18715,76691500,9698,액션,청소년관람불가,18666.233193527518,2011,11,해외,51.81939620625167
로렌스 애니웨이,장편,캐나다,27,149119856,18705,125833856,15173,멜로/로맨스,15세이상관람가,19210.101802559075,2013,12,해외,81.11734830259289
바커스: 슈퍼스타가 될 거야,장편,러시아,173,132211200,18689,21764200,3404,애니메이션,전체관람가,17046.455391903106,2024,6,해외,18.213922628284017
더 로즈: 완벽한 이혼,장편,미국,171,174564720,18670,84267060,8474,코미디,15세이상관람가,22530.14887616884,2025,9,해외,45.38832351365827
미스 스티븐스,장편,미국,64,155547810,18652,97399210,11329,드라마,12세이상관람가,20095.110443920224,2019,5,해외,60.738794767317174
숏버스,장편,미국,51,126613193,18621,60575400,8503,드라마,청소년관람불가,16384.29898100538,2009,3,해외,45.66349820095591
퀸 락 몬트리올 씨네 사운드 버전,장편,영국,6,179577010,18545,141920000,14544,다큐멘터리,전체관람가,23333.280493232025,2009,7,해외,78.42545160420599
방울토마토,장편,한국,83,115388000,18533,36080000,5515,가족,12세이상관람가,15002.61012755495,2008,5,국내,29.757729455565745
프리! 더 파이널 스트로크 후편,장편,일본,83,188961979,18526,92303660,8668,애니메이션,전체관람가,24577.894304195084,2022,6,해외,46.78829752779877
꼬마영웅 바비,장편,중국,317,138398000,18509,23082300,2704,애니메이션,전체관람가,18017.675543060457,2018,5,해외,14.609109082068183
나는 여기에 있다,장편,한국,122,143076700,18504,28697800,3457,범죄,15세이상관람가,18631.816500763107,2023,4,국내,18.682447038478166
체리마호: 30살까지 동정이면 마법사가 될 수 있대,장편,일본,56,164247600,18501,108501300,12654,판타지,12세이상관람가,21392.213901821004,2022,7,해외,68.39630290254581
비기너스,장편,미국,11,146055000,18489,127575500,15843,드라마,15세이상관람가,19035.088919689795,2011,11,해외,85.68878792795716
섬. 사라진 사람들,장편,한국,206,148749900,18485,27016600,3274,스릴러,15세이상관람가,19390.505489635038,2016,3,국내,17.711658101163106
킬 빌: 더 홀 블러디 어페어,장편,미국,97,367537300,18463,175923000,8754,액션,청소년관람불가,47967.938481978614,2026,4,해외,47.4137464117424
너에게 가는 길,장편,한국,56,160073700,18458,117010790,12992,다큐멘터리,12세이상관람가,20897.158903247622,2021,11,국내,70.38682414129374
원 위크,장편,캐나다,17,136477675,18454,86744600,11534,드라마,12세이상관람가,17820.627911015472,2009,9,해외,62.50135471984394
추적,장편,한국,121,170404900,18449,63580600,6842,다큐멘터리,12세이상관람가,22256.719435604635,2025,8,국내,37.08602092254323
그 후,장편,한국,168,140655508,18440,88142308,11110,드라마,청소년관람불가,18380.09408567023,2017,7,국내,60.24945770065075
리얼 페인,장편,미국,284,175998080,18429,98664760,9951,드라마,15세이상관람가,23012.195943140952,2025,1,해외,53.996418687937485
드림빌더,장편,기타,327,156030640,18421,52148250,6142,애니메이션,전체관람가,20410.262514691523,2021,2,해외,33.34238097823137
드래곤볼 슈퍼: 슈퍼 히어로,장편,일본,360,200760639,18387,73289048,6358,애니메이션,12세이상관람가,26309.92418032384,2022,9,해외,34.578778484799045
아이 앰 히스 레저,장편,캐나다,139,149648439,18367,104757539,12610,다큐멘터리,12세이상관람가,19632.963913147007,2017,10,해외,68.65574127511297
어쩌면 우린 헤어졌는지 모른다,장편,한국,333,186330566,18354,61924279,5832,드라마,12세이상관람가,24462.750117829935,2023,2,국내,31.775089898659694
다음 침공은 어디?,장편,미국,32,142943700,18342,97281900,12070,다큐멘터리,15세이상관람가,18778.903642046105,2016,9,해외,65.80525569730673
슈가,장편,한국,319,177657000,18340,75318200,7362,드라마,전체관람가,23341.829696101748,2026,1,국내,40.14176663031625
니얼굴,장편,한국,65,163265600,18338,90822200,9613,다큐멘터리,전체관람가,21453.32557189167,2022,6,국내,52.42120187588613
월레스와 그로밋 더 클래식 컬렉션,장편,영국,52,272546500,18337,137690500,9249,애니메이션,전체관람가,35814.93996928982,2024,2,해외,50.439003108469215
비포 : 치즈와 초콜릿을 찾아서,장편,이스라엘,90,123727000,18310,27221000,3697,애니메이션,전체관람가,16282.760753554909,2014,7,해외,20.191152375750956
강철비2 : 정상회담 확장판,장편,한국,126,89922500,18306,28311500,7243,드라마,15세이상관람가,11836.595809656192,2020,9,국내,39.56626242761936
아이들은 즐겁다,장편,한국,445,156107670,18302,49065060,6010,드라마,전체관람가,20553.112241337767,2021,5,국내,32.837941208611085
동백,장편,한국,60,133034770,18272,5308270,1087,드라마,12세이상관람가,17544.095383284453,2021,10,국내,5.948992994746059
무민 더 무비,장편,핀란드,161,132866700,18254,62120300,8013,애니메이션,전체관람가,17539.20909891346,2015,8,해외,43.89722800482086
트와이스랜드,장편,한국,53,153765000,18252,70742500,8086,다큐멘터리,전체관람가,20300.135453054823,2018,12,국내,44.3019943019943
쿼바디스,장편,한국,15,136837500,18248,90880200,11572,다큐멘터리,12세이상관람가,18069.318043766474,2014,12,국내,63.415168785620345
신서유기 : 몽키킹의 부활,장편,중국,212,129357400,18247,24143100,3109,액션,전체관람가,17082.511005275006,2017,11,해외,17.03841727407245
스페이스 잼: 새로운 시대,장편,미국,521,165586380,18241,38954950,3943,애니메이션,전체관람가,21873.983076651766,2021,7,해외,21.616139466038046
두 검사,장편,프랑스,51,169025610,18222,110716430,10922,기타,15세이상관람가,22351.58744956778,2026,4,해외,59.938535835802874
액슬,장편,미국,149,153698800,18219,53990600,6197,액션,12세이상관람가,20328.149416371234,2018,10,해외,34.01394148965366
택스 콜렉터,장편,미국,372,138525250,18197,67039760,9579,액션,청소년관람불가,18343.45129046162,2020,11,해외,52.640545144804086
레인,장편,프랑스,18,128699057,18186,111501200,15560,코미디,12세이상관람가,17052.579436850006,2009,7,해외,85.56032112614099
은혼,장편,일본,137,147645500,18172,66639300,8053,액션,12세이상관람가,19578.04804956122,2017,12,해외,44.315430332379485
스페이스 치킨: 마법 부적의 비밀,장편,미국,273,124899500,18169,14470000,1870,애니메이션,전체관람가,16564.623842941804,2018,10,해외,10.292256040508558
이디야와 얼음왕국의 전설,장편,캐나다,136,119383200,18157,16968400,2492,애니메이션,전체관람가,15843.49625190192,2014,2,해외,13.724734262267996
이매큘레이트,장편,미국,191,168665912,18142,65718200,7084,공포(호러),15세이상관람가,22402.37483945262,2024,7,해외,39.04751405578216
아기돼지 3형제: 도넛별 대모험,장편,중국,281,149603460,18117,17125000,1928,애니메이션,전체관람가,19897.900593930615,2025,9,해외,10.64193851079097
한경직,장편,한국,7,107099500,18113,93814000,16005,다큐멘터리,전체관람가,14247.83770426486,2012,9,국내,88.36194998067685
프랑스여자,장편,한국,244,129230400,18106,51825160,6765,드라마,15세이상관람가,17198.63880574768,2020,6,국내,37.363304981774
미야자키 하야오: 자연의 영혼,장편,프랑스,220,147879500,18061,65474100,7881,다큐멘터리,전체관람가,19729.59108456416,2025,5,해외,43.63545761585737
비비안 마이어를 찾아서,장편,미국,36,144671500,18061,113412100,13783,다큐멘터리,전체관람가,19301.590393465784,2015,4,해외,76.31360389790156
하늘과 바다,장편,한국,186,121651444,18059,29049500,4063,드라마,12세이상관람가,16232.128558533375,2009,10,국내,22.498477213577715
리그레션,장편,스페인,143,141042885,18057,61158985,7573,스릴러,15세이상관람가,18821.641108377687,2015,10,해외,41.939414077643015
버스 657,장편,미국,161,143676000,18042,43747600,5394,액션,15세이상관람가,19188.960698130068,2016,1,해외,29.896907216494846
인카네이트,장편,미국,229,142090200,18028,36675100,4446,스릴러,15세이상관람가,18991.902823185355,2017,5,해외,24.66163745285112
초(민망한)능력자들,장편,미국,64,135409000,18023,69446000,8844,코미디,12세이상관람가,18103.90872706829,2011,7,해외,49.07063197026022
본타: 땅콩왕국의 전설,장편,중국,179,127508200,18022,17445700,2283,애니메이션,전체관람가,17048.53371983105,2014,10,해외,12.667850405060483
옐로우버드,장편,프랑스,127,139064300,18020,51695800,6245,애니메이션,전체관람가,18595.71025500448,2015,2,해외,34.65593784683685
비발디와 나,장편,이탈리아,49,158327350,18010,95015600,9866,드라마,12세이상관람가,21183.325194169236,2026,4,해외,54.78067740144365
우견니,장편,중국,143,141195866,17981,44706378,5679,멜로/로맨스,12세이상관람가,18921.69525663971,2024,2,해외,31.58333796785496
캡틴 하록,장편,일본,120,134005500,17977,61451500,7368,애니메이션,12세이상관람가,17962.108209217804,2014,1,해외,40.98570395505368
오즈의 마법사 2,장편,멕시코,142,138541700,17956,35735400,4250,애니메이션,전체관람가,18591.859082576688,2017,5,해외,23.66896858988639
당신자신과 당신의 것,장편,한국,151,145902200,17924,102254900,12015,드라마,청소년관람불가,19614.5707579257,2016,11,국내,67.03302834188797
아마데우스 오리지널 리마스터링,장편,미국,122,162314200,17924,78766900,8330,드라마,12세이상관람가,21820.941431425323,2025,6,해외,46.47400133898683
시뮬런트,장편,미국,265,149988774,17923,54264632,6283,SF,15세이상관람가,20165.080205887436,2023,11,해외,35.05551525972214
퍼펙트,장편,미국,136,116662500,17916,30937000,5427,액션,청소년관람불가,15690.693114050307,2013,9,해외,30.291359678499663
코드: G 주목의 시작,옴니버스,한국,39,97079200,17880,33700700,5945,SF,15세이상관람가,13083.097490633676,2025,12,국내,33.24944071588367
돌핀보이: 푸른 바다의 수호자,장편,독일,222,154909250,17879,19825300,2105,애니메이션,전체관람가,20877.862363936423,2026,6,해외,11.773589126908664
"불량소녀, 너를 응원해!",장편,일본,128,140509000,17875,54003000,6502,드라마,12세이상관람가,18941.309293116523,2016,9,해외,36.374825174825176
원정빌라,장편,한국,164,144071300,17873,38057800,4981,공포(호러),15세이상관람가,19423.69826196747,2024,12,국내,27.86885245901639
"극장판 총집편 걸즈 밴드 크라이 있잖아, 미래.",장편,일본,100,187722730,17847,101384460,9208,애니메이션,12세이상관람가,25345.656284576868,2026,4,해외,51.594105451896674
셰임,장편,영국,34,134649000,17827,94481000,12060,드라마,청소년관람불가,18200.225595262636,2013,5,해외,67.65019352667302
환상의 빛,장편,일본,37,143376800,17823,108719000,12854,드라마,15세이상관람가,19384.293612761096,2016,7,해외,72.12029400213208
이별계약,장편,한국,63,127495500,17797,84869500,11676,멜로/로맨스,12세이상관람가,17262.35164854507,2013,6,국내,65.6065629038602
런닝맨: 라이트&쉐도우,장편,한국,196,152854150,17771,31823650,3777,애니메이션,전체관람가,20726.08480175838,2026,4,국내,21.253727983793823
멜랑콜리아,장편,덴마크,21,131234800,17766,107138300,14312,드라마,15세이상관람가,17799.64166019024,2012,5,해외,80.55836992007205
드라이브 인 타이페이,장편,프랑스,475,157433800,17763,55202800,6102,액션,15세이상관람가,21356.671407806534,2025,4,해외,34.35230535382537
나는 나를 해고하지 않는다,장편,한국,313,135684500,17741,65003470,8483,드라마,12세이상관람가,18429.096579090165,2021,1,국내,47.815793923679614
나라타주,장편,일본,146,151711600,17695,68170700,7720,멜로/로맨스,15세이상관람가,20659.515144500012,2018,3,해외,43.62814354337383
"괜찮아요, 미스터 브래드",장편,미국,135,134945900,17691,90564500,11720,드라마,12세이상관람가,18380.580146599626,2017,9,해외,66.24837487988242
경계선,장편,스웨덴,48,148766880,17676,104554120,11952,판타지,청소년관람불가,20280.290203584198,2019,10,해외,67.61710794297352
로빈슨의 언더워터 어드벤처,장편,러시아,216,125199550,17674,20235100,2488,애니메이션,전체관람가,17069.461505635532,2018,11,해외,14.077175512051602
킹덤,장편,일본,186,140937500,17663,44837000,5614,액션,15세이상관람가,19227.109422801324,2020,4,해외,31.783955160505013
유랑지구,장편,중국,178,147817410,17637,57511830,6707,SF,12세이상관람가,20195.414759907122,2019,4,해외,38.028009298633556
돌멩이,장편,한국,425,146373400,17632,53950130,6044,드라마,12세이상관람가,20003.79922594188,2020,10,국내,34.27858439201452
스톤,장편,한국,148,118376400,17631,70659500,11105,액션,15세이상관람가,16178.568280267575,2014,6,국내,62.98565027508366
어파이어,장편,독일,68,175501791,17626,134201702,12929,드라마,12세이상관람가,23992.731301923908,2023,9,해외,73.35186656076252
미라클 프롬 헤븐,장편,미국,92,119875500,17625,56930000,8027,드라마,전체관람가,16389.028454242503,2016,5,해외,45.54326241134752
이 멋진 세계에 축복을! 붉은 전설,장편,일본,57,152082580,17607,58052740,6519,애니메이션,15세이상관람가,20813.542806427617,2020,2,해외,37.02504685636395
신과 인간,장편,프랑스,1,127147500,17588,117133500,15959,드라마,15세이상관람가,17419.804302495406,2012,1,해외,90.73800318398908
비틀스: 에잇 데이즈 어 위크 – 투어링 이어즈,장편,영국,150,140251925,17563,84223125,10231,드라마,12세이상관람가,19242.52381615513,2016,10,해외,58.25314581791265
전력질주,장편,한국,179,148937800,17551,69277500,7397,드라마,12세이상관람가,20448.194693193607,2025,9,국내,42.145746681100796
킨: 더 비기닝,장편,미국,167,151798300,17543,50368800,5612,미스터리,15세이상관람가,20850.42673115079,2018,10,해외,31.98996750840791
혼스,장편,미국,166,137324715,17535,54987415,6909,판타지,청소년관람불가,18870.99673286817,2014,11,해외,39.40119760479042
더 터닝,장편,미국,294,154197940,17532,55648100,6194,미스터리,15세이상관람가,21193.320853571717,2020,4,해외,35.32968286561716
인 더 하우스,장편,프랑스,25,127454000,17529,105418500,13898,스릴러,15세이상관람가,17520.57004330861,2013,7,해외,79.28575503451424
페르시아어 수업,장편,러시아,40,161719667,17520,126070267,13107,드라마,15세이상관람가,22242.348434835232,2022,12,해외,74.81164383561644
꼬마 보트 토토: 타요 타요 배 타요,장편,노르웨이,276,122959900,17463,16083100,1958,애니메이션,전체관람가,16966.667563571587,2018,7,해외,11.212277386474259
프랑켄슈타인,장편,멕시코,115,167283310,17456,94392340,9603,SF,청소년관람불가,23091.906121277043,2025,10,해외,55.012603116406964
뚜르: 내 생애 최고의 49일,장편,한국,227,126186700,17449,40634300,5129,다큐멘터리,12세이상관람가,17425.889010797044,2017,2,국내,29.39423462662617
세상의 모든 계절,장편,미국,8,135681500,17423,124567500,15675,드라마,12세이상관람가,18765.044681970725,2011,3,해외,89.96728462377317
빌리어네어 보이즈클럽,장편,미국,166,153885800,17410,66349200,7394,드라마,15세이상관람가,21298.63047825997,2019,1,해외,42.469844916714536
터치,장편,한국,95,100685000,17403,24109000,4053,드라마,청소년관람불가,13940.956032369439,2012,11,국내,23.289088088260645
밀리언 웨이즈,장편,미국,194,134249300,17373,52004700,6604,코미디,청소년관람불가,18620.404602349998,2014,6,해외,38.01300869164796
유아 낫 유,장편,미국,103,138505400,17372,76744100,9322,드라마,15세이상관람가,19211.832362838417,2015,1,해외,53.66106378079668
두레소리,장편,한국,132,115794000,17362,49999000,7135,드라마,12세이상관람가,16070.826330318396,2012,5,국내,41.09549591060937
홀리 모터스,장편,프랑스,34,134355400,17348,104188900,12925,드라마,청소년관람불가,18661.97554803026,2013,4,해외,74.50426562139728
걸어도 걸어도,장편,일본,6,121004393,17340,97918000,13806,드라마,전체관람가,16815.273967843692,2009,6,해외,79.61937716262976
도쿄 마블 초콜릿,장편,일본,24,116970118,17327,75398000,11002,애니메이션,전체관람가,16266.849773422773,2009,1,해외,63.4962774860045
스윗 프랑세즈,장편,영국,94,129079300,17324,77867900,10097,멜로/로맨스,15세이상관람가,17953.963162741013,2015,12,해외,58.28330639575155
양과자점 코안도르,장편,일본,9,135988900,17322,120571400,15003,드라마,전체관람가,18917.220666524776,2011,7,해외,86.61240041565638
엘리아스: 바다의 보물을 찾아라!,장편,노르웨이,199,119762600,17305,23991900,3254,애니메이션,전체관람가,16676.36973783606,2014,10,해외,18.803813926610808
사랑을 카피하다,장편,프랑스,13,135572600,17303,115721600,14436,드라마,15세이상관람가,18880.018716720897,2011,5,해외,83.43061896780905
판타스틱 부니베어,장편,중국,302,120340400,17290,16325700,2034,애니메이션,전체관람가,16771.363069397314,2018,3,해외,11.764025448235975
아인,장편,일본,160,135549900,17287,64228200,7981,SF,15세이상관람가,18894.3289790155,2018,2,해외,46.16764042343958
앤젤스 셰어: 천사를 위한 위스키,장편,영국,21,135331671,17257,115788171,14104,코미디,15세이상관람가,18896.703485437374,2013,5,해외,81.72915338703135
싱글맨,장편,미국,25,133456217,17252,113086200,14434,드라마,15세이상관람가,18640.229873819415,2010,5,해외,83.66566195223743
어떤살인,장편,한국,179,137025800,17190,38039500,4646,스릴러,청소년관람불가,19207.833077510742,2015,10,국내,27.027341477603255
마더스,장편,미국,207,148551982,17133,77123442,8576,스릴러,15세이상관람가,20892.814050810142,2024,4,해외,50.05544854958268
바보야,장편,한국,57,91693000,17097,33481500,6290,다큐멘터리,전체관람가,12923.14370660392,2011,4,국내,36.79008013101714
100% 울프: 푸들이 될 순 없어,장편,호주,370,134490620,17089,24462560,2967,애니메이션,전체관람가,18963.882212682434,2020,12,해외,17.362045760430686
더 크로우,장편,프랑스,200,140970300,17088,63934000,7743,액션,청소년관람불가,19878.714295383787,2024,12,해외,45.3125
프린스 챠밍,장편,미국,181,138765300,17066,32489000,4410,애니메이션,전체관람가,19593.004621321335,2023,1,해외,25.8408531583265
룸 쉐어링,장편,한국,122,137501480,17040,55797800,6895,드라마,전체관람가,19444.18236325584,2022,6,국내,40.46361502347418
호비와 쿠우의 어드벤처 : 고래의 노래,장편,일본,54,113444000,17018,34939000,4914,애니메이션,전체관람가,16062.935488575527,2014,6,해외,28.875308496885648
길,장편,한국,54,75398600,17014,10665400,2010,드라마,12세이상관람가,10678.463235804391,2017,5,국내,11.81380039967086
미스터 노바디,장편,캐나다,24,127022500,16969,85755000,11074,판타지,15세이상관람가,18037.498571100954,2013,10,해외,65.26018032883493
프렌즈: 둥지탈출,장편,독일,184,115993260,16955,29356430,3711,애니메이션,전체관람가,16484.920750533838,2019,5,해외,21.887348864641698
영원,장편,미국,124,156489400,16942,83578810,8541,멜로/로맨스,12세이상관람가,22257.283175909874,2026,2,해외,50.413174359579735
프라이버시,장편,영국,165,122664928,16936,55304928,7557,범죄,15세이상관람가,17452.653504902937,2014,3,해외,44.62092583845064
파이널 포트레이트,장편,영국,55,147295066,16933,101755566,11335,드라마,15세이상관람가,20960.719888945732,2018,9,해외,66.94029410027757
우리가 빛이라 상상하는 모든 것,장편,인도,63,159190200,16916,107604000,10882,드라마,15세이상관람가,22676.21443446997,2025,4,해외,64.32962875384251
월플라워,장편,미국,28,120379400,16912,76694900,10529,드라마,15세이상관람가,17151.776453021168,2013,4,해외,62.25756859035004
매직 아워,장편,일본,15,115419500,16907,86289000,12384,코미디,12세이상관람가,16449.94837099626,2008,11,해외,73.24776719701899
컴온 컴온,장편,미국,113,154650500,16876,92637600,9571,드라마,12세이상관람가,22081.761509179643,2022,6,해외,56.713676226593975
하늘이 보내준 딸,장편,인도,107,113583500,16875,36596500,5230,가족,전체관람가,16218.97367246765,2012,4,해외,30.992592592592594
잉투기,장편,한국,94,119852600,16859,66335100,9002,액션,15세이상관람가,17130.40190895857,2013,11,국내,53.395812325760716
명왕성,장편,한국,78,114536500,16828,49686500,7067,드라마,15세이상관람가,16400.73486243524,2013,7,국내,41.9954837176135
본회퍼: 목사.스파이.암살자,장편,미국,70,167614600,16782,63783800,6286,드라마,12세이상관람가,24066.89324333444,2025,4,해외,37.4567989512573
목스박,장편,한국,122,147129705,16776,48049524,5257,액션,15세이상관람가,21133.131237395934,2024,3,국내,31.33643299952313
토니스토리2: 고철왕국의 친구들,장편,독일,268,120931600,16685,16477600,2108,애니메이션,전체관람가,17464.87538406548,2018,6,해외,12.634102487264009
바람의 세월,장편,한국,47,152643844,16682,83949566,8648,다큐멘터리,12세이상관람가,22048.704685665092,2024,4,국내,51.84030691763577
주문은 토끼입니까?? ~디어 마이 시스터~,장편,일본,84,121079000,16655,37499000,4935,애니메이션,전체관람가,17517.65995232808,2018,1,해외,29.630741519063342
몬스터 아카데미,장편,기타,209,141292000,16647,24036700,2773,판타지,전체관람가,20451.892269022028,2022,4,해외,16.65765603412026
여배우는 오늘도,장편,한국,46,137010300,16646,100364500,11662,드라마,15세이상관람가,19833.31137839837,2017,9,국내,70.05887300252313
산타바바라,장편,한국,101,125565919,16626,64686419,8432,멜로/로맨스,15세이상관람가,18198.513143153632,2014,7,국내,50.715746421267895
800,장편,중국,223,141698200,16625,43872500,5010,전쟁,15세이상관람가,20537.83132530121,2020,12,해외,30.13533834586466
호비와 동화나라 대모험,장편,일본,81,115425000,16620,35453000,5053,애니메이션,전체관람가,16734.80927319386,2016,12,해외,30.403128760529484
사마에게,장편,영국,75,133623472,16591,88703032,10369,다큐멘터리,15세이상관람가,19407.16472060262,2020,1,해외,62.49773973841239
롤라,장편,프랑스,24,109318294,16578,79246500,11729,드라마,12세이상관람가,15889.587157896878,2009,1,해외,70.75039208589698
7년-그들이 없는 언론,장편,한국,105,129175200,16577,71790700,8985,다큐멘터리,12세이상관람가,18776.952534757478,2017,1,국내,54.20160463292514
헤이트 발렌타인데이,장편,미국,74,127687241,16566,63328500,7895,멜로/로맨스,12세이상관람가,18572.986767788283,2010,2,해외,47.65785343474587
오드토머스,장편,미국,165,123233800,16555,44567500,5700,액션,15세이상관람가,17937.113600884968,2014,8,해외,34.43068559347629
빌리와 용감한 타이거 킹,장편,말레이시아,241,144779920,16550,18821600,2086,애니메이션,전체관람가,21079.593782986933,2025,9,해외,12.604229607250755
극장판 츠루네: 시작의 한 발,장편,일본,119,150253101,16531,60126134,6118,애니메이션,전체관람가,21901.61908294967,2024,2,해외,37.00925533845502
바니부기: 드래곤 에그를 찾아서,장편,중국,280,122931400,16505,17067300,2117,애니메이션,전체관람가,17947.303299839772,2018,9,해외,12.826416237503787
내 이야기!!,장편,일본,143,141565800,16467,59019100,6908,멜로/로맨스,12세이상관람가,20715.516465570792,2018,4,해외,41.95056780227121
여름정원,장편,일본,79,155353660,16449,92859200,9080,드라마,12세이상관람가,22757.98946286697,2025,8,해외,55.20092406833243
아기곰 보보 구출 대작전,장편,노르웨이,207,117475900,16447,21412600,2679,애니메이션,전체관람가,17211.31256954614,2018,4,해외,16.28868486654101
가구야공주 이야기,장편,일본,77,125582300,16439,54022900,6841,애니메이션,전체관람가,18407.92942437064,2014,6,해외,41.61445343390717
#아이엠히어,장편,프랑스,432,136875710,16404,56913450,7535,멜로/로맨스,12세이상관람가,20106.131916106267,2021,1,해외,45.93391855644965
마돈나,장편,한국,65,127237400,16385,69122300,8631,드라마,청소년관람불가,18712.001500049635,2015,7,국내,52.67622825755264
북스마트,장편,미국,163,108654680,16380,58313810,10235,코미디,15세이상관람가,15984.035776806862,2021,1,해외,62.48473748473749
허블 3D,장편,캐나다,8,120681000,16369,69317000,8994,다큐멘터리,전체관람가,17765.140837036215,2011,5,해외,54.94532347730466
소와 함께 여행하는 법,장편,한국,88,107018251,16356,42909000,6561,드라마,15세이상관람가,15766.403987188667,2010,11,국내,40.11371973587674
이차크의 행복한 바이올린,장편,미국,26,123840650,16345,90041750,11318,다큐멘터리,전체관람가,18257.033026569417,2018,12,해외,69.24441725298256
빅 배드 폭스,장편,프랑스,219,120614100,16340,29164800,3802,애니메이션,전체관람가,17786.804500744718,2017,11,해외,23.268053855569153
모탈 컴뱃 2,장편,미국,365,178717980,16329,55091400,4379,액션,청소년관람불가,26373.06233938141,2026,5,해외,26.81731888051932
김군,장편,한국,73,120816190,16324,61606150,7628,다큐멘터리,12세이상관람가,17834.06943136427,2019,5,국내,46.72874295515805
리스펙트,장편,미국,119,107393800,16312,39903400,5810,드라마,12세이상관람가,15864.409083120121,2021,9,해외,35.617949975478176
생츄어리: 마법의 소원나무,장편,호주,188,133262900,16300,17499450,1981,애니메이션,전체관람가,19700.332618818837,2023,9,해외,12.153374233128835
4월이 되면 그녀는,장편,일본,131,111925000,16283,50338100,7371,멜로/로맨스,12세이상관람가,16563.212871136948,2024,11,해외,45.26807099428852
광대: 소리꾼,장편,한국,116,124110170,16277,54735970,7439,사극,12세이상관람가,18373.20455872763,2022,2,국내,45.70252503532592
리틀 폭스,장편,중국,150,119098500,16204,21834700,2731,애니메이션,전체관람가,17710.709537731276,2016,6,해외,16.853863243643545
순교,장편,한국,5,116019000,16202,22727500,3240,다큐멘터리,전체관람가,17254.897878143856,2015,8,국내,19.997531168991483
링스,장편,미국,123,135470800,16199,31997500,3740,공포(호러),15세이상관람가,20151.593471856435,2017,4,해외,23.0878449286993
예전부터 계속 좋아했어 ~고백실행위원회~,장편,일본,77,120601500,16187,44643000,5755,애니메이션,전체관람가,17953.050231444093,2016,9,해외,35.55322172113424
토마스와 친구들 - 극장판 2,장편,미국,92,114484452,16186,39141500,5228,애니메이션,전체관람가,17043.503607907474,2010,6,해외,32.299518102063516
파티마의 기적,장편,미국,162,129475600,16183,40968000,5267,드라마,12세이상관람가,19278.835666462426,2020,12,해외,32.546499412964216
비밀의 언덕,장편,한국,56,128166793,16170,84109690,9742,기타,전체관람가,19099.29782208612,2023,7,국내,60.24737167594311
초미의 관심사,장편,한국,380,128698360,16137,48236840,5682,드라마,15세이상관람가,19217.731308203627,2020,5,국내,35.211005763153004
위 베어 베어스: 베이비 베어스,장편,미국,300,125617200,16136,27555800,3156,애니메이션,전체관람가,18758.8031849759,2018,5,해외,19.558750619732276
오필리아,장편,미국,117,141669640,16124,79210830,8733,멜로/로맨스,15세이상관람가,21171.70841639941,2021,7,해외,54.1614983874969
카운터페이터,장편,오스트리아,10,106842500,16095,57555000,8387,범죄,15세이상관람가,15995.763108351393,2008,7,해외,52.10935073004038
베이트,장편,호주,59,108522500,16091,36014000,5317,공포(호러),15세이상관람가,16251.320614007833,2013,8,해외,33.04331613945684
호크니,장편,영국,44,134046852,16070,95676652,10993,다큐멘터리,12세이상관람가,20099.842106446948,2019,8,해외,68.40696950840075
셀마,장편,미국,48,117488324,16029,71685524,9357,드라마,12세이상관람가,17662.012301498715,2015,7,해외,58.375444506831364
태풍 클럽,장편,일본,51,158334201,16014,116393323,11172,기타,15세이상관람가,23824.665616380847,2024,6,해외,69.76395653802922
어웨이 프롬 허,장편,캐나다,4,105612657,15997,99610500,14922,멜로/로맨스,12세이상관람가,15908.503476932046,2008,3,해외,93.27998999812465
스파이 게임,장편,영국,203,122840172,15986,55357172,6990,액션,15세이상관람가,18516.22760276688,2017,9,해외,43.725760040035034
헤로니모,장편,한국,68,117270720,15982,57687840,7293,다큐멘터리,전체관람가,17681.144299385,2019,11,국내,45.63258665999249
십계: 구원의 길,장편,브라질,97,104079500,15974,31527000,4524,드라마,전체관람가,15700.136215325809,2017,4,해외,28.32102166019782
매직키드 보보,장편,말레이시아,219,119693200,15968,18904200,2288,애니메이션,전체관람가,18062.20875485912,2017,3,해외,14.32865731462926
호비와 매직 아일랜드,장편,일본,114,114264000,15942,23334000,3058,애니메이션,전체관람가,17271.04125950547,2018,6,해외,19.18203487642705
로마의 휴일,장편,미국,79,141290100,15937,74154700,8325,멜로/로맨스,12세이상관람가,21362.745327800505,2025,8,해외,52.23693292338584
너만 보이는 날,장편,중국,158,140227800,15928,65429950,7279,멜로/로맨스,12세이상관람가,21214.10806460397,2026,6,해외,45.69939728779508
말없는 소녀,장편,아일랜드,52,146047061,15916,104308033,10652,드라마,전체관람가,22111.12270141133,2023,5,해외,66.92636340789143
사랑하고 사랑받고 차고 차이고,장편,일본,155,143259400,15916,61544300,6713,드라마,12세이상관람가,21689.078505527516,2021,6,해외,42.177682834883136
마왕의 딸 이리샤,장편,한국,314,113205980,15894,26419740,3133,애니메이션,전체관람가,17162.796902976195,2019,9,국내,19.71184094626903
극장판 살아남기 시리즈: 인체에서 살아남기,장편,일본,174,149305000,15892,46680000,4792,애니메이션,전체관람가,22638.50266406679,2022,8,해외,30.153536370500884
더 웨이브,장편,노르웨이,140,124772321,15890,38028721,4731,액션,12세이상관람가,18921.09472502976,2016,7,해외,29.77344241661422
아기돼지 3형제와 쿵푸랜드,장편,중국,154,103627100,15885,11042000,1443,애니메이션,전체관람가,15719.474688176691,2018,2,해외,9.084041548630783
어바웃 리키,장편,미국,123,118503900,15867,65677000,8381,드라마,15세이상관람가,17996.569374491726,2015,9,해외,52.82031890086343
나이트 스윔,장편,미국,195,151090300,15857,42618800,4771,공포(호러),12세이상관람가,22959.766163094708,2024,3,해외,30.0876584473734
로코왕국의 전설: 엘프킹을 찾아서,장편,중국,178,105367100,15846,23260900,3008,애니메이션,전체관람가,16022.75820434331,2014,6,해외,18.982708569986116
키즈모노가타리 II : 열혈편,장편,일본,69,122123000,15800,52167000,6573,애니메이션,15세이상관람가,18624.82842763459,2016,10,해외,41.60126582278481
극장판 샤이닝스타:새로운 루나퀸의 탄생!,장편,한국,117,129098700,15785,43398300,5221,애니메이션,전체관람가,19707.393400017558,2019,7,국내,33.075704783021855
행복한 라짜로,장편,이탈리아,35,126086740,15762,92935240,10775,드라마,12세이상관람가,19275.692797837717,2019,6,해외,68.36061413526203
한 남자,장편,일본,161,137970250,15751,75778350,7977,범죄,12세이상관람가,21107.131847815363,2023,8,해외,50.644403529934614
더 스퀘어,장편,스웨덴,43,127041900,15720,87833600,10214,코미디,15세이상관람가,19473.604341028236,2018,8,해외,64.97455470737914
일주일간 친구,장편,중국,142,167503800,15718,114379500,9711,드라마,12세이상관람가,25679.069503615687,2023,9,해외,61.78266955083343
뱅드림! 로젤리아 에피소드 Ⅱ : 송 아이 엠,장편,일본,86,146042240,15698,61636890,6245,애니메이션,전체관람가,22417.442479818626,2021,9,해외,39.78213785195566
웨스턴 리벤지,장편,덴마크,117,119414000,15671,50448100,6374,액션,청소년관람불가,18361.596472034526,2014,10,해외,40.67385616744305
모스트 원티드 맨,장편,영국,27,127325100,15654,90757500,11163,스릴러,청소년관람불가,19599.301768207366,2014,8,해외,71.31084706784209
밥정,장편,한국,182,123204940,15650,76969530,9458,다큐멘터리,전체관람가,18969.928018784405,2020,10,국내,60.43450479233227
와일드 로즈,장편,영국,152,117838040,15650,68407560,8698,드라마,15세이상관람가,18143.583663728397,2019,10,해외,55.57827476038339
킹 오브 프리즘 -샤이니 세븐 스타즈-,장편,일본,43,135322210,15597,95286440,10773,애니메이션,12세이상관람가,20906.431650819475,2019,3,해외,69.07097518753606
마틴 에덴,장편,이탈리아,60,143383430,15593,105415830,11136,드라마,12세이상관람가,22157.52202679763,2020,10,해외,71.41666132238825
일루셔니스트,장편,프랑스,17,121470100,15589,100974100,12654,애니메이션,전체관람가,18775.998213136078,2011,6,해외,81.1726217204439
토일렛,장편,일본,7,116321072,15576,108633000,14355,드라마,전체관람가,17995.103990693126,2010,12,해외,92.16101694915254
히어,장편,미국,144,128794160,15544,60490260,6870,드라마,12세이상관람가,19965.7342700705,2025,2,해외,44.19711785898095
런던 블러바드,장편,미국,131,107401000,15539,56035500,8170,범죄,15세이상관람가,16654.713325274843,2012,9,해외,52.57738593217067
추적,장편,영국,1,100712381,15501,98970500,15206,미스터리,15세이상관람가,15655.79228079339,2008,11,해외,98.09689697438874
이다,장편,폴란드,34,118657345,15493,68830545,8690,드라마,15세이상관람가,18454.87079668315,2015,2,해외,56.08984702768992
라라와 움직이는 비밀의 숲,장편,중국,237,111951960,15484,9605750,1199,애니메이션,전체관람가,17422.09758693778,2019,8,해외,7.743477137690519
마담 웹,장편,미국,648,142360617,15454,39605386,4034,액션,12세이상관람가,22197.33605055657,2024,3,해외,26.10327423320823
파리의 딜릴리,장편,프랑스,36,130301587,15440,103665107,12061,애니메이션,전체관람가,20335.474592671206,2019,5,해외,78.11528497409327
브레이브 언더 파이어,장편,러시아,203,122427400,15435,29972800,4044,액션,12세이상관람가,19112.78154405767,2021,3,해외,26.200194363459673
아메리칸 파이: 19금 동창회,장편,미국,117,113072000,15431,47566500,6164,코미디,청소년관람불가,17656.836925825264,2012,8,해외,39.94556412416564
조,장편,미국,69,127481096,15429,83601216,9788,멜로/로맨스,15세이상관람가,19909.479801375444,2019,7,해외,63.43897854689221
마스터즈 오브 유니버스,장편,미국,214,133302730,15414,50035740,5555,액션,12세이상관람가,20838.93847089409,2026,6,해외,36.03866614765797
아르코,장편,프랑스,233,133477790,15407,67099510,7365,애니메이션,전체관람가,20875.78561145341,2026,3,해외,47.80294671253326
사랑의 하츄핑 특별판,장편,한국,295,142626610,15397,18154450,1741,애니메이션,전체관람가,22321.13907340735,2026,5,국내,11.307397544976293
빛나는 순간,장편,한국,267,129246670,15389,44678770,5033,드라마,12세이상관람가,20237.68659666935,2021,6,국내,32.70517902397817
극장판 요괴워치: 포에버 프렌즈,장편,일본,422,120684750,15386,15573740,1840,애니메이션,전체관람가,18900.72965722242,2020,10,해외,11.958923696867283
볼츠와 블립,장편,한국,61,161329000,15386,43956000,4113,애니메이션,전체관람가,25266.123639233916,2012,2,국내,26.732094111529964
더블패티,장편,한국,265,132609660,15383,58155590,6701,드라마,15세이상관람가,20772.36880956838,2021,2,국내,43.56107391276084
극장판 날아라! 호빵맨 : 바나나섬을 되찾아줘,장편,일본,235,104193000,15382,15614300,2135,애니메이션,전체관람가,16322.160309421277,2014,6,해외,13.879859576127943
할머니가 죽기 전 백만장자가 되는 법,장편,태국,172,114076950,15371,40827850,5617,드라마,전체관람가,17883.300817609128,2024,10,해외,36.54284041376618
배드 지니어스,장편,태국,200,120082336,15319,67369136,8285,스릴러,15세이상관람가,18888.636758667286,2017,11,해외,54.08316469743456
아스테릭스: 신들의 전당,장편,프랑스,104,108464000,15315,39258600,5139,애니메이션,전체관람가,17065.559003890194,2015,4,해외,33.55533790401567
힌드의 목소리,장편,프랑스,116,137522310,15311,73464480,7652,드라마,15세이상관람가,21643.201635488465,2026,4,해외,49.97714061785644
빅샤크5: 80일간의 해저일주,장편,중국,172,111197300,15296,19833800,2726,애니메이션,전체관람가,17517.344482532644,2024,7,해외,17.82165271966527
연소일기,장편,홍콩,288,132600720,15293,61247000,7082,드라마,15세이상관람가,20893.206514674406,2024,11,해외,46.30876871771399
프로페서 앤 매드맨,장편,미국,320,129813510,15289,61510030,7187,드라마,15세이상관람가,20459.391624973305,2021,6,해외,47.00765256066453
꼬마 유령,장편,독일,176,110213300,15276,25780300,3466,판타지,전체관람가,17385.06263861416,2015,6,해외,22.6891856506939
캔터빌의 유령,장편,미국,144,125576500,15270,29049200,3532,애니메이션,전체관람가,19816.23941739453,2025,2,해외,23.130320890635232
아이 인 더 스카이,장편,영국,205,116603200,15258,54966300,6999,전쟁,12세이상관람가,18414.704827963054,2016,7,해외,45.87101848210774
쁘띠 마망,장편,프랑스,97,138444540,15252,93476350,9785,드라마,전체관람가,21872.62661977572,2021,10,해외,64.15552058746394
아무도 머물지 않았다,장편,프랑스,26,114641500,15252,82955000,10483,드라마,15세이상관람가,18112.0232306093,2013,12,해외,68.7319695777603
스톤,장편,미국,77,116295000,15241,51204000,6305,드라마,청소년관람불가,18386.517660432426,2011,10,해외,41.36867659602388
클로즈 유어 아이즈,장편,스페인,34,145540760,15241,112540300,11096,드라마,12세이상관람가,23010.342267963002,2024,11,해외,72.80362180959254
삽질,장편,한국,171,120829530,15228,56470760,6741,다큐멘터리,12세이상관람가,19119.74612397581,2019,11,국내,44.26713947990544
석류의 빛깔,장편,소련,59,153256300,15219,103015500,9646,드라마,12세이상관람가,24265.213821974277,2025,11,해외,63.381299691175506
워 위드 그랜파,장편,미국,322,125136310,15214,50128770,6268,코미디,12세이상관람가,19819.460832682646,2021,2,해외,41.19889575391087
해수의 아이,장편,일본,76,139987850,15211,77304740,7749,애니메이션,전체관람가,22176.064721709798,2020,9,해외,50.943396226415096
토마스와 친구들: 잃어버린 왕관,장편,영국,110,110482700,15202,21878400,2803,애니메이션,전체관람가,17512.391362582286,2014,11,해외,18.438363373240364
몬스터 싱어: 매직 인 파리,장편,프랑스,266,128787720,15187,16153400,1683,애니메이션,전체관람가,20434.045922281344,2022,5,해외,11.081846315928097
메리 미,장편,미국,179,99754800,15164,64310500,10969,멜로/로맨스,12세이상관람가,15851.557112120337,2022,3,해외,72.33579530466895
슈퍼 베어,장편,미국,227,106064760,15164,18694400,2334,액션,전체관람가,16854.242610113364,2020,1,해외,15.391717225006596
스턱 인 러브,장편,미국,46,105165000,15147,39313000,5703,코미디,15세이상관람가,16730.021691042246,2014,2,해외,37.651020003961186
텐텐,장편,일본,1,105409500,15135,83095000,11593,코미디,12세이상관람가,16782.21309420039,2008,9,해외,76.59729104724148
캡틴 샤키,장편,독일,175,106383150,15121,21014200,2462,애니메이션,전체관람가,16952.909183191332,2018,11,해외,16.281991931750543
청설,장편,대만,20,112668948,15116,70169500,9358,드라마,전체관람가,17960.534596709145,2010,6,해외,61.90791214607039
호비와 무지개 오아시스 대모험,장편,일본,103,104470000,15101,21292000,2985,애니메이션,전체관람가,16670.08408443389,2017,9,해외,19.766902854115624
램,장편,기타,123,140091110,15095,82947670,8579,공포(호러),15세이상관람가,22362.963879366423,2021,12,해외,56.83338853925141
런어웨이즈,장편,미국,76,111779483,15088,51140000,6708,드라마,청소년관람불가,17851.812818612736,2010,6,해외,44.45917285259809
슈퍼소닉,장편,영국,38,126445600,15074,83961100,9837,다큐멘터리,15세이상관람가,20212.829558914975,2016,11,해외,65.25806023616823
뷰티풀 라이,장편,미국,91,112466200,15050,60091500,7900,드라마,12세이상관람가,18006.836648921268,2015,3,해외,52.49169435215947
호비와 후후의 대모험: 무지개꽃을 구하라,장편,일본,45,97632500,15050,30519000,4385,애니메이션,전체관람가,15631.829644158028,2013,9,해외,29.13621262458472
라이드 : 나에게로의 여행,장편,미국,29,123755700,15039,97098900,11239,드라마,15세이상관람가,19828.878650448594,2015,7,해외,74.732362524104
크리드2,장편,미국,298,122284190,15023,45949660,5556,액션,12세이상관람가,19613.971829540085,2019,2,해외,36.98329228516275
이케아 옷장에서 시작된 특별난 여행,장편,프랑스,71,122340770,15019,78373540,9295,드라마,12세이상관람가,19628.273263504783,2019,7,해외,61.88827485185432
"틱, 틱... 붐!",장편,미국,108,141985100,15019,96395060,10447,드라마,12세이상관람가,22779.996743081254,2021,11,해외,69.55855915839936
행복한 사전,장편,일본,25,117177600,15017,99422500,12484,드라마,전체관람가,18802.401455057763,2014,2,해외,83.13244989012453
창가의 토토,장편,일본,321,134702143,15011,38135007,3981,애니메이션,전체관람가,21623.04157673931,2024,5,해외,26.520551595496634
치코와 리타,장편,스페인,17,119535100,15001,103124600,12495,애니메이션,15세이상관람가,19201.14562643615,2012,1,해외,83.2944470368642
다이 마이 러브,장편,미국,115,128942200,14991,69687200,7539,드라마,청소년관람불가,20726.04205093337,2026,3,해외,50.29017410446268
프렌드 존,장편,태국,104,118749200,14991,45947000,5770,멜로/로맨스,12세이상관람가,19087.62928439795,2019,10,해외,38.489760522980454
고양이를 빌려드립니다,장편,일본,9,115430500,14983,95190000,11976,드라마,12세이상관람가,18564.091512549567,2012,12,해외,79.93058799973302
캡틴 판타스틱,장편,미국,86,114188400,14976,60702800,7649,드라마,15세이상관람가,18372.914735866543,2016,11,해외,51.07505341880342
버진 스노우,장편,프랑스,126,113076354,14964,53829954,7042,미스터리,청소년관람불가,18208.57672872726,2014,12,해외,47.05960973001871
로즈,장편,아일랜드,125,113253541,14955,56567241,7246,멜로/로맨스,15세이상관람가,18248.0841721953,2017,4,해외,48.45202273487128
MB의 추억,장편,한국,5,112375100,14954,78323600,9844,다큐멘터리,15세이상관람가,18107.75534933636,2012,10,국내,65.82854085863315
하나와 미소시루,장편,일본,104,112899538,14925,68959238,8790,가족,전체관람가,18227.61001796129,2016,4,해외,58.89447236180905
사랑이 이긴다,장편,한국,48,114003900,14916,39686100,4988,가족,15세이상관람가,18417.014800957655,2015,9,국내,33.44060069723787
십개월의 미래,장편,한국,158,105627180,14915,60374910,8956,드라마,12세이상관람가,17064.922916607764,2021,10,국내,60.04693261816962
수카바티: 극락축구단,장편,한국,75,137969117,14914,45903217,5039,다큐멘터리,12세이상관람가,22291.518279097345,2024,7,국내,33.787045728845385
토이 가디언즈,장편,중국,136,114322000,14857,26180900,3225,애니메이션,전체관람가,18541.74455106554,2018,3,해외,21.70693948980279
군산: 거위를 노래하다,장편,한국,92,120752500,14848,66099100,7622,드라마,15세이상관람가,19596.570549439137,2018,11,국내,51.333512931034484
카센타,장편,한국,138,112552000,14839,33433340,3842,범죄,15세이상관람가,18276.8137040378,2019,11,국내,25.89123256284116
송 썽 블루,장편,미국,121,113952500,14837,56271400,7150,드라마,12세이상관람가,18506.728944489965,2026,1,해외,48.19033497337737
레드불 T1 다큐멘터리 : 함께 날아오르다,장편,오스트리아,46,294543000,14824,131065000,6612,다큐멘터리,전체관람가,47877.912080052534,2024,9,해외,44.60334592552617
이민자,장편,미국,36,115862023,14807,69433323,8385,드라마,15세이상관람가,18854.973836047913,2015,9,해외,56.628621597892895
극장판 엉덩이 탐정: 텐텐마을의 수수께끼,장편,일본,157,109191540,14799,21351240,2745,애니메이션,전체관람가,17779.048893730203,2020,9,해외,18.54855057774174
"러블리, 스틸",장편,미국,8,116034067,14790,99700500,12662,드라마,12세이상관람가,18904.676230276076,2010,12,해외,85.61189993238675
나쁜놈은 죽는다,장편,중국,138,115698700,14767,25446500,2972,코미디,15세이상관람가,18879.39650523269,2016,2,해외,20.125956524683417
출동! 왕엉덩이 히어로: 털복숭이 꼬리도적단 소탕작전,장편,호주,177,120903100,14756,18960300,2344,애니메이션,전체관람가,19743.343120380683,2025,4,해외,15.885063702900515
"하늘을 나는 강아지, 비포와 친구들",장편,이스라엘,142,99524400,14746,23210300,3072,애니메이션,전체관람가,16263.246393957766,2014,3,해외,20.832768208327682
데드폴,장편,미국,82,101887000,14744,45079000,6658,범죄,청소년관람불가,16651.57646320496,2013,1,해외,45.15735214324471
빅 식,장편,미국,136,118693400,14697,69176100,8390,멜로/로맨스,15세이상관람가,19460.3111363601,2018,7,해외,57.086480234061376
빅풋 주니어2: 패밀리가 떴다,장편,기타,308,121766630,14697,23235840,2601,애니메이션,전체관람가,19964.180871270346,2021,1,해외,17.69748928352725
콜로설,장편,캐나다,305,114967100,14687,47376900,5753,액션,12세이상관람가,18862.20171760782,2017,4,해외,39.17069517260162
돈 워리,장편,미국,55,116449854,14684,79187914,9679,드라마,15세이상관람가,19109.374682057023,2019,7,해외,65.91528193952601
아픈 만큼 사랑한다,장편,한국,121,99333600,14682,36978500,5025,다큐멘터리,전체관람가,16302.824702980291,2019,4,국내,34.225582345729464
안녕?! 오케스트라,장편,한국,49,91780500,14665,59867500,8722,다큐멘터리,전체관람가,15080.65675590189,2013,11,국내,59.47494033412888
침묵의 친구,장편,독일,67,152441220,14652,117479700,10531,드라마,15세이상관람가,25070.17751596065,2026,4,해외,71.87414687414687
엑소시스트: 더 바티칸,장편,미국,134,135422965,14639,43907116,4769,공포(호러),15세이상관람가,22291.167264865187,2023,5,해외,32.57736184165585
마이 선샤인,장편,일본,244,138910100,14632,77949400,7633,드라마,전체관람가,22876.102551265754,2026,1,해외,52.1664844177146
아마데우스 감독판,장편,미국,31,118519400,14628,88887400,10523,드라마,12세이상관람가,19523.442416095884,2015,10,해외,71.93738036642057
"기억해, 우리가 사랑한 시간",장편,중국,178,134122400,14601,51244750,5551,멜로/로맨스,전체관람가,22134.545991651008,2023,10,해외,38.01794397643997
우리가 사랑이라고 믿는 것,장편,영국,44,135121030,14601,102084230,10620,드라마,12세이상관람가,22299.352330216698,2022,2,해외,72.73474419560304
피노키오의 모험,장편,독일,54,105233300,14557,20845200,2769,애니메이션,전체관람가,17419.40076028508,2014,9,해외,19.021776464930962
이번엔 잘 되겠지,장편,한국,48,69923000,14528,20334800,8611,코미디,15세이상관람가,11597.546573961043,2021,7,국내,59.27175110132159
사유리,장편,일본,191,139729100,14513,39186200,4242,공포(호러),15세이상관람가,23199.657307656867,2025,4,해외,29.22896713291532
시민 노무현,장편,한국,174,116930250,14500,54033380,6336,다큐멘터리,12세이상관람가,19431.69921063565,2019,5,국내,43.69655172413793
엘리펀트 송,장편,캐나다,49,113991400,14488,74816800,9027,미스터리,15세이상관람가,18959.005541769508,2015,6,해외,62.30673660960795
모리스,장편,영국,50,120533523,14484,78059423,8874,드라마,15세이상관람가,20052.625248300577,2019,11,해외,61.267605633802816
공정사회,장편,한국,37,97348000,14461,38234500,5377,드라마,청소년관람불가,16221.111539720878,2013,4,국내,37.18276744346864
그랑 메종 파리,장편,일본,141,109036200,14449,52526600,6912,드라마,12세이상관람가,18183.807275610852,2025,8,해외,47.83722056889751
아사코,장편,일본,167,124515619,14441,82586709,9254,드라마,12세이상관람가,20776.790813972602,2019,3,해외,64.08143480368396
부활,장편,한국,83,112596500,14437,35630500,4343,다큐멘터리,전체관람가,18793.161146351704,2020,7,국내,30.08242709704232
어느 하녀의 일기,장편,프랑스,37,110710900,14436,74383400,9274,드라마,청소년관람불가,18479.72104544529,2015,8,해외,64.2421723469105
갬빗,장편,미국,94,95213128,14426,56324128,8253,코미디,15세이상관람가,15903.869686426284,2013,11,해외,57.2092056009982
춘몽,장편,한국,96,114343700,14423,58604500,7095,드라마,15세이상관람가,19103.306382292674,2016,10,국내,49.19226235873258
커미션,장편,한국,127,98200360,14415,38542660,5065,미스터리,15세이상관람가,16415.357162259865,2025,7,국내,35.137010058966354
무수단,장편,한국,228,112188400,14386,27050200,3369,미스터리,15세이상관람가,18791.42874849879,2016,3,국내,23.41860141804532
커넥트,장편,미국,386,127565260,14374,29122840,3159,공포(호러),15세이상관람가,21384.873290294894,2021,1,해외,21.977181021288438
립세의 사계,장편,폴란드,186,111740240,14364,49902710,6328,애니메이션,15세이상관람가,18745.028568744485,2024,1,해외,44.054580896686154
리틀 보이,장편,미국,143,100778300,14343,29966300,3931,드라마,12세이상관람가,16930.85666237424,2015,12,해외,27.407097538869134
너는 여기에 없었다,장편,프랑스,47,127181450,14336,85128250,9337,드라마,15세이상관람가,21377.04557067556,2018,10,해외,65.12974330357143
더 문,장편,영국,46,103466465,14331,49848500,6671,SF,12세이상관람가,17397.026246077046,2009,11,해외,46.54943828065034
유희왕,장편,일본,64,95399816,14329,30159000,4290,애니메이션,전체관람가,16042.925165663703,2010,1,해외,29.939283969572195
터치 오브 라이트,장편,대만,128,94716000,14323,59967000,9098,드라마,전체관람가,15934.603456064011,2013,3,해외,63.52021224603784
브링 홈: 아버지의 땅,장편,한국,36,111180200,14289,68202000,8502,다큐멘터리,전체관람가,18748.974482856895,2016,9,국내,59.500314927566656
수영장으로 간 남자들,장편,프랑스,79,115372096,14285,78520576,9157,코미디,15세이상관람가,19461.3266084991,2019,7,해외,64.10220511025551
호두까기 인형과 마술피리,장편,러시아,258,120485050,14285,24625100,2876,애니메이션,전체관람가,20323.795707857684,2024,10,해외,20.133006650332515
마이 뉴욕 다이어리,장편,캐나다,180,113072030,14275,63690360,8498,드라마,12세이상관람가,19086.705631633366,2021,12,해외,59.530647985989496
퍼스트 카우,장편,미국,38,130955380,14265,96759780,10304,드라마,12세이상관람가,22120.934632325305,2021,11,해외,72.23273746933053
렌탈 패밀리: 가족을 빌려드립니다,장편,미국,186,129383540,14263,72499680,7662,드라마,12세이상관람가,21858.48462911451,2026,2,해외,53.719413868050204
유니콘 원정대: 비밀의 다이어리,장편,인도,235,109649600,14261,16130900,1979,애니메이션,전체관람가,18527.165248892634,2018,6,해외,13.877007222494916
라스트 홈,장편,미국,163,109954000,14241,54577800,6928,드라마,15세이상관람가,18604.690512629833,2016,4,해외,48.64826908222737
개구리왕국 2,장편,중국,171,99741700,14236,17001300,2131,애니메이션,전체관람가,16882.652836690962,2017,3,해외,14.969092441697107
하나와 앨리스: 살인사건,장편,일본,67,112007100,14226,59834800,7437,애니메이션,12세이상관람가,18972.067095882474,2015,5,해외,52.27752003374104
양지의 그녀,장편,일본,134,123216580,14224,65305000,7446,멜로/로맨스,12세이상관람가,20873.693875614947,2019,3,해외,52.34814398200225
씰벤져스 : 용감한 바다특공대,장편,미국,121,122085159,14209,28531123,3197,애니메이션,전체관람가,20703.857134499005,2023,9,해외,22.499824055176294
피는 물보다 진하다,장편,한국,78,90700500,14201,31248600,5227,액션,15세이상관람가,15390.143066456376,2022,5,국내,36.80726709386663
짝사랑 세계,장편,일본,150,113760050,14192,46405000,5655,드라마,12세이상관람가,19315.14954972087,2026,6,해외,39.84639233370913
아노말리사,장편,미국,93,115387000,14153,78595500,9486,애니메이션,청소년관람불가,19645.372984909325,2016,3,해외,67.02465908287995
해피 어게인,장편,미국,98,104133900,14134,66054500,8693,드라마,15세이상관람가,17753.29420128512,2018,3,해외,61.50417433139946
듣보인간의 생존신고,장편,한국,93,135764041,14093,65166273,6443,다큐멘터리,전체관람가,23213.103488957604,2023,9,국내,45.71773220747889
중2병이라도 사랑이 하고 싶어! 극장판,장편,일본,32,90261500,14064,36739000,5616,애니메이션,전체관람가,15464.845731047057,2014,2,해외,39.93174061433447
테레즈 라캥,장편,미국,48,106422700,14063,68862800,8788,범죄,청소년관람불가,18235.10210935472,2014,7,해외,62.49022256986419
그레이시 스토리,장편,미국,90,85848000,14043,31779500,4851,드라마,12세이상관람가,14730.659446158916,2008,3,해외,34.54390087588122
더 킬러,장편,미국,78,118471100,14036,63493500,7327,스릴러,15세이상관람가,20338.595762359782,2023,10,해외,52.20148190367626
지옥만세,장편,한국,65,118168259,14029,71462109,7821,어드벤처,12세이상관람가,20296.727690575546,2023,8,국내,55.74880604462186
청춘적니,장편,중국,112,116128670,14012,60872500,7316,멜로/로맨스,12세이상관람가,19970.605229940604,2022,1,해외,52.21238938053098
벨파스트,장편,미국,272,127992070,14002,70985280,7547,드라마,12세이상관람가,22026.46954049594,2022,3,해외,53.89944293672333
킹 오브 프리즘 –샤이니 세븐 스타즈- IV 루이x신x언노운,장편,일본,30,118122030,13993,86071180,9849,애니메이션,15세이상관람가,20340.984605900197,2019,5,해외,70.38519259629815
마이 마이 신코 이야기,장편,일본,31,90892500,13955,28109500,3927,애니메이션,전체관람가,15694.594932938491,2009,12,해외,28.140451451092797
체크 히어로,장편,덴마크,221,101176750,13951,26585980,3286,애니메이션,전체관람가,17475.406608154357,2019,10,해외,23.553867106300626
자객 섭은낭,장편,대만,52,108695700,13938,63270100,7625,사극,12세이상관람가,18791.602051771442,2016,2,해외,54.70655761228297
네이든,장편,영국,49,105900400,13912,62296200,7841,드라마,12세이상관람가,18342.55942689678,2015,6,해외,56.36141460609546
뷰티풀 보이,장편,미국,130,110353198,13906,66158718,8137,드라마,15세이상관람가,19122.056700843357,2019,9,해외,58.514310369624624
보트,장편,한국,51,94173691,13904,50262500,7126,드라마,15세이상관람가,16320.811034702678,2009,5,국내,51.251438434982745
마이펫의 컴백홈 어드벤처,장편,미국,161,95860350,13902,24233400,3600,애니메이션,전체관람가,16615.50821325873,2024,10,해외,25.89555459646094
호스트: 접속금지,장편,영국,148,128187100,13866,33525500,3761,공포(호러),15세이상관람가,22276.401147645534,2021,7,해외,27.123900187509015
뜨거운 피: 디 오리지널,장편,한국,59,111999200,13854,32878000,4180,액션,청소년관람불가,19480.12056889316,2022,5,국내,30.171791540349357
프로즌 그라운드,장편,미국,88,103660500,13853,30913500,4085,스릴러,청소년관람불가,18031.064559979615,2014,2,해외,29.488197502346065
위로공단,장편,한국,34,103598000,13827,75447100,9644,다큐멘터리,15세이상관람가,18054.077886725903,2015,8,국내,69.74759528458813
테이킹 우드스탁,장편,미국,14,104188298,13809,90024000,11756,코미디,청소년관람불가,18180.616971470503,2010,7,해외,85.13288435078572
호비와 엄마나무섬의 비밀,장편,일본,74,94353500,13802,30044000,4250,애니메이션,전체관람가,16472.817803601014,2015,7,해외,30.792638748007533
미어캣의 모험,장편,영국,62,97192628,13797,30779500,4273,다큐멘터리,전체관람가,16974.63967633963,2009,8,해외,30.97050083351453
산이 울다,장편,중국,107,104827700,13791,37604000,4620,드라마,15세이상관람가,18316.066091645243,2016,5,해외,33.500108766586905
1980 사북,장편,한국,40,110831300,13768,52919500,6257,다큐멘터리,12세이상관람가,19397.3978423864,2025,10,국내,45.44596165020337
오글리스: 웰컴 투 냄새 마을,장편,독일,256,114511970,13747,13195800,1441,애니메이션,전체관람가,20072.19450289702,2023,4,해외,10.48228704444606
헤이츠,장편,미국,75,94348000,13747,35434000,4791,스릴러,15세이상관람가,16537.759388466795,2012,12,해외,34.85124027060449
웨이 다운,장편,스페인,309,120956030,13743,40654830,4607,액션,15세이상관람가,21207.910445536785,2021,3,해외,33.52252055591938
류이치 사카모토: 다이어리,장편,일본,127,133198200,13736,83822070,8236,다큐멘터리,전체관람가,23366.301548652387,2026,4,해외,59.95923121723937
너와 사랑한 시간,장편,홍콩,92,94305800,13722,40889800,5943,멜로/로맨스,12세이상관람가,16560.47890732146,2022,11,해외,43.31001311762134
갈릴리 예수,장편,미국,116,120357330,13712,37781630,4166,다큐멘터리,전체관람가,21150.64634266354,2020,11,해외,30.382147024504086
꼬마비행기 피티와 친구들:사막구출 대작전,장편,중국,212,95151000,13710,11260200,1381,애니메이션,전체관람가,16723.524294112995,2018,11,해외,10.072939460247994
류이치 사카모토: 코다,장편,일본,49,116333100,13709,88953400,10230,다큐멘터리,전체관람가,20447.93368528458,2018,6,해외,74.62251075935517
나이팅게일,장편,호주,329,112682610,13702,35213240,4301,스릴러,청소년관람불가,19816.403550268802,2020,12,해외,31.389578163771713
하와이 연가,장편,한국,52,138368500,13698,41461000,3894,드라마,전체관람가,24340.638946499974,2024,10,국내,28.427507665352607
해길랍,장편,기타,223,120957390,13690,56986890,6353,멜로/로맨스,15세이상관람가,21290.25495700846,2021,3,해외,46.406135865595324
극장판 타오르지마 버스터-블랙어썰트의 귀환,장편,한국,259,95196920,13685,13697860,1659,코미디,전체관람가,16762.16066311281,2019,12,국내,12.122762148337596
심야카페: 미씽 허니,장편,한국,174,98978194,13682,48820495,6519,멜로/로맨스,12세이상관람가,17431.784263203965,2022,11,국내,47.646542903084345
토니 에드만,장편,독일,64,109972800,13677,76505000,9187,드라마,청소년관람불가,19375.206463053357,2017,3,해외,67.17116326679827
라방,장편,한국,282,122980128,13647,46259247,5319,스릴러,청소년관람불가,21714.49093803219,2023,6,국내,38.975599032754445
애니멀 킹덤,장편,프랑스,96,127861500,13593,72621600,7253,미스터리,15세이상관람가,22666.07812844847,2025,1,해외,53.35834620760686
오직 사랑뿐,장편,영국,105,106539718,13580,66763118,8093,드라마,12세이상관람가,18904.43387689196,2018,2,해외,59.59499263622975
버티고,장편,한국,298,115864340,13567,59318100,6599,드라마,15세이상관람가,20578.696891198615,2019,10,국내,48.640082553254224
클라라,장편,독일,4,99611500,13557,87765600,11616,드라마,15세이상관람가,17705.075668907095,2010,12,해외,85.68267315777827
키리에의 노래,장편,일본,248,119810743,13556,64390847,6886,드라마,15세이상관람가,21296.885920785535,2023,11,해외,50.79669519032163
헤어드레서,장편,독일,13,106421000,13533,88046500,10899,드라마,15세이상관람가,18948.950312444635,2011,7,해외,80.53646641542895
해피 홀리데이,장편,영국,102,102633800,13529,42765500,5366,코미디,12세이상관람가,18280.017846535822,2015,5,해외,39.66294626358193
피치 퍼펙트,장편,미국,143,90720000,13520,33990000,4972,코미디,15세이상관람가,16168.817280958154,2013,3,해외,36.77514792899409
오마주,장편,한국,133,102534500,13519,65811900,8643,드라마,12세이상관람가,18275.840249822428,2022,5,국내,63.93224350913529
요시노 이발관,장편,일본,7,91911423,13512,79416200,11303,코미디,전체관람가,16390.86060048364,2009,6,해외,83.65156897572528
피막,장편,태국,170,101978400,13484,41048400,5190,코미디,12세이상관람가,18223.9012412748,2014,9,해외,38.49006229605458
용서,장편,한국,4,95444204,13478,66990000,8852,다큐멘터리,12세이상관람가,17063.810189563716,2010,12,국내,65.67740020774596
와와의 학교 가는 날,장편,중국,48,70906800,13477,18812200,2997,드라마,전체관람가,12677.877794475371,2016,10,해외,22.237886770052683
원피스 3D : 밀짚모자 체이스,단편,일본,111,91648500,13475,19565500,2668,애니메이션,전체관람가,16388.850392292734,2012,1,해외,19.799628942486088
"침몰 10년, 제로썸",장편,한국,3,130937700,13475,35805500,3432,다큐멘터리,12세이상관람가,23414.65900708586,2024,11,국내,25.46938775510204
데드데드 데몬즈 디디디디 디스트럭션: 파트2,장편,일본,220,109225460,13446,62911200,7468,애니메이션,15세이상관람가,19574.139485205436,2025,2,해외,55.540681243492486
조이 라이드,장편,미국,225,115023758,13436,55595210,6364,코미디,청소년관람불가,20628.586032130905,2023,8,해외,47.3652872878833
터미네이터 2 : 심판의 날 감독판,장편,미국,47,96779000,13426,44482000,6048,액션,15세이상관람가,17369.46295535187,2013,11,해외,45.04692387904067
임을 위한 행진곡,장편,한국,160,101338200,13424,20317200,2329,드라마,15세이상관람가,18190.437554748194,2018,5,국내,17.34952324195471
데어 윌 비 블러드,장편,미국,6,92687000,13416,87073000,12534,스릴러,15세이상관람가,16647.448470087864,2008,3,해외,93.4257602862254
엔딩스 비기닝스,장편,미국,251,110180880,13401,42567180,5064,드라마,15세이상관람가,19811.663038992774,2020,6,해외,37.78822475934632
베스트 오브 미,장편,미국,118,100915600,13399,44377500,5714,드라마,15세이상관람가,18148.37827314932,2015,6,해외,42.64497350548548
다우트,장편,미국,11,93789787,13377,74276500,10477,드라마,15세이상관람가,16894.63158757479,2009,2,해외,78.320998729162
좋.댓.구,장편,한국,146,118473964,13376,58330946,6483,코미디,15세이상관람가,21342.660834726466,2023,7,국내,48.4674043062201
"알로, 슈티",장편,프랑스,33,107360900,13373,79465800,9634,코미디,12세이상관람가,19345.020852121565,2015,7,해외,72.0406789800344
밀크,장편,미국,31,97068007,13372,74073000,9981,드라마,15세이상관람가,17491.68501706497,2010,2,해외,74.64104098115465
황금시대,장편,중국,58,98582100,13371,55091000,7180,드라마,12세이상관람가,17765.85363216384,2014,10,해외,53.69830229601376
보이,장편,한국,145,112511720,13360,59785400,6708,범죄,15세이상관람가,20292.85765817762,2026,1,국내,50.209580838323355
귀 鬼,옴니버스,한국,30,96385308,13319,31758500,4180,공포(호러),15세이상관람가,17437.777176730047,2010,6,국내,31.383737517831666
토마스와 친구들: 그레이트 레이스,장편,영국,249,98705400,13314,24695000,3097,애니메이션,전체관람가,17864.228432431846,2017,11,해외,23.261228781733514
나이트폴,장편,홍콩,108,99076000,13307,40680500,5303,액션,청소년관람불가,17940.73415477496,2012,9,해외,39.85120613211092
어느 예술가의 마지막 일주일,장편,프랑스,18,93001000,13267,54354500,7218,드라마,15세이상관람가,16891.44457531642,2013,6,해외,54.405668199291476
애비게일,장편,미국,187,113764750,13254,44028250,5224,공포(호러),청소년관람불가,20682.958179481167,2024,5,해외,39.414516372415875
키메라,장편,이탈리아,51,128102969,13246,90020239,8859,드라마,12세이상관람가,23303.7787265626,2024,4,해외,66.88056771855655
봄,장편,한국,112,98566100,13234,53449000,6980,드라마,청소년관람불가,17946.854669698896,2014,11,국내,52.74293486474233
키코리키: 시간여행,장편,러시아,292,95865460,13222,15433300,1920,애니메이션,전체관람가,17470.965696092495,2019,4,해외,14.521252458024506
런치박스,장편,인도,40,99580000,13213,58665300,7554,멜로/로맨스,12세이상관람가,18160.282088012995,2014,4,해외,57.17096798607432
올 이즈 로스트,장편,미국,33,97529000,13196,70416500,9340,드라마,12세이상관람가,17809.157210837897,2013,11,해외,70.7790239466505
파닥파닥,장편,한국,51,87647900,13194,44068900,6513,애니메이션,12세이상관람가,16007.257771422206,2012,7,국내,49.36334697589814
"귀향, 끝나지 않은 이야기",장편,한국,207,95769200,13193,31504500,4236,드라마,15세이상관람가,17491.787813727435,2017,9,국내,32.10793602668082
벤 이즈 백,장편,미국,78,105071865,13192,62589265,7651,드라마,15세이상관람가,19192.329962664488,2019,5,해외,57.99727107337781
유랑지구2,장편,중국,138,101341320,13168,39710983,4954,SF,12세이상관람가,18544.650046113984,2023,5,해외,37.621506682867555
오피셜 시크릿,장편,영국,153,105679300,13163,45343700,5500,스릴러,15세이상관람가,19345.811415532222,2019,11,해외,41.78378789029856
원 모어 찬스,장편,중국,121,81203900,13149,24001900,3893,드라마,12세이상관람가,14881.135310120244,2023,11,해외,29.60681420640353
돌아온다,장편,한국,58,82977300,13130,68832500,10886,드라마,12세이상관람가,15228.126519788217,2017,12,국내,82.90936785986291
블랙버드,장편,미국,135,97711400,13130,46203800,6112,드라마,15세이상관람가,17932.152065994367,2015,1,해외,46.54988575780655
매직 프린세스: 얼음 괴물과 사라진 열쇠의 비밀,장편,러시아,162,107545357,13125,8142167,993,애니메이션,전체관람가,19744.414366035573,2023,12,해외,7.565714285714285
도쿄 리벤저스,장편,일본,216,128177240,13122,51534690,5004,드라마,15세이상관람가,23537.632927686973,2022,1,해외,38.13443072702332
48미터,장편,한국,35,101214000,13118,46252500,5855,드라마,15세이상관람가,18591.946685966308,2013,7,국내,44.633328251257815
퍼스널 쇼퍼,장편,프랑스,79,105300600,13113,72294800,8730,드라마,15세이상관람가,19349.987458412925,2017,2,해외,66.5751544269046
언플랜드,장편,미국,281,112081660,13087,36023570,4208,드라마,15세이상관람가,20636.990078446284,2020,12,해외,32.15404599984718
극장판 유루캠△,장편,일본,84,134129789,13086,51680505,4898,애니메이션,전체관람가,24698.480119469168,2022,10,해외,37.42931377044169
언더 더 씨2,장편,미국,269,92593360,13086,11023340,1432,애니메이션,전체관람가,17050.017585242393,2019,5,해외,10.942992511080545
더 레이디,장편,프랑스,97,96024000,13051,55472500,7199,드라마,15세이상관람가,17729.14968432461,2012,9,해외,55.16052409777028
숀더쉽 더 무비: 꼬마 외계인 룰라!,장편,영국,270,98830340,13046,34431940,4234,애니메이션,전체관람가,18254.284653561357,2020,2,해외,32.454392150850836
열혈검사,장편,중국,107,89337200,13041,32463500,4936,액션,15세이상관람가,16507.197411684927,2025,4,해외,37.84985813971321
런던 프라이드,장편,영국,37,100072200,13035,70174300,8768,코미디,15세이상관람가,18499.25825280408,2017,4,해외,67.265055619486
베네데타,장편,프랑스,157,122446300,13019,66697500,7243,드라마,청소년관람불가,22663.132752224043,2021,12,해외,55.63407327751747
경축! 우리사랑,장편,한국,31,83288000,13016,37559500,5619,드라마,15세이상관람가,15419.020889951942,2008,4,국내,43.169944683466504
작가 미상,장편,독일,55,104603460,13003,75661180,9087,드라마,청소년관람불가,19384.490511457505,2020,2,해외,69.88387295239559
프리! 더 파이널 스트로크 전편,장편,일본,77,127488230,12996,55330050,5315,애니메이션,전체관람가,23638.0851197959,2022,1,해외,40.89719913819636
탐정 키엔: 사라진 머리,장편,베트남,94,141893600,12994,39905600,3827,공포(호러),15세이상관람가,26313.089822735612,2025,6,해외,29.45205479452055
온리 유,장편,중국,111,96822200,12990,50934700,6712,멜로/로맨스,15세이상관람가,17960.4700557426,2015,10,해외,51.670515781370284
공포특급,장편,한국,166,109432400,12986,25736700,3484,공포(호러),15세이상관람가,20305.90868015416,2025,4,국내,26.828892653626983
사랑은 타이핑 중!,장편,프랑스,114,87617561,12983,48112061,7011,멜로/로맨스,15세이상관람가,16261.777171073574,2013,5,해외,54.00138642840637
플랜 75,장편,일본,50,118582066,12969,71860677,7361,드라마,15세이상관람가,22032.532814580092,2024,2,해외,56.75842393399645
별의 정원,장편,한국,210,85603300,12953,19514180,2358,애니메이션,전체관람가,15924.728792418187,2019,7,국내,18.204277001466842
"안녕, 전우치! 도술로봇대결전",장편,한국,173,91427600,12943,20323600,2672,애니메이션,전체관람가,17021.360571700385,2015,10,국내,20.644363748744496
나의 판타스틱 데뷔작,장편,영국,75,80703773,12941,41576500,6484,코미디,12세이상관람가,15027.194412453928,2009,5,해외,50.10431960435824
용순,장편,한국,126,95447200,12901,51672500,6816,드라마,15세이상관람가,17827.552361216047,2017,6,국내,52.83311371211534
줄무늬 파자마를 입은 소년,장편,영국,153,103592750,12885,44291500,5229,드라마,12세이상관람가,19372.998396379466,2026,4,해외,40.58207217694994
사랑하고 있습니까,장편,한국,295,102673840,12878,33305780,4066,판타지,12세이상관람가,19211.589017975926,2020,3,국내,31.57322565615779
헌티드 맨션,장편,미국,187,119461383,12877,53714043,5772,공포(호러),12세이상관람가,22354.488950599323,2023,7,해외,44.82410499339908
아바타 정글의 비밀,장편,중국,162,86145900,12876,15537400,2200,애니메이션,전체관람가,16121.503722251542,2014,3,해외,17.08605156881019
아이 씨 유,장편,영국,113,118153190,12870,45595620,4895,스릴러,15세이상관람가,22121.715767498903,2021,3,해외,38.034188034188034
원스 어게인,장편,미국,28,99349300,12866,72633300,9046,드라마,12세이상관람가,18606.86333082993,2012,1,해외,70.30934245297684
더 킬러스,장편,한국,108,100189100,12846,64248300,7786,드라마,청소년관람불가,18793.36120755793,2024,10,국내,60.61030671026
새 구두를 사야해,장편,일본,25,92332000,12845,67185500,9052,멜로/로맨스,12세이상관람가,17320.883377808626,2013,4,해외,70.47100038925652
세이빙 미스터 뱅크스,장편,미국,56,100274300,12831,50048800,6236,코미디,12세이상관람가,18831.33187414141,2014,4,해외,48.6010443457252
킥 애스 2 : 겁없는 녀석들,장편,미국,152,92028000,12827,45288500,6085,액션,청소년관람불가,17288.08114660247,2013,10,해외,47.43899586809074
트윈스터즈,장편,미국,126,102163500,12804,57406300,7005,다큐멘터리,12세이상관람가,19226.57829066971,2016,3,해외,54.70946579194001
극장판 오버로드 성왕국편,장편,일본,85,127102220,12788,41652500,3978,애니메이션,15세이상관람가,23949.828717434644,2024,11,해외,31.107288082577416
라라걸,장편,호주,187,108684460,12785,60181040,6862,드라마,전체관람가,20484.181858446693,2020,4,해외,53.67227219397732
몰리스 게임,장편,미국,271,98185971,12784,38376771,4724,드라마,15세이상관람가,18506.938454694875,2018,9,해외,36.95244055068836
아유레디?,장편,한국,21,87050500,12767,49108000,6947,다큐멘터리,12세이상관람가,16429.87710220533,2013,9,국내,54.413722879298184
로스트 도터,장편,미국,66,119140200,12761,81111200,8268,드라마,15세이상관람가,22497.047196701547,2022,7,해외,64.79116056735366
우리는 공산당이 싫어요,장편,한국,8,108534600,12750,35827400,4222,다큐멘터리,15세이상관람가,20512.090715804396,2025,5,국내,33.113725490196074
빅 2: 황금열쇠 대소동,장편,인도,257,96947060,12744,20182440,2495,애니메이션,전체관람가,18330.7731869096,2019,10,해외,19.577840552416824
킹 오브 프리즘 올 스타즈 -프리즘 쇼☆베스트10-,장편,일본,55,102699510,12737,69158980,8323,애니메이션,12세이상관람가,19429.119792351474,2020,4,해외,65.34505770589621
1923 간토대학살,장편,한국,29,122911055,12734,76248355,7638,다큐멘터리,12세이상관람가,23258.301937134434,2024,8,국내,59.98115281922413
콰르텟,장편,영국,37,90236000,12717,64225000,8613,코미디,12세이상관람가,17098.069086916195,2013,3,해외,67.72823779193206
아스테릭스: 마법 물약의 비밀,장편,프랑스,166,78814680,12714,10639380,1406,애니메이션,전체관람가,14937.461976267507,2019,12,해외,11.05867547585339
서버비콘,장편,미국,101,106162500,12713,67451000,7834,범죄,15세이상관람가,20122.178322350996,2018,7,해외,61.62196177141509
여덟 개의 산,장편,이탈리아,44,115760728,12706,84191990,8858,드라마,12세이상관람가,21953.526936330243,2023,9,해외,69.71509523059972
가재가 노래하는 곳,장편,미국,264,126610889,12704,60583244,6001,드라마,15세이상관람가,24014.993664835663,2022,11,해외,47.237090680100756
사다코 2,장편,일본,100,92668200,12696,21654300,2919,공포(호러),15세이상관람가,17587.97002755825,2014,3,해외,22.991493383742913
서유기 리턴즈,장편,한국,59,80194000,12696,13435000,2044,코미디,전체관람가,15220.428025903235,2011,2,국내,16.099558916194077
시선,장편,한국,112,90171000,12694,36737200,5149,드라마,12세이상관람가,17116.710104954243,2014,4,국내,40.56247045848432
리플레이,장편,미국,242,103182310,12692,56517660,6934,드라마,12세이상관람가,19589.668475351136,2020,12,해외,54.63283958398991
럼 다이어리,장편,미국,126,91844000,12685,45236000,6058,코미디,청소년관람불가,17446.656947062987,2012,9,해외,47.75719353567205
메이드 인 이태리,장편,영국,124,106797420,12678,57407970,6892,드라마,12세이상관람가,20298.40516823565,2021,11,해외,54.36188673292317
목화솜 피는 날,장편,한국,98,121471147,12673,68227992,6785,드라마,12세이상관람가,23096.469583851067,2024,5,국내,53.53901996370236
티탄,장편,프랑스,92,125658020,12663,84612480,8309,드라마,청소년관람불가,23911.427753182834,2021,12,해외,65.61636263128801
카라바조의 그림자,장편,이탈리아,35,115090260,12642,76686660,7897,드라마,청소년관람불가,21936.87135823789,2025,1,해외,62.46638190159784
극장판 토리코 : 미식신의 스페셜메뉴,장편,일본,38,83206000,12635,19963500,2922,애니메이션,전체관람가,15868.332848608523,2013,11,해외,23.126236644242184
레고:클러치파워의 모험,장편,미국,56,87727863,12631,32830000,4287,애니메이션,전체관람가,16736.001976395808,2010,6,해외,33.94030559733988
미혹,장편,한국,224,99911491,12620,38889797,4808,미스터리,15세이상관람가,19076.9081396903,2022,10,국내,38.098256735340726
옷코는 초등학생 사장님!,장편,일본,155,95118580,12611,34443550,4333,애니메이션,전체관람가,18174.72029104444,2019,2,해외,34.35889302989454
믿음의 승부,장편,미국,3,84681026,12572,61414000,9072,드라마,전체관람가,16230.565149557824,2010,4,해외,72.16035634743875
브로큰 시티,장편,미국,80,90551000,12557,38153000,5216,범죄,15세이상관람가,17376.3781733608,2013,4,해외,41.538584056701445
페어웰,장편,미국,162,104799900,12555,59982100,6948,가족,전체관람가,20113.88924875128,2021,2,해외,55.340501792114694
시인의 사랑,장편,한국,119,97464900,12547,59196400,7243,드라마,15세이상관람가,18718.034647556513,2017,9,국내,57.7269466804814
호두까기 인형: 장난감 왕국 대모험,장편,페루,96,87481400,12542,21877600,2556,애니메이션,전체관람가,16807.41143492804,2016,12,해외,20.379524796683143
플레이,장편,한국,33,90815000,12536,65130000,8656,드라마,전체관람가,17456.23207571832,2011,6,국내,69.04913848117423
그리드맨 유니버스,장편,일본,112,98942580,12510,48410970,6017,애니메이션,12세이상관람가,19058.022016122042,2025,5,해외,48.09752198241407
슈퍼 햄찌,장편,핀란드,209,94640540,12493,23103400,2842,애니메이션,전체관람가,18254.181859913842,2019,9,해외,22.74873929400464
엔딩노트,장편,일본,13,87708500,12491,67874000,9194,드라마,전체관람가,16919.84493895846,2012,11,해외,73.60499559682971
미스터 라잇,장편,미국,92,92430800,12465,26196500,3338,액션,청소년관람불가,17868.015986932085,2016,6,해외,26.778981147212193
코파카바나,장편,프랑스,7,98381000,12462,89059000,11058,드라마,15세이상관람가,19022.841486311157,2011,5,해외,88.73375060182957
동쪽의 에덴 극장판 ① 더 킹오브 에덴,장편,일본,53,84550985,12460,35097500,4985,애니메이션,전체관람가,16351.309249840455,2010,1,해외,40.00802568218298
세인트 아가타,장편,미국,390,109460080,12450,32200220,3603,공포(호러),청소년관람불가,21185.480234189774,2020,3,해외,28.93975903614458
혼자 사는 사람들,장편,한국,159,110800560,12447,63579970,6980,드라마,12세이상관람가,21450.092488536942,2021,5,국내,56.07776974371335
극장판 고래와 나,장편,한국,123,95336260,12433,39823400,4972,다큐멘터리,전체관람가,18477.111534693428,2024,10,국내,39.99034826670956
아직 끝나지 않았다,장편,프랑스,70,101744100,12433,65575700,7651,드라마,15세이상관람가,19719.014399106924,2018,6,해외,61.53784283760959
소나기,장편,한국,151,79482808,12425,21701600,3182,애니메이션,전체관람가,15414.473927904777,2017,8,국내,25.609657947686117
레옹 디 오리지널,장편,프랑스,130,76130900,12403,39190480,6359,액션,청소년관람불가,14790.611288174548,2020,6,해외,51.2698540675643
킹 오브 프리즘 -드라마틱 프리즘.1-,장편,일본,59,141142139,12396,105501673,8704,애니메이션,전체관람가,27436.393978625056,2024,8,해외,70.216198773798
세계를 뒤흔든 43일,장편,한국,35,124787939,12395,45839739,4537,다큐멘터리,전체관람가,24259.284301384647,2023,11,국내,36.60346914078257
와일드라이프,장편,미국,49,98887120,12393,68333140,8270,드라마,15세이상관람가,19227.161854875325,2019,12,해외,66.73121923666586
뱅드림! 팝핀' 드림!,장편,일본,105,121601460,12386,51443710,4935,애니메이션,전체관람가,23656.99711489264,2022,3,해외,39.843371548522526
나의 작은 시인에게,장편,미국,46,99935044,12385,66661644,7755,드라마,15세이상관람가,19443.46668871692,2019,4,해외,62.61606782398063
너는 달밤에 빛나고,장편,일본,178,109578000,12382,39604500,4378,멜로/로맨스,12세이상관람가,21324.77576271813,2020,6,해외,35.35777741883379
업 포 러브,장편,프랑스,64,97231300,12377,66438200,8098,멜로/로맨스,15세이상관람가,18929.650897360145,2016,12,해외,65.42780964692575
공기인형,장편,일본,15,95369439,12371,70156800,8913,드라마,"청소년관람불가,15세이상관람가",18576.176308175065,2010,4,해외,72.04753051491392
하얀리본,장편,독일,2,90595994,12367,87078600,11850,드라마,15세이상관람가,17652.106412226087,2010,7,해외,95.81951968949623
우리 사랑이 향기로 남을 때,장편,한국,173,115424800,12364,40588500,4521,멜로/로맨스,15세이상관람가,22495.31285933121,2023,2,국내,36.56583629893239
은혼 금혼편 온 씨어터,장편,일본,99,123812000,12354,54884200,5384,애니메이션,15세이상관람가,24149.438940804503,2025,3,해외,43.58102638821435
괴인,장편,한국,79,98643852,12343,64184248,7529,드라마,15세이상관람가,19257.55723208804,2023,11,국내,60.99813659564125
불도저에 탄 소녀,장편,한국,203,102995240,12335,56147770,6974,드라마,15세이상관람가,20120.089274813075,2022,4,국내,56.53830563437373
파워 오브 도그,장편,미국,113,111354070,12319,66479670,7391,드라마,15세이상관람가,21781.237132962407,2021,11,해외,59.996752983196686
여름날의 레몬그라스,장편,대만,72,71507100,12312,29989600,5199,멜로/로맨스,12세이상관람가,13994.985791117688,2024,11,해외,42.2270955165692
트루맛쇼,장편,한국,11,93784000,12311,67972500,8428,다큐멘터리,12세이상관람가,18356.392020849216,2011,6,국내,68.45910161644058
인어공주: 마법물약의 비밀,장편,미국,188,105988262,12265,12006917,1348,애니메이션,전체관람가,20822.943531156834,2024,3,해외,10.990623726049735
제로 포커스,장편,일본,76,90753873,12260,37132500,4789,드라마,15세이상관람가,17837.19668232473,2010,3,해외,39.06199021207178
로큰롤 인생,장편,영국,4,78891181,12255,70507000,10901,다큐멘터리,전체관람가,15511.973180359135,2008,11,해외,88.95144838841289
벨라,장편,미국,17,90113866,12250,65814000,8894,드라마,전체관람가,17725.864961888372,2009,10,해외,72.60408163265306
밤의 이야기,장편,프랑스,21,92276000,12249,70957000,9243,애니메이션,전체관람가,18152.649786016464,2012,11,해외,75.4592211609111
피터팬: 후크 선장과 결투의 날,장편,아일랜드,129,92201100,12220,18055500,2267,애니메이션,전체관람가,18180.959517283536,2019,5,해외,18.551554828150575
올 그린스,장편,일본,133,111718050,12186,57039200,5941,드라마,청소년관람불가,22090.933898073832,2026,5,해외,48.75266699491219
걸리버 리턴즈,장편,우크라이나,206,95148587,12162,14617100,1552,애니메이션,전체관람가,18851.64476356338,2022,11,해외,12.761059036342706
시크릿 가든,장편,영국,267,101869660,12137,45906660,5249,드라마,전체관람가,20224.854596767233,2020,8,해외,43.24791958474087
도성풍운 3,장편,홍콩,51,67033500,12135,20172000,3541,코미디,15세이상관람가,13310.795716860024,2016,11,해외,29.180057684384014
특수요원 빼꼼,장편,중국,115,106392400,12122,18980340,1928,애니메이션,전체관람가,21148.921705631303,2022,6,해외,15.904966177198482
더 레이서,장편,기타,146,99539540,12117,53261480,6380,드라마,15세이상관람가,19794.859557069576,2021,2,해외,52.653297020714696
라이드 온,장편,중국,100,101034008,12117,54003026,6533,액션,12세이상관람가,20092.05586893253,2023,5,해외,53.91598580506726
끝이 없는 스칼렛,장편,일본,165,104038200,12111,46346900,5236,애니메이션,12세이상관람가,20699.73229554333,2026,1,해외,43.23342415985468
강변의 무코리타,장편,일본,131,106367426,12109,54426480,5841,드라마,12세이상관람가,21166.65708170862,2023,8,해외,48.236848624989676
타투,장편,한국,133,99263100,12103,31315000,3727,스릴러,청소년관람불가,19762.719389497175,2015,12,국내,30.794018012063123
드림팰리스,장편,한국,75,86112204,12087,48841378,6293,드라마,12세이상관람가,17167.145424587405,2023,5,국내,52.06420120790932
맨데이트: 신이 주신 임무,장편,한국,84,78616000,12087,18421000,2648,스릴러,청소년관람불가,15672.718174759102,2008,10,국내,21.907834863903368
아기 티라노 디보: 초식이지만 괜찮아!,장편,중국,150,91638500,12084,22195500,3130,애니메이션,전체관람가,18273.391480519895,2026,2,해외,25.902019198940746
65,장편,미국,462,121467529,12080,35897008,3420,액션,12세이상관람가,24229.539814888692,2023,4,해외,28.311258278145697
성덕,장편,한국,60,105907892,12078,77074693,8452,다큐멘터리,12세이상관람가,21129.304500665356,2022,9,국내,69.97847325716178
피닉스,장편,독일,54,101760190,12057,72534290,8286,드라마,12세이상관람가,20337.171527613315,2021,7,해외,68.7235630753919
녹야,장편,홍콩,137,95509200,12056,50499700,5914,드라마,15세이상관람가,19089.47002342482,2023,11,해외,49.05441274054413
토마스와 친구들: 블루마운틴 미스터리,장편,영국,49,80186500,12054,34987000,4765,애니메이션,전체관람가,16029.573745454692,2013,10,해외,39.53044632487141
사라의 열쇠,장편,프랑스,13,91385400,12049,69635400,8835,드라마,12세이상관람가,18275.855517680317,2011,8,해외,73.32558718565856
쿵푸 요가,장편,중국,108,91563500,12048,34534000,4403,액션,12세이상관람가,18312.993007888126,2017,3,해외,36.54548472775564
낫아웃,장편,한국,203,91294980,12045,52982670,7428,드라마,15세이상관람가,18263.835916517877,2021,6,국내,61.66874221668742
치치치 치킨의 비밀,장편,중국,156,102686450,12034,21000500,2504,애니메이션,전체관람가,20561.51146050047,2023,8,해외,20.8077114841283
고양이 춤,장편,한국,24,89895300,12033,56694800,7373,다큐멘터리,전체관람가,18001.760219636963,2011,11,국내,61.27316546164714
스코어: 영화음악의 모든 것,장편,미국,34,95563500,12032,77972400,9559,다큐멘터리,전체관람가,19138.422039220713,2017,10,해외,79.44647606382979
디태치먼트,장편,미국,41,91678900,12031,55176400,6993,드라마,청소년관람불가,18361.982549097564,2014,5,해외,58.12484415260577
랜드 오브 마인,장편,덴마크,97,89516900,12026,38545500,4900,드라마,15세이상관람가,17936.41888358356,2017,4,해외,40.74505238649593
막걸리가 알려줄거야,장편,한국,73,110773310,12013,63672029,6505,드라마,전체관람가,22219.56535038849,2024,2,국내,54.149671189544655
오 마이 파파,장편,한국,36,85137600,11999,31087300,4190,다큐멘터리,전체관람가,17097.328391823816,2016,11,국내,34.91957663138595
내가 고백을 하면,장편,한국,37,91430000,11969,65202000,8384,멜로/로맨스,15세이상관람가,18406.98913961469,2012,11,국내,70.04762302615089
래빗 홀,장편,미국,16,93087400,11939,72374400,8976,드라마,15세이상관람가,18787.753409147103,2011,12,해외,75.1821760616467
바이올렛 에버가든 – 영원과 자동 수기 인형 -,장편,일본,62,104091460,11934,43978500,4790,애니메이션,전체관람가,21017.495825433456,2020,3,해외,40.13742249036367
리틀 맨하탄,장편,미국,139,96947500,11909,43690300,5235,멜로/로맨스,전체관람가,19616.12509320176,2018,6,해외,43.958350827105555
엘프,장편,독일,228,100001300,11906,36326410,4325,애니메이션,전체관람가,20239.122119251406,2021,2,해외,36.32622207290442
순례자들은 왜 돌아오지 않는가,장편,한국,138,87811800,11905,43571350,5083,애니메이션,전체관람가,17773.599226810646,2026,6,국내,42.69634607307854
"나의 아픈, 사랑이야기",장편,대만,146,102330800,11899,46452100,5413,멜로/로맨스,12세이상관람가,20722.770061673706,2025,8,해외,45.49121774939071
우리는 매일매일,장편,한국,142,101725850,11899,40954350,4792,멜로/로맨스,12세이상관람가,20600.263057440287,2026,3,국내,40.27229178922598
마티아스와 막심,장편,캐나다,91,106464420,11896,82123420,8651,드라마,15세이상관람가,21565.296829550887,2020,7,해외,72.72192333557499
라스트 레터,장편,일본,160,99599650,11889,58260760,6840,멜로/로맨스,전체관람가,20186.656289553877,2021,2,해외,57.532172596517796
갈매기,장편,미국,43,97698950,11887,68808350,7773,드라마,12세이상관람가,19804.757855346685,2018,12,해외,65.3907630184235
내 친구 정일우,장편,한국,80,75659600,11887,35312300,4823,다큐멘터리,전체관람가,15337.115265132206,2017,10,국내,40.57373601413309
씨민과 나데르의 별거,장편,이란,17,89295500,11879,77775500,9956,드라마,12세이상관람가,18113.46742302149,2011,10,해외,83.81176866739625
케이크메이커,장편,독일,65,96832400,11876,62257600,7108,드라마,15세이상관람가,19647.278910184355,2018,5,해외,59.851801953519704
부기맨,장편,미국,193,126795164,11865,38095363,3503,공포(호러),15세이상관람가,25750.570220198115,2023,6,해외,29.523809523809526
나이트 헌터,장편,캐나다,141,74513100,11849,22878980,3488,액션,15세이상관람가,15153.146979003872,2020,1,해외,29.43708329816862
세기말의 사랑,장편,한국,123,98588958,11831,46183156,5299,드라마,12세이상관람가,20079.769606699978,2024,1,국내,44.78911334629363
페어리테일: 봉황의 무녀,장편,일본,50,79291500,11830,19749500,2825,애니메이션,전체관람가,16150.79082178248,2013,2,해외,23.879966187658493
윈터스 본,장편,미국,11,93445200,11823,58296200,7232,스릴러,청소년관람불가,19045.010287279543,2011,1,해외,61.16890806055992
만남의 집,장편,한국,87,96975600,11814,54382300,6351,드라마,12세이상관람가,19779.595782826582,2025,10,국내,53.75825292026409
시스터,장편,프랑스,19,87788500,11808,64218500,8177,드라마,12세이상관람가,17914.850458745554,2012,8,해외,69.24966124661248
피쉬와 칩스 극장판,장편,호주,158,80252400,11802,19836500,2698,애니메이션,전체관람가,16385.297162212653,2014,3,해외,22.860532113201153
나의 행복한 결혼,장편,일본,109,87057248,11795,39953192,5323,판타지,12세이상관람가,17785.205697737965,2023,10,해외,45.12929207291225
위장수사,장편,몽고,61,112208800,11794,45639800,4537,범죄,15세이상관람가,22925.440953231275,2025,6,해외,38.468712904866884
현기증,장편,한국,71,79449300,11785,29815300,4273,가족,청소년관람불가,16244.72604035148,2014,11,국내,36.257955027577424
결혼하지 않아도 괜찮을까,장편,일본,27,96425500,11782,76693100,9264,드라마,12세이상관람가,19720.811611750007,2015,4,해외,78.62841622814463
겁쟁이 페달: 더 무비,장편,일본,52,83591192,11777,42151324,5933,애니메이션,전체관람가,17103.214658753892,2016,1,해외,50.37785514137726
후레루.,장편,일본,157,89595500,11775,33672200,4627,애니메이션,12세이상관람가,18334.842554933108,2025,6,해외,39.29511677282378
돈 존,장편,미국,49,94451000,11774,55456000,6807,코미디,청소년관람불가,19330.11475151498,2014,1,해외,57.81382707660948
분노의 강,장편,한국,88,100458917,11766,61030200,7000,드라마,12세이상관람가,20573.659656473934,2024,5,국내,59.493455719870816
너의 눈을 들여다보면,장편,프랑스,71,114739505,11750,81779555,7882,드라마,전체관람가,23530.275314022045,2023,6,해외,67.08085106382978
차가운 장미,장편,프랑스,22,90167000,11743,74234500,9362,드라마,15세이상관람가,18502.076089421127,2014,5,해외,79.72409094779869
부릉! 부릉! 브루미즈: 스피더의 모험 일기,장편,한국,194,89425500,11735,25294700,3349,애니메이션,전체관람가,18362.43140435624,2016,12,국내,28.53855986365573
존 레논 비긴즈-노웨어 보이,장편,영국,15,87373085,11728,67514800,8915,드라마,15세이상관람가,17951.70141685432,2010,12,해외,76.01466575716235
미니 자이언트,장편,영국,46,72748500,11703,19327500,2846,애니메이션,전체관람가,14978.859297739536,2016,1,해외,24.318550798940443
몬스터 프렌즈,장편,스페인,180,95476715,11692,20447039,2459,애니메이션,전체관람가,19677.076077144706,2024,4,해외,21.03147451248717
하늘의 푸르름을 아는 사람이여,장편,일본,121,104358500,11688,40768100,4636,애니메이션,12세이상관람가,21514.909741635947,2022,3,해외,39.66461327857632
9월 5일: 위험한 특종,장편,미국,250,114502260,11684,55571300,5359,스릴러,15세이상관람가,23614.26397132522,2025,2,해외,45.86614173228347
출동! 도토리 구조대,장편,미국,260,86682260,11676,21038400,2525,애니메이션,전체관람가,17889.081505879632,2019,3,해외,21.625556697499142
세라핀,장편,프랑스,4,80955534,11674,72720500,10359,전쟁,12세이상관람가,16710.088735961494,2009,6,해외,88.73565187596368
소명 하늘의 별,장편,한국,33,75082000,11666,26749500,3690,다큐멘터리,12세이상관람가,15508.356071293574,2013,3,국내,31.630378878793074
썸니아,장편,미국,200,92785045,11662,28921045,3433,판타지,15세이상관람가,19171.53332933862,2016,5,해외,29.437489281426853
범죄소년,장편,한국,56,81259800,11655,36793800,4969,드라마,15세이상관람가,16800.235691801958,2012,11,국내,42.63406263406264
검은손,장편,한국,178,89815665,11650,19052465,2326,공포(호러),청소년관람불가,18577.10636537567,2015,4,국내,19.965665236051503
"러브, 어게인",장편,미국,177,89873800,11628,43222000,5456,드라마,12세이상관람가,18624.301126072918,2017,11,해외,46.92122463020296
피그,장편,미국,113,106769970,11625,66802570,6790,드라마,12세이상관람가,22131.357947920715,2022,2,해외,58.40860215053764
트립 투 스페인,장편,영국,60,91615317,11596,56662317,6880,코미디,15세이상관람가,19037.581924801656,2018,5,해외,59.330803725422555
트랩,장편,미국,369,109914480,11586,33126380,3299,스릴러,15세이상관람가,22859.845388805352,2024,9,해외,28.474020369411356
나는보리,장편,한국,158,83320360,11579,47516440,6321,가족,전체관람가,17339.317022819665,2020,5,국내,54.59020640815269
페르세폴리스,장편,프랑스,8,78643600,11575,72843500,10600,애니메이션,12세이상관람가,16371.719274506233,2008,5,해외,91.5766738660907
디시에르토,장편,멕시코,119,86697500,11568,26742500,3545,드라마,15세이상관람가,18059.270276125248,2016,10,해외,30.644882434301522
그레텔과 헨젤,장편,캐나다,325,101464540,11564,26507720,2936,판타지,15세이상관람가,21142.586256475228,2020,7,해외,25.389138706329987
주키퍼스 와이프,장편,미국,100,88265946,11557,45397446,5722,드라마,12세이상관람가,18403.480704856287,2017,10,해외,49.51111880245739
최종병기 활 감독확장판,장편,한국,52,86374000,11547,37105500,4711,사극,청소년관람불가,18024.605566980837,2011,10,국내,40.79847579457868
야곱 신부의 편지,장편,핀란드,33,79767000,11546,51748000,7332,드라마,12세이상관람가,16647.292443635622,2012,5,해외,63.50251169236098
지미스 홀,장편,영국,34,85661500,11545,57185000,7258,드라마,12세이상관람가,17879.017151325093,2014,10,해외,62.86704200952793
꼬마돼지 베이브의 바다 대모험,장편,중국,319,97864844,11540,15765793,1813,애니메이션,전체관람가,20434.9134492911,2023,3,해외,15.710571923743503
핫 썸머 나이츠,장편,미국,173,104536350,11526,62955150,6597,드라마,15세이상관람가,21854.487183507586,2018,10,해외,57.23581467985424
더 게스트,장편,스페인,228,101103647,11517,32138997,3615,공포(호러),청소년관람불가,21153.35988392225,2018,9,해외,31.38838239124772
청춘 돼지는 꿈꾸는 소녀의 꿈을 꾸지 않는다,장편,일본,46,95778380,11486,47512630,5405,애니메이션,12세이상관람가,20093.26807491152,2019,8,해외,47.057287132160894
멜리스,장편,한국,141,90914800,11484,19830000,2343,공포(호러),15세이상관람가,19076.26325573978,2016,2,국내,20.402298850574713
슈퍼히어로,장편,페루,74,73535000,11469,25202500,3799,애니메이션,전체관람가,15449.714106228734,2013,7,해외,33.12407358967652
실종,장편,일본,67,105365000,11451,65188900,7257,스릴러,청소년관람불가,22171.99949917564,2022,6,해외,63.37437778359969
한여름밤의 재즈,장편,미국,43,118121789,11446,94586589,8955,다큐멘터리,12세이상관람가,24867.273883231686,2022,9,해외,78.23693866853048
전장의 크리스마스,장편,영국,65,108905920,11435,73981220,7364,드라마,15세이상관람가,22949.182651023857,2024,11,해외,64.39877568867513
오 루시!,장편,미국,114,89905400,11424,72891400,9150,멜로/로맨스,15세이상관람가,18963.543248624752,2018,6,해외,80.09453781512606
토르: 마법 검의 전설,장편,독일,201,89251300,11423,25634300,3827,애니메이션,전체관람가,18827.22345215582,2022,5,해외,33.50258250897312
북극의 눈물,장편,한국,44,76795707,11420,40419000,6216,다큐멘터리,전체관람가,16204.0189479459,2009,10,국내,54.430823117338
황제펭귄 펭이와 솜이,장편,한국,55,81590500,11418,35832000,4843,다큐멘터리,전체관람가,17218.74360289292,2012,8,국내,42.41548432299878
타이치0 3D,장편,홍콩,116,76315000,11414,26837500,3904,코미디,12세이상관람가,16111.053641585795,2013,7,해외,34.20360960224286
걸후드,장편,프랑스,175,98925000,11409,52746500,6282,드라마,12세이상관람가,20893.460774467843,2020,11,해외,55.061793321062325
해피 해피 브레드,장편,일본,9,83452000,11403,62487000,7995,드라마,전체관람가,17634.758978032627,2012,6,해외,70.11312812417785
조난자들,장편,한국,46,87965500,11402,42379800,5210,미스터리,15세이상관람가,18590.164904487272,2014,3,국내,45.693737940712154
살인마 잭의 집,장편,덴마크,68,102246547,11393,74410287,8176,드라마,청소년관람불가,21625.31569268384,2019,2,해외,71.76336346879663
구룡성채: 무법지대,장편,홍콩,134,98093950,11387,45256400,5095,액션,15세이상관람가,20757.9664402759,2024,10,해외,44.744006322999915
프로이트의 라스트 세션,장편,미국,76,100515238,11375,56830638,5983,드라마,15세이상관람가,21292.78178207335,2024,8,해외,52.5978021978022
더 컨트랙터,장편,미국,161,90330780,11365,45063180,6438,액션,15세이상관람가,19152.180388955738,2022,4,해외,56.647602287725476
출동! 소방관 샘: 외계인 대소동,장편,영국,152,81998500,11364,15886550,1810,애니메이션,전체관람가,17387.07734846461,2018,11,해외,15.92749032030975
그들 각자의 영화관,장편,프랑스,10,76259500,11348,60280000,8841,코미디,15세관람가,16192.970684288088,2008,5,해외,77.90800140994007
수상한 이웃,장편,한국,182,63401140,11341,12397380,1520,코미디,12세이상관람가,13470.931251679853,2019,10,국내,13.40269817476413
심플 라이프,장편,홍콩,21,83971500,11316,72106500,9345,드라마,전체관람가,17880.961811189616,2012,11,해외,82.58218451749735
아뉴스 데이,장편,프랑스,40,81420100,11314,52333700,6822,드라마,15세이상관람가,17340.729366112144,2017,3,해외,60.296977196393854
키즈모노가타리 III : 냉혈편,장편,일본,81,88623000,11302,39548000,4732,애니메이션,15세이상관람가,18894.832559755923,2017,5,해외,41.868695806052024
좋은 사람,장편,한국,140,86268420,11297,46767880,6205,미스터리,12세이상관람가,18400.965817772285,2021,9,국내,54.9260865716562
프리실라,장편,미국,158,102013784,11290,58407806,6177,드라마,15세이상관람가,21772.927102564376,2024,6,해외,54.71213463241808
카이트,장편,미국,50,66844000,11287,36304000,6038,범죄,청소년관람불가,14270.388900334216,2015,6,해외,53.4951714361655
극장판 반짝반짝 달님이: 싱어롱 파티,장편,한국,169,105169550,11270,20503800,2182,애니메이션,전체관람가,22486.30012507884,2026,5,국내,19.361135758651287
곤충왕국 3D,장편,한국,39,84825300,11263,44713400,5631,다큐멘터리,전체관람가,18147.768201457166,2014,8,국내,49.99556068543017
캐시 아웃,장편,미국,185,95980200,11252,40097800,4708,액션,12세이상관람가,20554.353924764113,2024,9,해외,41.84145040881621
스피릿,장편,미국,138,82733300,11236,32795800,5141,애니메이션,전체관람가,17742.73312545304,2021,9,해외,45.75471698113208
라스트 풀 메저,장편,미국,333,88807180,11223,27852360,3532,드라마,15세이상관람가,19067.379917961072,2020,5,해외,31.471086162345184
나루토 질풍전 극장판 4 - 더 로스트 타워,장편,일본,60,75809236,11221,21643500,3131,애니메이션,전체관람가,16279.55243127398,2010,12,해외,27.90303894483558
공동정범,장편,한국,73,82372300,11198,55193100,7291,다큐멘터리,15세이상관람가,17725.260750090918,2018,1,국내,65.1098410430434
킬,장편,인도,126,80584100,11177,28501800,4179,액션,청소년관람불가,17373.04770661783,2024,8,해외,37.38928156034714
로보카폴리 안전교실 교통편,장편,한국,16,66985000,11168,7220000,1204,애니메이션,전체관람가,14452.868781717129,2022,9,국내,10.78080229226361
마일스,장편,미국,52,91150500,11164,63210700,7333,드라마,청소년관람불가,19673.930404527462,2016,8,해외,65.6843425295593
극장판 메이저 : 우정의 강속구,장편,일본,105,70124000,11162,18394000,2688,애니메이션,전체관람가,15138.28113025476,2011,10,해외,24.08170578749328
닐스의 모험,장편,일본,107,77024900,11161,21535700,3099,애니메이션,전체관람가,16629.52859732092,2014,2,해외,27.766329181972942
몽키킹2: 서유기 여정의 시작,장편,중국,54,49077600,11156,9673700,2102,액션,12세이상관람가,10600.508883868208,2016,5,해외,18.841878809609177
라우더 댄 밤즈,장편,노르웨이,55,89283700,11143,68615500,8361,드라마,15세이상관람가,19307.318117484745,2016,10,해외,75.03365341469981
와즈다,장편,기타,51,79998200,11135,46823000,6146,드라마,전체관람가,17311.78688710838,2014,6,해외,55.19533004041312
익스트림 No.13,장편,미국,108,80120516,11130,25428016,3339,스릴러,청소년관람불가,17346.04531332879,2012,10,해외,30.0
스파이의 아내,장편,일본,120,97795830,11118,67765540,7341,드라마,12세이상관람가,21195.592949238944,2021,3,해외,66.02806260118726
토이 솔져스: 가짜사나이2 더 컴플리트,장편,한국,155,108309800,11116,33257000,3287,다큐멘터리,15세이상관람가,23478.541730795077,2021,1,국내,29.56998920474991
오! 마이 고스트,장편,한국,283,87624391,11094,42463498,5675,코미디,15세이상관람가,19032.189547807237,2022,9,국내,51.1537768162971
만분의 일초,장편,한국,74,83600606,11091,41963137,5239,액션,12세이상관람가,18163.127163780904,2023,11,국내,47.2364980614913
소라닌,장편,일본,12,82518575,11090,61922500,8302,드라마,12세이상관람가,17929.66093408802,2010,8,해외,74.86023444544635
무산일기,장편,한국,7,82873400,11085,65526900,8376,드라마,15세이상관람가,18014.879545244577,2011,4,국내,75.5615696887686
유레카,장편,일본,33,116356450,11082,78878500,7091,드라마,15세이상관람가,25300.215480220828,2026,5,해외,63.986645009926
1984 최동원,장편,한국,172,93161730,11069,41725940,5608,다큐멘터리,전체관람가,20280.612194917532,2021,11,국내,50.664016623001174
춤추는 꿈틀이 밴드,장편,덴마크,48,74013035,11061,23609000,3481,애니메이션,전체관람가,16123.7376955612,2010,2,해외,31.47093391194286
교실 안의 야크,장편,기타,30,93716210,11059,61505580,6721,드라마,전체관람가,20419.766052182327,2020,9,해외,60.77403020164572
오션스: 문어구출대작전,장편,중국,191,83373580,11055,15532680,1896,애니메이션,전체관람가,18172.78993858746,2019,10,해외,17.150610583446404
블러바드,장편,미국,17,86642300,11048,54406900,6671,드라마,15세이상관람가,18897.232667091248,2015,8,해외,60.38196958725561
언젠틀 오퍼레이션,장편,영국,134,84590080,11043,33261420,4155,액션,15세이상관람가,18457.984068848065,2025,3,해외,37.625645205107304
나를 만나는 길,장편,영국,53,101947800,11041,63380100,6586,다큐멘터리,전체관람가,22249.556145058454,2022,5,해외,59.65039398605199
바티칸 뮤지엄,장편,이탈리아,51,106215500,11027,67454400,6386,다큐멘터리,전체관람가,23210.38939470588,2015,1,해외,57.912396844109914
연지구 디 오리지널 4K,장편,홍콩,130,110356800,11020,63398450,6113,판타지,15세이상관람가,24130.671506352086,2026,3,해외,55.47186932849365
우리는 같은 꿈을 꾼다,장편,헝가리,37,85898100,11015,60950400,7547,드라마,청소년관람불가,18791.04616377448,2017,11,해외,68.51566046300499
두 개의 사랑,장편,프랑스,49,86881200,11014,61522700,7414,스릴러,청소년관람불가,19007.834497605458,2017,12,해외,67.31432721990195
아침바다 갈매기는,장편,한국,47,96460100,11013,53966900,5838,드라마,12세이상관람가,21105.418678254286,2024,11,국내,53.01007899754835
시간을 꿈꾸는 소녀,장편,한국,77,85564894,11011,51461097,6466,다큐멘터리,12세이상관람가,18724.953906991148,2023,1,국내,58.72309508673145
스파이즈,장편,프랑스,224,81267560,11000,17357940,2128,애니메이션,전체관람가,17802.31325301205,2020,1,해외,19.345454545454547
꼬마 물고기 이자벨: 바다 대모험,장편,미국,121,78359740,10998,19953600,2159,애니메이션,전체관람가,17168.453409929956,2019,7,해외,19.630841971267504
화이트데이: 부서진 결계,장편,한국,356,102070580,10997,28183540,3254,공포(호러),15세이상관람가,22365.48193318879,2021,10,국내,29.589888151313993
춘천대첩 72시간,장편,한국,52,88061630,10989,11043000,1200,다큐멘터리,전체관람가,19309.918900280347,2024,11,국내,10.92001092001092
엔드 오브 왓치,장편,미국,54,81214500,10985,32884000,4389,범죄,청소년관람불가,17814.983191756557,2012,12,해외,39.95448338643605
마을에 부는 산들바람,장편,일본,6,72268500,10972,63775500,9440,멜로/로맨스,전체관람가,15871.396632830996,2008,7,해외,86.03718556325191
모어,장편,한국,54,93037900,10972,65126200,7160,다큐멘터리,15세이상관람가,20432.71152418643,2022,6,국내,65.25701786365293
디어 마이 프렌드,장편,미국,136,87539100,10969,39796200,4854,드라마,12세이상관람가,19230.339170521085,2019,10,해외,44.2519828607895
손오공: 돌원숭이의 탄생,장편,일본,83,69621000,10965,14423000,2011,애니메이션,전체관람가,15299.721457650026,2012,9,해외,18.340173278613772
사랑이 이끄는 대로,장편,프랑스,45,84510900,10960,63200400,7850,코미디,청소년관람불가,18580.357928062618,2016,9,해외,71.62408759124088
모래가 흐르는 강,장편,한국,17,71055900,10942,17298900,2687,다큐멘터리,전체관람가,15647.873893673765,2013,3,국내,24.556753792725278
어게인 1997,장편,한국,305,98537648,10926,37520099,3958,판타지,15세이상관람가,21731.659862955392,2024,4,국내,36.2255171151382
비닐하우스,장편,한국,78,91592476,10923,51854519,6005,범죄,15세이상관람가,20205.50777678139,2023,7,국내,54.97573926576948
퇴마전: 마령검의 비밀,장편,중국,50,65107000,10922,13387000,2222,판타지,15세이상관람가,14364.066778007471,2015,8,해외,20.34425929316975
영화 러브 라이브! 니지가사키 학원 스쿨 아이돌 동호회 완결편 제1장,장편,일본,110,104477320,10914,53594200,5386,애니메이션,전체관람가,23066.939555914698,2025,2,해외,49.349459409932194
토이무비: 미래대모험,장편,중국,176,80683600,10912,17950650,2239,애니메이션,전체관람가,17816.92753418366,2018,10,해외,20.518695014662757
써드 퍼슨 - 감독판,장편,미국,108,87139400,10910,53578000,6579,드라마,청소년관람불가,19246.054796638433,2015,5,해외,60.30247479376719
밤쉘,장편,미국,36,83823330,10907,55054830,6710,다큐멘터리,15세이상관람가,18518.742799197156,2018,6,해외,61.520124690565694
헬로우 마이 러브,장편,한국,39,80734606,10905,51171500,6646,멜로/로맨스,15세이상관람가,17839.634963512926,2009,10,국내,60.944520861989915
비지터,장편,미국,10,83367100,10895,73813600,9487,드라마,전체관람가,18438.235733203583,2012,11,해외,87.0766406608536
녹턴,장편,한국,54,76761100,10890,42695900,5731,다큐멘터리,12세이상관람가,16984.986779072213,2022,8,국내,52.62626262626262
나의 살던 고향은,장편,한국,62,82362100,10887,50619800,6510,다큐멘터리,전체관람가,18229.346152867187,2016,11,국내,59.79608707632956
파워캐치 완다: 버그본의 지구 습격,장편,일본,178,86394400,10881,18701700,2258,애니메이션,전체관람가,19132.366244686495,2017,3,해외,20.751769138865914
루팡 3세: 더 퍼스트,장편,일본,132,80053500,10859,29504500,4898,애니메이션,전체관람가,17764.06667280597,2020,5,해외,45.10544249010038
더 컨덕터,장편,네덜란드,35,91534420,10854,67470140,7953,드라마,12세이상관람가,20321.067575997746,2019,11,해외,73.27252625760089
이웃집 스타,장편,한국,256,78213300,10854,19512300,2377,코미디,12세이상관람가,17363.71689078037,2017,9,국내,21.899760456974388
라이크 크레이지,장편,미국,116,81549980,10850,39981980,5165,드라마,"12세이상관람가,15세이상관람가",18111.149852867693,2018,5,해외,47.603686635944705
"혜화, 동",장편,한국,23,81228600,10843,61263100,7819,드라마,15세이상관람가,18051.421771194342,2011,2,국내,72.11103938024533
말리,장편,미국,13,80555500,10823,66978500,8934,드라마,12세이상관람가,17934.91994402817,2012,8,해외,82.54642890141366
잔칫날,장편,한국,240,83241060,10809,31181890,4166,드라마,12세이상관람가,18556.838511414517,2020,12,국내,38.54195577759275
일곱 개의 대죄 : 천공의 포로,장편,일본,88,85536100,10806,25162700,3008,애니메이션,15세이상관람가,19073.7631257958,2018,11,해외,27.83638719230057
더 미드와이프,장편,프랑스,90,82443400,10791,53660400,6822,드라마,15세이상관람가,18409.674282339256,2018,3,해외,63.21934945788157
택시 5,장편,프랑스,224,86093100,10768,30462400,3587,액션,15세이상관람가,19265.718147478474,2018,11,해외,33.31166419019316
미망,장편,한국,57,98027260,10765,67581460,7084,멜로/로맨스,12세이상관람가,21942.430567602507,2024,11,국내,65.8058522991175
미스터 존스,장편,폴란드,277,94870400,10765,40040810,4438,드라마,15세이상관람가,21235.7987453763,2021,1,해외,41.22619600557362
"다시, 뜨겁게 사랑하라!",장편,덴마크,34,79827500,10761,43394000,5782,드라마,15세이상관람가,17875.236658930116,2013,1,해외,53.73106588607007
시크릿 슈퍼스타,장편,인도,112,86453100,10758,44976400,5389,코미디,12세이상관람가,19364.261283841446,2019,10,해외,50.09295408068414
걸즈 앤 판처 최종장 제4화,장편,일본,40,126905500,10753,74759000,6263,애니메이션,12세이상관람가,28438.239146486438,2024,1,해외,58.24421091788338
에드워드 호퍼,장편,영국,111,83123860,10749,42354400,5106,다큐멘터리,전체관람가,18634.148091108505,2024,11,해외,47.502093217973766
파리 폴리,장편,프랑스,22,82533500,10737,66219900,8395,드라마,15세이상관람가,18522.48333933667,2015,2,해외,78.18757567290677
아웃 오브 네스트,장편,태국,137,89935550,10713,18506900,1974,애니메이션,전체관람가,20228.89654389049,2026,2,해외,18.42621114533744
제 7기사단,장편,한국,95,80160964,10710,25940364,3415,액션,15세이상관람가,18035.382763547186,2015,9,국내,31.886087768440706
라임크라임,장편,한국,25,84789800,10708,51640200,6428,드라마,15세이상관람가,19080.385794204085,2021,11,국내,60.029884198729924
극장판 빰바라빤쮸: 바나나 왕국의 비밀,장편,일본,140,76934800,10681,20312400,2657,애니메이션,전체관람가,17356.52656501862,2017,2,해외,24.875947944948976
코마다 위스키 패밀리,장편,일본,150,85854000,10674,37415200,4542,애니메이션,12세이상관람가,19381.404200274963,2024,9,해외,42.551995503091625
쓰리 세컨즈,장편,러시아,183,83005450,10659,38232710,4368,드라마,12세이상관람가,18764.71831598841,2019,6,해외,40.979453982549956
영웅본색4,장편,중국,110,73375200,10659,26373100,3617,액션,15세이상관람가,16587.64526159804,2018,3,해외,33.933764893517214
파라노만,장편,미국,54,73311000,10654,30242000,4376,애니메이션,12세이상관람가,16580.90970979846,2013,2,해외,41.073775107940676
살아남은 아이,장편,한국,68,89138900,10652,55553600,6382,드라마,12세이상관람가,20164.525921937846,2018,8,국내,59.91363124295906
"사랑해, 매기",장편,멕시코,66,79763000,10646,45299000,5773,코미디,15세이상관람가,18053.729100131506,2016,7,해외,54.226939695660334
정말 먼 곳,장편,한국,204,84243850,10644,49524360,6083,드라마,12세이상관람가,19071.517184861204,2021,3,국내,57.149567831642244
은혼 가시아귀편 온 씨어터,장편,일본,1,113902000,10640,76385400,6927,애니메이션,15세이상관람가,25795.361898722713,2025,1,해외,65.10338345864662
비뚤어진 집,장편,영국,135,88027560,10639,47844460,5621,범죄,15세이상관람가,19937.45675436024,2019,9,해외,52.833912961744524
직지코드,장편,한국,39,71169700,10639,38042300,4798,다큐멘터리,전체관람가,16119.301909206524,2017,6,국내,45.09822351724786
리 밀러: 카메라를 든 여자,장편,호주,77,96466980,10631,62847480,6623,드라마,15세이상관람가,21865.351727670724,2025,9,해외,62.29893707083058
내 남자의 순이,장편,한국,100,74274657,10618,15711500,2057,코미디,15세이상관람가,16855.818149221486,2010,5,국내,19.372763232247127
슈퍼레이서 엔지,장편,한국,126,73587800,10612,14157900,1875,애니메이션,전체관람가,16709.38560120618,2015,9,국내,17.668676969468528
5.18 힌츠페터 스토리,장편,한국,119,72502600,10610,36067700,4336,다큐멘터리,12세이상관람가,16466.075423276518,2018,5,국내,40.86710650329877
퍼스트 리폼드,장편,미국,54,83089300,10605,54254770,6541,드라마,15세이상관람가,18879.31925722693,2019,4,해외,61.678453559641675
소설가의 영화,장편,한국,66,96262570,10574,70536900,7478,드라마,12세이상관람가,21936.637034234915,2022,4,국내,70.72063552108946
아키라,장편,일본,71,86224200,10574,51338000,6214,애니메이션,15세이상관람가,19649.05963935181,2017,8,해외,58.76678645734821
백투더 씨,장편,중국,85,71452300,10566,9568300,1316,애니메이션,전체관람가,16295.118007521283,2014,8,해외,12.455044482301721
르 아브르,장편,핀란드,9,81524500,10560,69715500,8646,드라마,전체관람가,18602.70627966411,2011,12,해외,81.875
리틀 포레스트 2: 겨울과 봄,장편,일본,33,81416544,10557,54435444,6658,드라마,12세이상관람가,18583.35165042095,2015,5,해외,63.067159230842094
유아 넥스트,장편,미국,78,86743900,10555,34495900,4126,공포(호러),청소년관람불가,19803.07397282165,2014,8,해외,39.09047844623401
풍재기시,장편,홍콩,174,92972881,10528,35958405,3911,범죄,15세이상관람가,21279.543935620906,2023,7,해외,37.14855623100304
킴스 비디오,장편,미국,39,96649968,10521,68442729,7146,다큐멘터리,12세이상관람가,22135.87008427208,2023,9,해외,67.9213002566296
항구의 니쿠코짱!,장편,일본,123,86256889,10521,50246913,6147,애니메이션,전체관람가,19755.52944598468,2023,4,해외,58.42600513259196
퐁당퐁당 러브: 더 무비,장편,한국,43,103798000,10511,50447000,5051,멜로/로맨스,12세이상관람가,23795.610565179566,2025,10,국내,48.054419179906766
데드 돈 다이,장편,미국,29,82788100,10506,51048300,6251,코미디,15세이상관람가,18988.139881054773,2019,7,해외,59.49933371406815
몽키맨,장편,미국,146,80913122,10490,31097701,3937,액션,청소년관람불가,18586.404033675215,2024,6,해외,37.53098188751191
어 퍼펙트 데이,장편,스페인,76,73150400,10488,47288400,6500,드라마,15세이상관람가,16806.447758999384,2017,9,해외,61.97559115179252
메리 셸리: 프랑켄슈타인의 탄생,장편,미국,37,87282000,10487,54768200,6316,드라마,15세이상관람가,20055.122750944658,2018,12,해외,60.22694764947077
우주로봇 씨어,장편,중국,185,73050900,10483,8922900,1182,애니메이션,전체관람가,16791.592584206905,2015,3,해외,11.275398263855767
멘,장편,미국,96,95589560,10474,64527560,7347,드라마,청소년관람불가,21991.243952322562,2022,7,해외,70.14512125262556
워터 릴리스,장편,프랑스,89,90608032,10472,56223532,6293,드라마,15세이상관람가,20849.17945272304,2020,8,해외,60.093582887700535
마이 쎄시 걸,장편,미국,54,69825500,10448,25349500,3722,멜로/로맨스,15세이상관람가,16103.964095278512,2008,10,해외,35.62404287901991
미러 넘버 3,장편,독일,60,98822100,10439,61631200,6091,드라마,15세이상관람가,22811.144953412655,2025,10,해외,58.34850081425424
세일즈맨,장편,이란,55,79149300,10436,54661000,6913,드라마,15세이상관람가,18275.316674901984,2017,5,해외,66.24185511690303
트윈,장편,핀란드,168,90459242,10425,36041994,4372,공포(호러),15세이상관람가,20908.784374909712,2023,2,해외,41.937649880095925
부에노스 아이레스 탱고 카페,장편,미국,3,72267205,10424,65256500,9312,다큐멘터리,전체관람가,16705.472311348232,2008,11,해외,89.33231005372218
킹 오브 프리즘 -샤이니 세븐 스타즈- Ⅲ 레오×유우×알렉,장편,일본,34,88911870,10423,66096010,7529,애니메이션,12세이상관람가,20555.06762731633,2019,5,해외,72.23448143528735
해피 버스데이,장편,일본,81,82839300,10408,54672700,6472,드라마,전체관람가,19178.78277136216,2017,9,해외,62.182936202920835
한창나이 선녀님,장편,한국,74,63438020,10398,33470780,5352,다큐멘터리,전체관람가,14701.163569453813,2021,10,국내,51.471436814772076
러브 매니지먼트,장편,미국,43,79627703,10393,32620000,4054,멜로/로맨스,15세이상관람가,18461.847698694328,2009,12,해외,39.007023958433564
헬보이: 크룩드 맨,장편,미국,131,87092600,10384,40621400,4854,액션,15세이상관람가,20210.10080383166,2024,12,해외,46.74499229583976
타다: 대한민국 스타트업의 초상,장편,한국,73,86431380,10382,65262040,7783,다큐멘터리,전체관람가,20060.526444054005,2021,10,국내,74.96628780581777
로봇 앤 프랭크,장편,미국,38,69243000,10379,46221000,6807,코미디,12세이상관람가,16075.78788030047,2013,1,해외,65.58435302052222
프라우드 프린세스: 로열 어드벤처,장편,체코,126,75517400,10374,20525000,2964,애니메이션,전체관람가,17540.93296261971,2025,8,해외,28.57142857142857
트라이브,장편,우크라이나,30,80321400,10368,52284200,6416,드라마,청소년관람불가,18667.58701472557,2015,1,해외,61.882716049382715
셉템버 이슈,장편,미국,10,79992616,10367,70206700,9041,다큐멘터리,전체관람가,18592.967258248776,2010,1,해외,87.20941448828012
빅토리아 & 압둘,장편,미국,144,73487278,10366,38701778,5283,드라마,12세이상관람가,17082.55627177822,2017,10,해외,50.964692263168054
폴라로이드,장편,미국,141,89812660,10359,24041930,2710,공포(호러),15세이상관람가,20891.59650475636,2019,6,해외,26.160826334588283
여름이 지나가면,장편,한국,58,95170500,10344,68593600,6982,드라마,15세이상관람가,22170.00251586392,2025,7,국내,67.49806651198763
레 미제라블,장편,프랑스,97,85231340,10342,56159750,6731,드라마,15세이상관람가,19858.511205914354,2021,4,해외,65.08412299361825
최선의 삶,장편,한국,101,89734280,10341,54334340,5950,드라마,15세이상관람가,20909.697391247617,2021,9,국내,57.53795571027946
얼음 여왕,장편,노르웨이,159,78937600,10331,20066200,2732,애니메이션,전체관람가,18411.68176723932,2026,1,해외,26.444681057012875
당신에게도 사랑이 다시 찾아올까요?,장편,미국,104,70430500,10328,34185000,4790,멜로/로맨스,15세이상관람가,16432.22774910642,2013,10,해외,46.378776142525176
토마스와 친구들: 우정의 대모험,장편,영국,196,73707750,10315,13252350,1608,애니메이션,전체관람가,17218.520227297948,2018,12,해외,15.588948133785749
어쩌다 룸메이트,장편,중국,135,81004500,10293,37191000,4643,멜로/로맨스,12세이상관람가,18963.52533421357,2019,11,해외,45.10832604682794
도망친 여자,장편,한국,143,86573240,10284,58831890,6752,드라마,청소년관람불가,20284.929683729086,2020,9,국내,65.65538700894594
에이미,장편,영국,31,85009400,10278,66099300,7820,다큐멘터리,청소년관람불가,19930.135017595192,2015,11,해외,76.08484140883441
킬링 카인드: 킬러의 수제자,장편,미국,129,86888170,10273,41608730,4970,액션,15세이상관람가,20380.52023141725,2021,12,해외,48.379246568675164
세상 참 예쁜 오드리,장편,한국,172,95547320,10267,47819600,4638,가족,12세이상관람가,22424.71082342421,2024,10,국내,45.17385799162365
킹 리차드,장편,미국,156,99918100,10266,50886300,5068,가족,12세이상관람가,23452.80596377327,2022,3,해외,49.36684200272745
"아이, 토냐",장편,미국,186,81657900,10261,49255300,5944,드라마,청소년관람불가,19176.10604194382,2018,3,해외,57.9280771854595
미싱타는 여자들,장편,한국,39,83357720,10240,63714100,7721,다큐멘터리,전체관람가,19615.42733433735,2022,1,국내,75.400390625
너와 파도를 탈 수 있다면,장편,일본,257,88566980,10210,38541700,4218,애니메이션,12세이상관람가,20902.48870113166,2020,7,해외,41.312438785504405
수상한 교수,장편,미국,105,86723830,10206,50477370,5802,코미디,15세이상관람가,20475.512868640937,2019,8,해외,56.84891240446795
귀멸의 칼날: 장구저택 편,장편,일본,100,100213500,10205,29492200,3032,애니메이션,15세이상관람가,23662.745051740523,2022,9,해외,29.7109260166585
소년 아메드,장편,프랑스,82,79983687,10178,55880227,6818,드라마,12세이상관람가,18936.114747849722,2020,7,해외,66.98762035763411
최후의 툰드라-극장판,장편,한국,39,67143500,10169,32191500,4871,다큐멘터리,전체관람가,15910.2730125932,2011,2,국내,47.900481856623074
"아무튼, 아담",장편,미국,110,69943500,10167,28124000,4051,드라마,15세이상관람가,16577.019201029554,2020,7,해외,39.844595259171825
타년타일,장편,홍콩,172,67579400,10154,25415800,3777,멜로/로맨스,12세이상관람가,16037.219589407465,2026,1,해외,37.19716367933819
난폭한 기록,장편,한국,152,72854090,10153,39544880,6183,범죄,청소년관람불가,17290.655382289526,2019,7,국내,60.89825667290456
피의 연대기,장편,한국,38,79380200,10145,61178500,7318,다큐멘터리,12세이상관람가,18854.370661552075,2018,1,국내,72.13405618531297
일대일,장편,한국,53,78745100,10141,37147500,4706,드라마,청소년관람불가,18710.899212667653,2014,5,국내,46.405679913223544
그 사람 추기경,장편,한국,43,71284100,10138,38177100,5170,다큐멘터리,전체관람가,16943.077102253956,2014,8,국내,50.996251726178734
목소리들,장편,한국,140,93401300,10131,23639900,2501,다큐멘터리,12세이상관람가,22215.316700619474,2025,4,국내,24.686605468364426
그리고 바통은 넘겨졌다,장편,일본,111,74486000,10127,34065900,4604,드라마,전체관람가,17723.347225179972,2024,7,해외,45.462624666732495
드래프트 데이,장편,미국,82,74216200,10119,43559500,5509,드라마,12세이상관람가,17673.11165801659,2014,7,해외,54.44213855124024
네루다,장편,칠레,37,79054700,10113,54469000,6536,스릴러,청소년관람불가,18836.47315455831,2017,5,해외,64.62968456442204
사랑의 선물,장편,한국,8,59942460,10106,43784260,8106,드라마,15세이상관람가,14292.46612414431,2019,8,국내,80.20977637047298
오버 더 펜스,장편,일본,72,79884850,10103,55015550,6757,드라마,15세이상관람가,19053.114367794846,2017,3,해외,66.88112441848956
나비잠,장편,한국,91,85180950,10101,55018450,6247,멜로/로맨스,15세이상관람가,20320.29513957225,2018,9,국내,61.84536184536184
인 디 아일,장편,독일,11,86532900,10098,63171400,7189,드라마,15세이상관람가,20648.94157736114,2018,11,해외,71.19231530996237
폴라로이드,장편,한국,27,65317000,10094,17064500,2530,드라마,전체관람가,15592.466955199438,2015,7,국내,25.0643946899148
량강도 아이들,장편,한국,34,67824000,10091,19616500,2666,코미디,전체관람가,16195.751194252782,2011,11,국내,26.41958180556932
캔 유 킵 어 시크릿?,장편,미국,176,83579500,10090,31000700,3671,멜로/로맨스,15세이상관람가,19959.998567112852,2019,11,해외,36.382556987115954
빛과 철,장편,한국,161,82096760,10079,48501660,5769,드라마,12세이상관람가,19627.29616750562,2021,2,국내,57.23782121242187
배드 사마리안,장편,미국,159,85345800,10074,35349600,4020,스릴러,15세이상관람가,20414.18802069505,2018,10,해외,39.90470518165575
나의 피투성이 연인,장편,한국,45,80015347,10072,39172317,4920,드라마,12세이상관람가,19142.97707111209,2023,11,국내,48.848292295472596
금지된 장난,장편,일본,118,81329363,10064,23876395,2992,공포(호러),15세이상관람가,19472.81087785163,2024,6,해외,29.72972972972973
안티고네,장편,캐나다,130,88869360,10060,53330380,6067,드라마,15세이상관람가,21286.584109799038,2020,11,해외,60.30815109343936
신문기자,장편,일본,128,81471660,10050,41718460,4939,드라마,12세이상관람가,19534.05502607445,2019,10,해외,49.14427860696517
사랑은 비가 갠 뒤처럼,장편,일본,100,84113620,10046,38272750,4540,드라마,전체관람가,20175.534709013238,2019,2,해외,45.19211626518017
판문점,장편,한국,82,89053299,10046,39555939,4622,다큐멘터리,12세이상관람가,21360.368569639897,2024,6,국내,46.00836153693012
극장판 시그널,장편,일본,90,61115200,10041,31131900,5105,드라마,12세이상관람가,14666.421887130238,2022,3,해외,50.84154964644956
눈발,장편,한국,69,84806300,10039,53613400,6099,드라마,15세이상관람가,20355.865138009955,2017,3,국내,60.753063054089054
나의 어머니,장편,이탈리아,30,76569151,10031,59303651,7301,드라마,12세이상관람가,18393.37835841422,2015,8,해외,72.78436845778089
베이비걸,장편,미국,157,74151490,10023,36093770,4616,스릴러,청소년관람불가,17826.827213072585,2025,10,해외,46.05407562606006
타이페이 카페 스토리,장편,대만,10,76832900,10023,58237900,7316,드라마,전체관람가,18471.467432135007,2011,7,해외,72.9921181283049
테라 3D: 인류 최후의 전쟁,장편,미국,48,106210549,10023,44666000,4216,애니메이션,전체관람가,25534.17477151948,2010,11,해외,42.06325451461638
글로리아 벨,장편,미국,48,77962520,10021,46754220,5790,드라마,15세이상관람가,18746.781157160323,2019,6,해외,57.77866480391178
슈퍼 해피 포에버,장편,일본,55,102046600,10004,69958700,6333,드라마,12세이상관람가,24579.710284560875,2025,12,해외,63.304678128748506
"미안해, 고마워",옴니버스,한국,19,73843000,9998,49632500,6547,드라마,12세이상관람가,17797.053386580934,2011,5,국내,65.48309661932386
노라 없는 5일,장편,멕시코,9,73298825,9994,60447900,8136,드라마,15세이상관람가,17672.971252631098,2010,10,해외,81.40884530718431
루스 베이더 긴즈버그 : 나는 반대한다,장편,미국,39,77849880,9974,55728980,6823,다큐멘터리,전체관람가,18807.9077891675,2019,3,해외,68.40786043713656
잉글랜드 이즈 마인,장편,영국,42,86726647,9966,66036247,7211,드라마,12세이상관람가,20969.282790403035,2018,7,해외,72.35601043548063
고양이 여행 리포트,장편,일본,76,85025620,9959,54267290,6128,드라마,전체관람가,20572.448242613995,2019,5,해외,61.53228235766643
보더랜드,장편,미국,209,71064200,9953,21993500,3286,판타지,12세이상관람가,17204.76601472705,2025,3,해외,33.015171305134125
에델과 어니스트,장편,영국,40,82383700,9952,58530500,6922,애니메이션,12세이상관람가,19947.240731414404,2018,5,해외,69.55385852090032
집 이야기,장편,한국,82,67454580,9946,30545860,3828,드라마,12세이상관람가,16342.364430575712,2019,11,국내,38.48783430524834
아주르와 아스마르,장편,프랑스,14,56605000,9939,40354000,6906,가족,전체관람가,13723.472216666243,2008,2,해외,69.48385149411409
북간도의 십자가,장편,한국,123,72963160,9911,25735860,3252,다큐멘터리,전체관람가,17739.36468302835,2019,10,국내,32.81202704066189
데저트 플라워,장편,영국,15,72995560,9898,45795000,6142,드라마,15세이상관람가,17770.551188386606,2010,4,해외,62.05293998787634
정글북,장편,인도,120,74842400,9891,18137500,2356,애니메이션,전체관람가,18233.053536560557,2017,5,해외,23.819634010716815
토리와 로키타,장편,벨기에,48,93258368,9865,65150906,6714,드라마,15세이상관람가,22779.418047252366,2023,5,해외,68.0587937151546
어바웃 레이,장편,미국,73,72404997,9851,38784897,5133,코미디,15세이상관람가,17710.87933094677,2016,11,해외,52.10638513856461
좀비 랜드 사가: 유메긴가 파라다이스,장편,일본,104,114502840,9851,54945860,4588,애니메이션,전체관람가,28008.370503636717,2026,3,해외,46.57395188305756
우먼 인 할리우드,장편,미국,40,78512040,9844,55398340,6551,다큐멘터리,전체관람가,19218.37043419513,2019,10,해외,66.54815115806582
캐릭터,장편,일본,126,77245700,9833,38285700,5128,스릴러,15세이상관람가,18929.54508974574,2022,10,해외,52.15092037018204
바다의 노래: 벤과 셀키요정의 비밀,장편,아일랜드,141,69828300,9826,23326700,3097,애니메이션,전체관람가,17124.0549415247,2016,1,해외,31.518420516995725
풀타임,장편,프랑스,59,90929698,9816,59954398,6129,드라마,전체관람가,22321.4859437751,2022,8,해외,62.438875305623476
아이언 자이언트,장편,미국,167,81171700,9802,44936100,4964,애니메이션,전체관람가,19954.545789769978,2019,10,해외,50.64272597429096
남색대문,장편,대만,79,86312660,9793,54670900,6121,드라마,12세이상관람가,21237.854922190552,2021,8,해외,62.5038292658021
루르드,장편,오스트리아,6,63419500,9792,39793000,5935,드라마,전체관람가,15606.420781163872,2011,2,해외,60.610702614379086
녹나무의 파수꾼,장편,일본,305,92084740,9773,31906800,3273,애니메이션,12세이상관람가,22704.48580364639,2026,3,해외,33.4902281796787
재스퍼,장편,독일,86,65333500,9753,14861000,2107,애니메이션,전체관람가,16141.712343066516,2011,8,해외,21.603609145903825
디에고,장편,영국,26,42971500,9738,20093000,5653,다큐멘터리,12세이상관람가,10633.167296419195,2019,12,해외,58.05093448346683
미시즈 해리스 파리에 가다,장편,미국,144,89715400,9738,46557000,5115,드라마,12세이상관람가,22199.803527109052,2022,11,해외,52.526186075169434
콰이어트 원,장편,영국,69,75213500,9736,31648500,4034,공포(호러),15세이상관람가,18615.175574937384,2014,9,해외,41.43385373870173
천번의 굿나잇,장편,노르웨이,26,70645000,9732,38889300,5050,드라마,12세이상관람가,17491.668276063567,2014,7,해외,51.89066995478833
코르사주,장편,프랑스,46,90925596,9725,66011696,6766,드라마,15세이상관람가,22529.338990925142,2022,12,해외,69.573264781491
노 엑시트,장편,미국,118,80870789,9721,25478539,3083,공포(호러),청소년관람불가,20046.226837191374,2023,12,해외,31.714844151836232
오만과 편견 그리고 좀비,장편,미국,138,76846300,9717,26761700,3284,액션,15세이상관람가,19056.479080880483,2016,5,해외,33.796439230215086
두 사람을 위한 식탁,장편,한국,37,71813656,9711,40318206,4776,다큐멘터리,12세이상관람가,17819.47834588276,2023,10,국내,49.18134074760581
마신자 - 빨간 옷 소녀의 저주,장편,대만,129,77673700,9710,21114500,2494,공포(호러),15세이상관람가,19275.545022520568,2016,7,해외,25.68486096807415
콰이어트 맨,장편,미국,12,65281536,9694,44524500,6349,드라마,15세이상관람가,16227.037964111449,2008,11,해외,65.49412007427274
클로즈,장편,벨기에,51,93480942,9676,63120554,6252,드라마,12세이상관람가,23279.793502243785,2023,5,해외,64.61347664324101
바로 지금 여기,장편,한국,84,82298500,9671,18731500,2331,다큐멘터리,12세이상관람가,20505.598030629393,2025,9,국내,24.102988315582667
디올 앤 아이,장편,프랑스,21,78578000,9669,68974300,8287,다큐멘터리,전체관람가,19582.643325395908,2015,8,해외,85.70689833488468
라플라스의 마녀,장편,일본,116,86152580,9666,45624540,4925,미스터리,12세이상관람가,21476.989273045005,2019,5,해외,50.951789778605416
프랑스,장편,프랑스,54,90984190,9650,66186490,6701,드라마,12세이상관람가,22719.068606030338,2022,1,해외,69.44041450777202
내 이름은 꾸제트,장편,프랑스,232,70448100,9644,17307600,2170,애니메이션,전체관람가,17602.079824898934,2017,3,해외,22.50103691414351
"좋은 빛, 좋은 공기",장편,한국,62,66683590,9631,42696810,5970,다큐멘터리,12세이상관람가,16683.97356428101,2021,4,국내,61.98733257190323
말괄량이 마녀 로비와 숲 속 친구들,장편,스웨덴,153,69087500,9628,15890800,2031,애니메이션,전체관람가,17290.808435236584,2017,11,해외,21.09472372247611
우린 액션배우다,장편,한국,9,65404819,9622,40905700,5846,다큐멘터리,12세이상관람가,16379.336260026595,2008,8,국내,60.75659945957182
쉐프,장편,프랑스,22,69641500,9620,38333500,5070,코미디,전체관람가,17443.954612629313,2013,5,해외,52.702702702702695
엘리노어 릭비: 그 남자,장편,미국,18,80908700,9593,48722800,5670,드라마,15세이상관람가,20323.227654703038,2015,4,해외,59.10559783175232
영웅: 천하의 시작,장편,중국,54,44066600,9575,16875000,2228,액션,15세이상관람가,11089.77319198465,2014,3,해외,23.26892950391645
리바이어던,장편,러시아,25,74527400,9569,57611800,7068,가족,청소년관람불가,18767.27937982466,2015,3,해외,73.86351760894556
위선자들,장편,한국,82,65152600,9566,31093500,4086,드라마,청소년관람불가,16411.688988863672,2015,11,국내,42.713777963621155
킬 미 달링,장편,네덜란드,58,72912300,9558,42850300,5352,멜로/로맨스,15세이상관람가,18381.700058236715,2016,1,해외,55.99497802887633
악셀,장편,중국,121,72824000,9556,16747700,2136,판타지,전체관람가,18363.281506099745,2018,3,해외,22.352448723315195
부니베어: 브램블의 신비한 모험,장편,중국,170,63195500,9544,8712500,1103,애니메이션,전체관람가,15955.39744897444,2017,5,해외,11.556999161777034
슈퍼노바,장편,영국,184,77478240,9540,44273090,5539,드라마,15세이상관람가,19569.659771160113,2021,5,해외,58.060796645702304
"제자도 - 제자,옥한흠2",장편,한국,79,67442000,9533,12805000,1657,다큐멘터리,전체관람가,17047.18801777971,2016,11,국내,17.381726633798383
콜렉션,장편,미국,62,69000552,9518,20905552,2750,액션,청소년관람불가,17468.62685033051,2013,5,해외,28.89262450094558
69세,장편,한국,105,76642190,9511,51206820,6110,드라마,15세이상관람가,19417.51402624482,2020,8,국내,64.24140468930712
꼬마 자전거 스피디,장편,스페인,318,70048620,9507,11395760,1422,애니메이션,전체관람가,17754.4814790877,2019,10,해외,14.957399810665825
아틱,장편,아이슬란드,97,74541010,9503,44534730,5350,드라마,12세이상관람가,18901.07245777808,2019,3,해외,56.298011154372304
드래곤 프린세스,장편,러시아,215,69399700,9501,7245900,946,애니메이션,전체관람가,17601.114911176122,2018,7,해외,9.956846647721292
리틀 포레스트: 여름과 가을,장편,일본,13,72459256,9500,52107056,6408,드라마,12세이상관람가,18379.012301838935,2015,2,해외,67.45263157894736
마이 리틀 포니: 레인보우 로드 트립,장편,미국,226,75120740,9500,13928600,1570,애니메이션,전체관람가,19054.087507926444,2020,10,해외,16.526315789473685
배틀 스쿨,장편,일본,7,42769200,9499,33733800,7387,액션,청소년관람불가,10849.385540900312,2019,2,해외,77.76608064006739
고래를 찾는 자전거,장편,한국,20,56972000,9488,3748000,478,드라마,전체관람가,14469.005871716206,2011,9,국내,5.037942664418212
드림팀,장편,프랑스,97,68051500,9483,30404000,3995,드라마,12세이상관람가,17291.945383558912,2013,3,해외,42.128018559527575
테스와 보낸 여름,장편,네덜란드,194,84421250,9459,46726440,5009,드라마,전체관람가,21505.94130406816,2020,9,해외,52.95485780737922
성스러운 거미,장편,덴마크,56,89455542,9451,56695948,5693,범죄,청소년관람불가,22807.694729823965,2023,2,해외,60.237011956406725
라스트 엑소시즘: 잠들지 않는 영혼,장편,미국,92,65939500,9442,16971500,2225,공포(호러),15세이상관람가,16828.040822472267,2013,6,해외,23.564922685871636
클레어의 카메라,장편,한국,68,75289300,9430,50194600,6107,드라마,15세이상관람가,19238.60021208908,2018,4,국내,64.76139978791092
매스,장편,미국,68,87639300,9421,58182500,6042,드라마,12세이상관람가,22415.777109073166,2022,5,해외,64.13331918055408
로보싸커,장편,말레이시아,115,63694200,9406,9304900,1230,애니메이션,전체관람가,16317.244312141187,2014,7,해외,13.076759515203062
우먼 인 블랙: 죽음의 천사,장편,영국,141,72938700,9389,24654500,3049,공포(호러),15세이상관람가,18719.342167904764,2015,9,해외,32.47417190329109
카일라스 가는 길,장편,한국,47,71290540,9389,33524330,4203,다큐멘터리,전체관람가,18296.350381823388,2020,9,국내,44.76515070827564
발명왕 볼트,장편,중국,239,70341840,9382,6465060,784,어드벤처,전체관람가,18066.340826961652,2019,9,해외,8.356427201023237
극장판 프리즘스톤 올스타 셀렉션,장편,한국,109,78990700,9381,24537500,2792,애니메이션,전체관람가,20289.845021274738,2016,7,국내,29.762285470632126
패러렐 마더스,장편,스페인,88,86375800,9370,56554200,5790,멜로/로맨스,15세이상관람가,22212.85569171028,2022,3,해외,61.792956243329776
메이크 유어 무브,장편,한국,96,73741600,9368,35604000,4318,멜로/로맨스,12세이상관람가,18967.82690111428,2014,4,국내,46.0930828351836
우리들의 교복시절,장편,대만,124,86979465,9366,50169565,5194,드라마,전체관람가,22377.650255088258,2025,7,해외,55.4559043348281
아기 거북 토토의 바다 대모험,장편,영국,90,61158000,9346,15799000,2302,다큐멘터리,전체관람가,15768.101294542606,2012,10,해외,24.630858121121335
"페어웰, 마이 퀸",장편,프랑스,24,67708000,9341,56785500,7553,드라마,15세이상관람가,17466.2035359079,2013,12,해외,80.85858045177176
그림자꽃,장편,한국,89,70277170,9326,36762170,4880,다큐멘터리,12세이상관람가,18158.11476659372,2021,10,국내,52.32682822217457
썸머 85,장편,기타,126,81832490,9320,49732590,5406,멜로/로맨스,15세이상관람가,21157.373700811833,2020,12,해외,58.00429184549356
물의 연대기,장편,미국,88,78985800,9315,46339700,5071,드라마,청소년관람불가,20432.338047843547,2026,1,해외,54.439076757917334
어폴로지,장편,캐나다,55,62987700,9314,34601100,4675,다큐멘터리,12세이상관람가,16295.639935736073,2017,3,해외,50.19325746188533
노 베어스,장편,이란,41,89709312,9311,65841103,6439,드라마,12세이상관람가,23216.305108739114,2024,1,해외,69.15476318333155
매직 스쿨: 초보마법사 아우라의 대모험,장편,미국,212,75474690,9310,9377780,1021,애니메이션,전체관람가,19534.556701564583,2021,10,해외,10.966702470461868
발코니의 여자들,장편,프랑스,45,87232100,9310,57458900,5621,코미디,청소년관람불가,22577.640314210657,2025,7,해외,60.37593984962406
캣퍼슨,장편,프랑스,157,76806300,9295,39427300,4748,드라마,15세이상관람가,19911.287970602152,2024,6,해외,51.08122646584186
극장판 다이노맨: 공룡산의 비밀,장편,한국,91,63479750,9288,16662500,2474,애니메이션,전체관람가,16468.911823002603,2025,7,국내,26.636520241171404
9명의 번역가,장편,프랑스,99,97299408,9269,60653613,5634,미스터리,15세이상관람가,25294.681715317412,2022,9,해외,60.78325601467256
쿵푸 보이,장편,인도,222,71889120,9263,12687300,1527,애니메이션,전체관람가,18700.938700283157,2019,10,해외,16.48494008420598
아임 스틸 히어,장편,브라질,44,82714400,9247,49774500,5350,드라마,15세이상관람가,21554.212958680186,2025,8,해외,57.856602141234994
불타는 내 마음,장편,한국,34,70470428,9236,28082000,3532,코미디,15세이상관람가,18385.476422798165,2010,3,국내,38.2416630576007
엘리노어 릭비: 그 여자,장편,미국,16,77773300,9233,45906800,5385,드라마,15세이상관람가,20297.36187248724,2015,4,해외,58.32340517708221
그 여름,장편,한국,93,87167847,9229,53667750,5439,애니메이션,12세이상관람가,22759.02100111357,2023,6,국내,58.93379564416513
나 혼자만 레벨업 -리어웨이크닝-,장편,일본,100,93497100,9228,27585600,2755,애니메이션,청소년관람불가,24414.197753301898,2024,11,해외,29.85478977026441
리지,장편,미국,53,80329800,9203,49679750,5399,범죄,청소년관람불가,21032.900481639695,2019,1,해외,58.66565250461806
필름스타 인 리버풀,장편,영국,35,77063350,9192,52634750,6218,드라마,15세이상관람가,20201.786257300744,2018,10,해외,67.64577893820713
나의 사적인 여자친구,장편,프랑스,34,72990155,9162,50687655,6144,코미디,청소년관람불가,19196.670112013217,2015,1,해외,67.05959397511461
야간비행,장편,한국,45,72926100,9157,56444600,6906,드라마,청소년관람불가,19190.29618528718,2014,8,국내,75.4177132248553
사랑과 음악사이,장편,미국,143,65718700,9148,31730200,4341,멜로/로맨스,15세이상관람가,17310.703241474865,2016,4,해외,47.45299519020551
드래곤 기사단,장편,스페인,91,64333400,9138,17387900,2226,애니메이션,전체관람가,16964.351166979148,2014,5,해외,24.359816152330925
요가학원 : 죽음의 쿤달리니,장편,한국,267,79973140,9128,24544080,2721,공포(호러),청소년관람불가,21111.56457556783,2020,11,국내,29.809377738825592
러빙,장편,미국,149,69449100,9121,39832700,5184,드라마,12세이상관람가,18347.465071336766,2017,3,해외,56.83587325951102
366일,장편,일본,134,82879720,9120,46551300,4610,멜로/로맨스,12세이상관람가,21898.04481082224,2025,6,해외,50.54824561403509
타인의 친절,장편,영국,141,76234290,9117,39014120,4602,드라마,12세이상관람가,20148.852071662765,2021,4,해외,50.47713063507733
어웨이 위 고,장편,영국,5,65773369,9100,58658700,8047,드라마,15세이상관람가,17416.488547596982,2010,2,해외,88.42857142857142
보리 vs 매켄로,장편,스웨덴,127,77882433,9080,51874333,5870,드라마,12세이상관람가,20668.338463988115,2018,5,해외,64.64757709251101
슬로우 웨스트,장편,영국,36,68903700,9075,42747500,5547,액션,15세이상관람가,18295.648710544658,2015,10,해외,61.123966942148755
비욘드 라이브 더 무비: 엑소의 사다리 타고 세계여행3,장편,한국,18,149441500,9060,89275000,5413,코미디,전체관람가,39746.13686534217,2022,7,국내,59.74613686534216
룸바,장편,프랑스,14,64066195,9053,45868000,6426,코미디,12세이상관람가,17052.510051251065,2009,8,해외,70.98199491881144
잊혀진 가방,장편,한국,7,60758444,9049,31067000,4819,다큐멘터리,전체관람가,16179.234076320756,2010,7,국내,53.25450326002873
슈퍼 레이스,장편,캐나다,209,70348180,9043,10029700,1189,애니메이션,전체관람가,18745.293237530463,2020,7,해외,13.148291496184894
맘보 점보,장편,덴마크,131,76651800,9034,10048500,955,애니메이션,전체관람가,20445.332358879845,2026,6,해외,10.571175558999336
경계도시 2,장편,한국,9,64196626,9032,54622300,7377,다큐멘터리,15세이상관람가,17126.955830407547,2010,3,국내,81.6762621789194
메모리,장편,미국,35,81792400,9031,62561700,6567,드라마,15세이상관람가,21823.73164454963,2025,1,해외,72.71619975639464
너와 나의 5분,장편,한국,47,63103000,9030,30380900,4108,드라마,15세이상관람가,16838.917130315283,2025,11,국내,45.49280177187154
아마겟돈 타임,장편,미국,186,77597848,9017,47262092,5674,드라마,12세이상관람가,20736.693608191224,2022,11,해외,62.925585006099595
새벽을 알리는 루의 노래,장편,일본,99,74388600,9008,42558700,4824,애니메이션,전체관람가,19898.938560636867,2018,1,해외,53.55239786856127
노스페이스,장편,독일,20,67666898,8995,33096000,4299,드라마,전체관람가,18127.04460978991,2010,6,해외,47.793218454697055
"히말라야, 바람이 머무는 곳",장편,한국,27,56205231,8986,30091500,4756,드라마,12세이상관람가,15071.699484338424,2009,6,국내,52.92677498330737
러브리스,장편,러시아,47,73240966,8978,51864066,6101,드라마,15세이상관람가,19657.41316793125,2019,4,해외,67.95500111383382
아주 긴 변명,장편,일본,49,67454200,8974,49057100,6206,드라마,15세이상관람가,18112.35134431195,2017,2,해외,69.15533764207711
파르테노페,장편,이탈리아,53,79938900,8948,47194100,4941,드라마,청소년관람불가,21527.028992142015,2025,9,해외,55.219043361645056
잇 컴스 앳 나잇,장편,미국,225,72114418,8942,32090118,3872,미스터리,15세이상관람가,19432.97717822756,2017,10,해외,43.30127488257661
쓰리,장편,독일,9,71501000,8938,64201000,7843,코미디,청소년관람불가,19276.299649257133,2011,9,해외,87.74893712239876
부니베어: 원시시대 대모험,장편,중국,216,69146700,8918,6241200,720,애니메이션,전체관람가,18683.39921696204,2020,10,해외,8.073559093967257
중독노래방,장편,한국,175,69566300,8916,23513600,2897,미스터리,청소년관람불가,18800.99131384218,2017,6,국내,32.49214894571556
씨 피버,장편,아일랜드,278,77214460,8915,21360980,2433,SF,15세이상관람가,20870.324145713534,2020,5,해외,27.29108244531688
영화 러브 라이브! 니지가사키 학원 스쿨 아이돌 동호회 완결편 제2장,장편,일본,107,90443780,8913,41613920,3889,애니메이션,전체관람가,24451.567292394084,2026,2,해외,43.63289577022327
뷰티플 마인드,장편,한국,190,67428500,8910,31806500,3857,다큐멘터리,전체관람가,18235.50092626398,2019,4,국내,43.288439955106625
내 친한 친구의 아침식사,장편,대만,140,68128900,8906,39522100,5594,멜로/로맨스,12세이상관람가,18433.193812753823,2022,11,해외,62.81158769368965
극장판 오소마츠 6쌍둥이,장편,일본,65,74156870,8898,37056510,4273,애니메이션,15세이상관람가,20082.181727584648,2019,6,해외,48.02202742189256
경아의 딸,장편,한국,54,61878100,8897,37575600,5597,드라마,15세이상관람가,16758.891246677165,2022,6,국내,62.908845678318535
쿠폰의 여왕,장편,미국,180,64732700,8896,35960100,5073,코미디,15세이상관람가,17533.99388922597,2022,4,해외,57.02562949640287
킹 오브 프리즘 –샤이니 세븐 스타즈- II 카케루x조지x미나토,장편,일본,33,75580490,8896,50963450,5839,애니메이션,12세이상관람가,20472.309200832107,2019,4,해외,65.63624100719424
생츄어리 2 : 쿼카가 너무해,장편,호주,249,78079141,8886,11958490,1220,애니메이션,전체관람가,21172.91339564877,2024,3,해외,13.729462075174432
라이즈,장편,프랑스,68,80456460,8879,51833793,5280,드라마,15세이상관람가,21834.777334362792,2024,1,해외,59.46615609865976
앨리스: 원더랜드에서 온 소년,장편,한국,59,65914100,8873,28058300,3421,판타지,15세이상관람가,17900.276865378793,2015,12,국내,38.55516736165897
"극장판 뱅드림! 잇츠 마이고!!!!! 후편: 노래하자, 우리가 될 수 있는 노래 & 필름 라이브",장편,일본,76,80974400,8870,41909000,4266,애니메이션,전체관람가,21997.636543920893,2025,6,해외,48.094701240135294
마카담 스토리,장편,프랑스,29,69701000,8869,54742600,6582,드라마,12세이상관람가,18937.221430541198,2015,12,해외,74.21355282444469
신 가면라이더,장편,일본,85,66643400,8865,25262900,3420,액션,12세이상관람가,18114.665090140596,2024,4,해외,38.578680203045685
유다 그리고 블랙 메시아,장편,미국,154,75381330,8841,42920190,4959,드라마,15세이상관람가,20545.386159500576,2021,4,해외,56.09093993892094
줄리에타,장편,스페인,36,69825500,8840,52627200,6365,드라마,15세이상관람가,19033.282451071253,2016,11,해외,72.00226244343891
마리 이야기: 손끝의 기적,장편,프랑스,39,59276500,8821,35531800,4909,드라마,전체관람가,16192.601718516738,2015,8,해외,55.65128670218796
기적을 믿는 소녀,장편,미국,76,81510300,8804,62865800,6873,드라마,전체관람가,22309.218701247515,2023,7,해외,78.06678782371648
은혼 진선조 동란편 온 씨어터,장편,일본,24,97475800,8800,46866500,4199,애니메이션,15세이상관람가,26691.073384446878,2025,9,해외,47.71590909090909
투 이즈 어 패밀리,장편,프랑스,128,67847500,8779,24269700,2976,코미디,12세이상관람가,18622.61667698245,2017,9,해외,33.89907734366101
금의 나라 물의 나라,장편,일본,141,62175770,8763,25100690,3524,애니메이션,전체관람가,17097.01386855192,2023,11,해외,40.21453840009129
물방울을 그리는 남자,장편,한국,47,78650000,8762,60483800,6618,다큐멘터리,전체관람가,21629.544885774554,2022,9,국내,75.53070075325267
엘리펀트킹 덤보,장편,기타,226,64369060,8755,9619500,1162,애니메이션,전체관람가,17716.295679577248,2019,6,해외,13.272415762421474
고령가 소년 살인사건,장편,대만,7,116213500,8747,88976200,6303,드라마,15세이상관람가,32014.694194636097,2017,11,해외,72.05899165428147
바람이 전하는 말,장편,한국,45,79708800,8745,31060300,3233,다큐멘터리,전체관람가,21963.338775341505,2025,11,국내,36.96969696969697
세인트 주디,장편,미국,151,72200360,8740,44580660,5179,드라마,12세이상관람가,19905.809048551186,2020,7,해외,59.25629290617849
왓츠 러브,장편,영국,188,78500397,8738,33481156,3619,멜로/로맨스,15세이상관람가,21647.697772090884,2024,3,해외,41.416800183108265
쇼잉 업,장편,미국,46,84073700,8736,57594800,5620,드라마,12세이상관람가,23189.93004986981,2025,1,해외,64.33150183150184
애프터 미투,옴니버스,한국,71,61928698,8734,29679098,3649,다큐멘터리,15세이상관람가,17085.61693533925,2022,10,국내,41.77925349209984
법정스님의 의자,장편,한국,13,61677500,8731,33826500,4541,다큐멘터리,전체관람가,17022.160339905033,2011,5,국내,52.01007902874814
디베르티멘토,장편,프랑스,31,72094478,8730,46897378,5086,드라마,12세이상관람가,19899.38530755324,2024,8,해외,58.25887743413517
빅슬립,장편,한국,61,64605597,8730,38560867,4586,드라마,15세이상관람가,17832.318138533516,2023,11,국내,52.53150057273769
초한지: 영웅의 부활,장편,중국,75,60679500,8722,15904500,2282,액션,15세이상관람가,16764.006265833803,2013,3,해외,26.163723916532906
"굿 럭 투 유, 리오 그랜드",장편,영국,46,84095716,8721,61535516,6240,코미디,청소년관람불가,23235.899497542978,2022,8,해외,71.55142758857929
극장판 마이 리틀 포니 : 이퀘스트리아 걸스,장편,캐나다,102,66800000,8705,25624500,3198,애니메이션,전체관람가,18490.965585489575,2017,5,해외,36.73750717978174
극장판 파워레인저 캡틴포스: 지구를 위한 싸움,장편,일본,147,82651478,8700,22304695,2341,액션,전체관람가,22891.97562664451,2023,1,해외,26.908045977011497
마차 타고 고래고래,장편,한국,83,72203500,8697,45828000,5301,드라마,15세이상관람가,20005.09800498995,2017,5,국내,60.952052431873064
여행자의 필요,장편,한국,56,78635032,8688,58080132,6244,드라마,12세이상관람가,21809.623022476648,2024,4,국내,71.86924493554328
아워 바디,장편,한국,52,72336787,8683,53177187,5933,드라마,15세이상관람가,20074.34191447351,2019,9,국내,68.32891857652885
완벽한 가족,장편,미국,318,75388460,8683,25792630,2828,드라마,15세이상관람가,20921.218445126815,2021,1,해외,32.5693884602096
호랑이보다 무서운 겨울손님,장편,한국,134,70058900,8680,44562500,5323,멜로/로맨스,15세이상관람가,19448.920104380657,2018,4,국내,61.32488479262673
트로이 디렉터스 컷,장편,미국,159,73499560,8679,45742840,5322,전쟁,청소년관람불가,20406.426258091476,2020,7,해외,61.320428620808855
라 붐,장편,프랑스,24,64429000,8677,37084000,4845,드라마,15세이상관람가,17892.19804190833,2013,10,해외,55.83727094617955
"결혼, 하겠나?",장편,한국,154,77867500,8675,34541900,3736,코미디,12세이상관람가,21629.11010034374,2024,10,국내,43.06628242074928
마더 데레사의 편지,장편,미국,65,63090000,8665,29682800,3941,드라마,전체관람가,17544.615855227024,2014,8,해외,45.48182342758223
위대한 침묵,장편,한국,48,81404670,8662,29180700,3103,다큐멘터리,12세이상관람가,22645.558915412286,2022,6,국내,35.823135534518585
블리드 포 디스,장편,미국,167,68551300,8655,32305400,3958,드라마,15세이상관람가,19085.367466399395,2017,3,해외,45.73079145002888
프라미싱 영 우먼,장편,미국,70,67543000,8654,42871700,5826,범죄,15세이상관람가,18806.819605670196,2021,2,해외,67.32146984053617
햄스테드,장편,영국,37,66560300,8648,46127000,5713,코미디,15세이상관람가,18546.05285155423,2018,7,해외,66.06151711378352
봄밤,장편,한국,63,73826900,8647,44104400,4791,드라마,15세이상관람가,20573.16347615511,2025,7,국내,55.40649936394125
아메리칸 허니: 방황하는 별의 노래,장편,영국,48,69274300,8647,54154400,6540,드라마,청소년관람불가,19304.501456734768,2017,7,해외,75.63316757256851
지저귀는 새는 날지 않는다,장편,일본,81,77445000,8639,48667560,5356,애니메이션,청소년관람불가,21601.39574387375,2020,7,해외,61.99791642551221
용을 찾아서,장편,중국,60,63201800,8638,17873300,2383,애니메이션,전체관람가,17630.642970120818,2017,2,해외,27.587404491780504
칼릴 지브란의 예언자,장편,미국,44,65796100,8631,44997100,5738,애니메이션,전체관람가,18369.229437737045,2015,9,해외,66.4812883790986
모스트 바이어런트,장편,미국,71,68033425,8614,43781925,5392,범죄,15세이상관람가,19031.340127167598,2015,4,해외,62.595774320873
사슴의 왕,장편,일본,119,64085149,8614,32864399,4336,애니메이션,12세이상관람가,17926.868560846593,2023,5,해외,50.33666124912932
엄마의 공책,장편,한국,75,59206500,8612,27832300,3957,드라마,전체관람가,16565.985260130165,2018,3,국내,45.94751509521598
리틀 아멜리,장편,프랑스,116,89438800,8610,55790700,5164,애니메이션,전체관람가,25030.799154807384,2026,1,해외,59.976771196283394
"자우림, 더 원더랜드",장편,한국,109,88306269,8601,60028315,5511,다큐멘터리,전체관람가,24739.703564869873,2023,6,국내,64.07394489012906
미 투,장편,스페인,11,63084959,8592,52475500,6975,드라마,15세이상관람가,17692.26599133966,2010,4,해외,81.18016759776536
금의위 : 14 검의 비밀,장편,홍콩,42,59263000,8589,20382000,3200,액션,15세이상관람가,16626.197419787426,2012,6,해외,37.25695657236
블랙 백,장편,미국,261,79144100,8588,37521900,3858,드라마,15세이상관람가,22206.41298309213,2025,3,해외,44.92314857941314
투 아이즈,장편,네덜란드,17,64714138,8587,36348400,4627,공포(호러),15세이상관람가,18159.739365053087,2010,8,해외,53.883777803656685
경계의 저편 : I'LL BE HERE -미래편-,장편,일본,34,63212000,8579,29543000,3941,애니메이션,12세이상관람가,17754.758397150792,2015,10,해외,45.93775498309826
쓰리: 아직 끝나지 않았다,장편,한국,77,59127000,8573,38345100,5776,드라마,15세이상관람가,16619.001375852178,2022,4,국내,67.37431470897002
나에게서 온 편지,장편,프랑스,17,63007000,8570,49666500,6183,코미디,12세이상관람가,17715.76387229197,2013,8,해외,72.14702450408402
오이시맨,장편,한국,15,57946352,8569,46558000,6751,드라마,12세이상관람가,16294.755963988993,2009,2,국내,78.78398879682577
오기와 악동들 더 무비,장편,프랑스,139,61444900,8564,13473700,1735,애니메이션,전체관람가,17288.650163475013,2014,4,해외,20.25922466137319
똑딱똑딱 마법의 시계나라,장편,멕시코,240,62209720,8548,10268060,1285,애니메이션,전체관람가,17536.609705081442,2019,4,해외,15.032756200280767
스트레스 제로,장편,한국,156,65405700,8545,16854200,2302,애니메이션,전체관람가,18444.013620309208,2021,2,국내,26.939730836746634
바나나쏭의 기적,장편,한국,53,59787200,8542,14355400,1919,다큐멘터리,전체관람가,16865.551647000084,2018,3,국내,22.465464762350738
엘 카미노,장편,한국,34,90188000,8528,46732000,4369,다큐멘터리,전체관람가,25483.170957752212,2023,3,국내,51.2312382739212
기타맨,장편,한국,73,67781500,8520,38037500,4827,드라마,15세이상관람가,19170.060523785283,2025,5,국내,56.654929577464785
에스코바르,장편,스페인,99,70510500,8506,38372200,4586,범죄,15세이상관람가,19974.7024779107,2018,11,해외,53.91488361156831
시소,장편,한국,49,63638200,8505,38208500,4666,다큐멘터리,전체관람가,18029.98944632144,2016,11,국내,54.86184597295708
더 썬,장편,영국,62,74284419,8504,46257660,4867,드라마,15세이상관람가,21048.753527751647,2023,7,해외,57.23189087488241
더블: 달콤한 악몽,장편,영국,45,66138718,8504,50432218,6303,미스터리,15세이상관람가,18740.640265672286,2014,9,해외,74.11806208842897
후지모토 타츠키 17-26 파트 1,장편,일본,23,89494140,8499,42712700,3868,애니메이션,15세이상관람가,25373.400414223077,2025,10,해외,45.51123661607248
반 고흐: 위대한 유산,장편,네덜란드,40,63998500,8497,35361000,4784,드라마,12세이상관람가,18149.141227733107,2014,10,해외,56.302224314463935
카르마,장편,태국,20,36302000,8497,15972500,3762,공포(호러),15세이상관람가,10294.77448454522,2008,6,해외,44.274449805813816
시리어스 맨,장편,미국,10,63935412,8489,60233800,7929,드라마,15세이상관람가,18148.337110960038,2010,3,해외,93.40322770644363
내일의 안녕,장편,스페인,58,60703900,8481,35133400,4733,드라마,15세이상관람가,17247.312561175015,2017,8,해외,55.80709821954958
하이큐!! 또 다른 도전,장편,일본,142,69455900,8464,16421500,1832,애니메이션,12세이상관람가,19773.583938779695,2020,5,해외,21.64461247637051
사운드 오브 노이즈,장편,스웨덴,35,62493000,8461,42791500,5546,코미디,12세이상관람가,17797.605740299576,2011,9,해외,65.54780758775559
피아니스트의 마지막 인터뷰,장편,캐나다,55,70891330,8454,44377240,5048,드라마,전체관람가,20206.113310587985,2020,11,해외,59.71137922876745
신부의 수상한 여행가방,장편,일본,15,63556581,8452,44726000,5892,코미디,15세이상관람가,18119.78087456309,2009,10,해외,69.71131093232371
괴짜들의 로맨스,장편,대만,152,53086890,8450,31822110,6092,멜로/로맨스,12세이상관람가,15138.487203250874,2021,11,해외,72.09467455621302
아임 유어 맨,장편,독일,38,75715540,8430,50392140,5444,코미디,15세이상관람가,21642.596006803014,2021,9,해외,64.57888493475681
귀멸의 칼날: 환락의 거리 결전편,장편,일본,116,86090100,8424,21425400,2033,애니메이션,15세이상관람가,24625.59640270484,2025,7,해외,24.133428300094966
코넬의 상자,장편,한국,54,44183900,8421,19190100,3624,미스터리,15세이상관람가,12643.06245287527,2025,1,국내,43.03526897043107
토끼와 리저드,장편,한국,61,59535301,8417,27176500,3732,드라마,12세이상관람가,17043.90597915006,2009,10,국내,44.338838065819175
6번 칸,장편,독일,41,79002784,8409,54995084,5534,드라마,15세이상관람가,22638.619837896,2023,3,해외,65.81044119395885
힙노틱,장편,미국,113,78114011,8405,31595950,3372,SF,15세이상관람가,22394.59042595128,2023,9,해외,40.11897679952409
미야자키 하야오의 그대들은 어떻게 살 것인가,장편,일본,78,62307190,8404,33005470,4192,다큐멘터리,12세이상관람가,17865.041317100866,2026,4,해외,49.88100904331271
날아라! 호빵맨 극장판: 구하라! 코코링과 기적의 별,장편,일본,114,41055250,8397,10887750,2117,애니메이션,전체관람가,11781.387787663696,2013,2,해외,25.211385018458977
돈 조반니,장편,이탈리아,16,60646870,8392,46842400,6281,드라마,15세이상관람가,17413.85082752363,2010,10,해외,74.84509056244042
극장판 파워레인저 갤럭시포스 VS 스페이스 스쿼드,장편,일본,199,64418550,8375,12394700,1532,애니메이션,전체관람가,18534.378708865315,2018,12,해외,18.292537313432835
수프와 이데올로기,장편,한국,45,77040550,8375,51291151,5281,다큐멘터리,12세이상관람가,22165.955763351918,2022,10,국내,63.05671641791045
무협: 더 코드,장편,미국,1,35376040,8371,2486000,2372,액션,15세이상관람가,10183.188374091276,2020,6,해외,28.335921634213356
에브리띵 윌 비 파인,장편,독일,46,62712400,8368,38550500,4916,드라마,12세이상관람가,18058.582321638372,2015,12,해외,58.747609942638626
그때 그들,장편,이탈리아,42,67398830,8353,44821430,5327,드라마,청소년관람불가,19442.932991393325,2019,3,해외,63.77349455285526
고스트 스토리,장편,미국,57,71052400,8339,53212800,6052,판타지,12세이상관람가,20531.310997678207,2017,12,해외,72.57464923851781
"사랑을 부르는, 파리",장편,프랑스,16,57243256,8330,42321500,6002,코미디,12세이상관람가,16558.890351321254,2009,5,해외,72.05282112845138
샤이닝,장편,미국,45,71236578,8325,44659984,4958,공포(호러),청소년관람불가,20619.147726039293,2023,6,해외,59.55555555555555
동키 킹,장편,기타,185,62925760,8322,10149820,1220,애니메이션,전체관람가,18220.179926627927,2019,8,해외,14.659937515020427
위대한 비행,장편,한국,33,47993500,8321,13815000,2251,다큐멘터리,전체관람가,13898.207901911697,2012,10,국내,27.052037014781877
"주사위놀이, 마불 세계여행",장편,한국,1,49954000,8319,4074000,679,어드벤처,전체관람가,14469.417518613944,2024,1,국내,8.16203870657531
아이언 스카이,장편,핀란드,48,60738500,8308,28969500,3896,SF,15세이상관람가,17616.493900493646,2012,10,해외,46.89455946076072
"파리, 13구",장편,프랑스,59,81555760,8304,56533860,5449,드라마,청소년관람불가,23665.691668407733,2022,5,해외,65.61897880539499
귀담백경,장편,일본,182,66605500,8297,16642600,2008,공포(호러),15세이상관람가,19343.76048245047,2016,10,해외,24.20151862118838
엑시덴탈 러브,장편,미국,86,64516847,8291,30602747,3726,코미디,15세이상관람가,18750.727527163293,2015,5,해외,44.94029670727295
첫눈이 사라졌다,장편,폴란드,66,59672530,8287,35530480,4618,판타지,15세이상관람가,17351.18003085105,2021,10,해외,55.725835646192834
타임 투게더,장편,캐나다,134,57206900,8281,26049500,3402,드라마,12세이상관람가,16646.292936508744,2017,11,해외,41.081994928148774
마라,장편,미국,144,69448350,8272,19270250,2185,공포(호러),12세이상관람가,20230.34594859127,2018,10,해외,26.414410058027077
신밧드 더 무비,장편,일본,158,56910700,8262,9633300,1179,애니메이션,전체관람가,16598.186500541018,2016,12,해외,14.270152505446623
후지모토 타츠키 17-26 파트 2,장편,일본,22,88662440,8261,41689640,3722,애니메이션,15세이상관람가,25861.812581399317,2025,10,해외,45.05507807771456
내 말 좀 들어줘,장편,영국,34,76846700,8259,59179200,6135,드라마,12세이상관람가,22420.72540069468,2025,8,해외,74.28260079912823
가가린,장편,프랑스,41,81706775,8256,65063876,6396,SF,12세이상관람가,23847.35891239376,2022,12,해외,77.47093023255815
춤추는 숲,장편,한국,11,56881000,8253,47223000,6556,다큐멘터리,전체관람가,16607.61548557005,2013,5,국내,79.43778020113898
슬리핑 위드 아더 피플,장편,미국,106,65868300,8252,30876900,3808,코미디,청소년관람불가,19233.97905728586,2015,10,해외,46.1463887542414
아머드 사우루스: 기계공룡제국의 침략,장편,한국,236,76296435,8252,16326828,1687,애니메이션,전체관람가,22279.063417995785,2023,4,국내,20.443528841492974
디스 이즈 잉글랜드,장편,영국,2,61233371,8249,60318500,8126,드라마,15세이상관람가,17887.05195372349,2009,8,해외,98.50891017092981
홈,장편,한국,123,59594222,8243,19591200,2394,가족,전체관람가,17420.906822729474,2018,5,국내,29.04282421448502
바커스: 고양이를 조심해!,장편,러시아,181,66914152,8229,14104698,1451,애니메이션,전체관람가,19593.98717729101,2022,10,해외,17.632762182525216
샤인 어 라이트,장편,미국,5,56560000,8227,38717500,5607,다큐멘터리,전체관람가,16566.08200152012,2008,8,해외,68.15364045216968
광장,장편,한국,125,67143830,8216,33320940,3869,애니메이션,12세이상관람가,19692.3516852219,2026,1,국내,47.09104186952288
디트로이트 메탈 시티,장편,일본,12,55529146,8202,39484000,5685,코미디,15세이상관람가,16313.724833496384,2009,5,해외,69.3123628383321
닌자보이 란타로 극장판 : 시끌벅적 방학숙제 대소동,장편,일본,64,52785500,8185,13837000,2119,애니메이션,전체관람가,15539.887098792236,2012,2,해외,25.88882101405009
마에스트로 번스타인,장편,미국,61,68153400,8182,36489900,4172,드라마,15세이상관람가,20071.50577376728,2023,12,해외,50.989978000488875
유다의 사자 : 부활절 대모험,장편,미국,63,54146500,8180,17260500,2401,애니메이션,전체관람가,15950.304887029783,2013,3,해외,29.352078239608804
도쿄의 밤하늘은 항상 가장 짙은 블루,장편,일본,35,70350187,8174,54389487,5884,멜로/로맨스,15세이상관람가,20738.747601121395,2019,2,해외,71.98434059212137
두갈: 마법의 회전목마,장편,영국,104,55366700,8171,10918500,1555,애니메이션,전체관람가,16327.71202297871,2014,3,해외,19.03071839432138
애플,장편,기타,85,64926580,8166,43819720,5130,드라마,12세이상관람가,19158.656669292897,2021,5,해외,62.82145481263777
웰컴,장편,프랑스,16,59615105,8158,42178500,5666,드라마,15세이상관람가,17608.587327983176,2009,12,해외,69.45329737680804
더 리치,장편,미국,74,62994200,8153,26057800,3310,액션,15세이상관람가,18618.08573678992,2015,7,해외,40.598552679995095
크레센도,장편,독일,57,66940440,8150,41571240,4870,드라마,12세이상관람가,19791.68896444675,2021,6,해외,59.75460122699386
비틀즈: 하드 데이즈 나이트,장편,영국,41,63835500,8149,44620600,5366,코미디,전체관람가,18875.994837122453,2016,5,해외,65.84857037673333
낮잠 공주 : 모르는 나의 이야기,장편,일본,153,57713400,8145,15657200,2067,애니메이션,전체관람가,17074.08640085203,2017,8,해외,25.377532228360955
28세 미성년,장편,중국,135,63912000,8141,22676550,2737,멜로/로맨스,15세이상관람가,18917.18698895817,2018,11,해외,33.61994840928632
딥워터,장편,기타,264,70120260,8139,23071560,2586,액션,12세이상관람가,20759.85771319706,2020,7,해외,31.772945079248068
제3의 사랑,장편,중국,138,58347400,8108,25558500,3466,멜로/로맨스,15세이상관람가,17340.422370290238,2016,5,해외,42.747903305377406
"패션, 위험한 열정",장편,독일,33,58729000,8098,36219000,4862,스릴러,청소년관람불가,17475.384372759007,2013,8,해외,60.03951592985922
윈터 슬립,장편,터키,22,63499300,8097,46821300,5646,드라마,15세이상관람가,18897.167030478344,2015,5,해외,69.72952945535383
백트랙,장편,호주,92,61638600,8078,27069000,3429,미스터리,15세이상관람가,18386.574274319362,2016,1,해외,42.44862589749938
쥬라기캅스 극장판: 전설의 고대생물을 찾아라,장편,한국,215,69695998,8073,15104500,1605,애니메이션,전체관람가,20802.943621382594,2024,8,국내,19.881085098476404
비밀의 정원,장편,한국,159,63459190,8069,34075870,4258,드라마,12세이상관람가,18950.76352006116,2021,4,국내,52.76985995786343
별처럼 빛나는 너에게 더무비-일섬일섬량성성,장편,중국,191,76878200,8050,33132800,3305,판타지,12세이상관람가,23012.25772655841,2024,5,해외,41.05590062111801
남태령,장편,한국,60,71659150,8039,35805850,3901,다큐멘터리,12세이상관람가,21479.36939947875,2026,5,국내,48.52593606169921
작은 소망,장편,대만,151,67088000,8039,22390500,2711,코미디,12세이상관람가,20109.196582323824,2020,8,해외,33.72309988804577
팜 스프링스,장편,미국,83,69490890,8039,44125190,5027,코미디,15세이상관람가,20829.44740774268,2021,8,해외,62.532653315088936
어쿠스틱,장편,한국,34,57936640,8036,29113500,3871,드라마,12세이상관람가,17372.618397932198,2010,10,국내,48.170731707317074
베르네 부인의 장미정원,장편,프랑스,37,73908400,8033,50319500,5228,드라마,12세이상관람가,22170.114542572133,2022,6,해외,65.08153865305614
액트 오브 킬링,장편,덴마크,32,63884921,8031,48304421,5854,다큐멘터리,15세이상관람가,19168.16942780461,2014,11,해외,72.892541402067
유리의 꽃과 부수는 세계,장편,일본,57,50232000,8028,37418000,6261,애니메이션,12세이상관람가,15077.349757775497,2016,4,해외,77.98953662182362
사랑하는 당신에게,장편,벨기에,28,69386850,8026,54257451,5940,드라마,12세이상관람가,20831.94977768037,2023,5,해외,74.00946922501869
은혼 일국경성편 온 씨어터,장편,일본,1,83394600,8024,57675000,5410,애니메이션,15세이상관람가,25043.72424893993,2025,2,해외,67.42273180458625
콜드플레이: 헤드 풀 오브 드림스,장편,영국,23,112304000,8017,62643500,4505,다큐멘터리,12세이상관람가,33754.77712271063,2018,12,해외,56.193089684420606
원스 어폰 어 타임 인 베니스,장편,미국,206,64901700,8011,20582700,2527,코미디,15세이상관람가,19521.862258671437,2018,9,해외,31.544126825614782
극장판 : 기븐_히이라기 믹스,장편,일본,108,75666228,8010,39575795,3910,애니메이션,15세이상관람가,22762.579305987998,2024,8,해외,48.81398252184769
대결! 애니메이션,장편,일본,103,56565116,7996,27084837,3681,드라마,12세이상관람가,17046.208646491923,2024,3,해외,46.03551775887944
마이 미씽 발렌타인,장편,기타,153,61691020,7989,26359880,3455,멜로/로맨스,12세이상관람가,18607.2174541199,2021,1,해외,43.2469645762924
볼레로: 불멸의 선율,장편,프랑스,37,68604200,7978,47011300,5230,드라마,12세이상관람가,20720.89813251502,2025,4,해외,65.5552770117824
퍼스트 포지션,장편,미국,17,59970500,7978,42085500,5482,다큐멘터리,전체관람가,18113.214955585692,2012,10,해외,68.71396339934822
콜럼버스,장편,미국,55,66577000,7977,49874900,5819,드라마,12세이상관람가,20111.132759696175,2018,4,해외,72.94722326689231
같은 속옷을 입는 두 여자,장편,한국,53,73413892,7969,52484893,5423,드라마,15세이상관람가,22198.6377937399,2022,11,국내,68.05119839377588
에너미,장편,캐나다,50,62206200,7967,40716400,5020,미스터리,청소년관람불가,18814.416697794066,2014,5,해외,63.009915903100286
파이터,장편,한국,74,56203090,7963,35198750,5131,드라마,12세이상관람가,17007.300330292666,2021,3,국내,64.43551425342207
"의궤, 8일간의 축제 3D",장편,한국,16,45334000,7956,22761500,3802,다큐멘터리,전체관람가,13730.336125800337,2014,4,국내,47.78783308195073
빌리 홀리데이,장편,미국,71,81420130,7941,50565190,4884,드라마,청소년관람불가,24706.34483532923,2021,11,해외,61.503588968643754
"1986 그 여름, 그리고 고등어통조림",장편,일본,111,67772500,7941,29407500,3348,드라마,12세이상관람가,20565.071013180033,2023,7,해외,42.16093690970911
멋진 악몽,장편,일본,20,59007000,7936,40620000,5232,코미디,전체관람가,17916.524970851147,2012,4,해외,65.92741935483872
꼬마기사 트랭크,장편,독일,174,57403200,7930,10571300,1256,애니메이션,전체관람가,17442.744496270076,2016,6,해외,15.838587641866331
레티나,장편,미국,5,42446950,7925,36468300,6814,스릴러,15세이상관람가,12906.221732355289,2019,4,해외,85.98107255520505
더 파티,장편,영국,32,64978450,7916,45336250,5138,코미디,15세이상관람가,19779.507113852073,2018,12,해외,64.90651844365841
데스 위시,장편,미국,97,61732250,7915,24507900,3364,액션,15세이상관람가,18793.73463531955,2018,10,해외,42.501579279848386
찰스 디킨스의 비밀 서재,장편,아일랜드,103,60577600,7909,31404500,3985,드라마,전체관람가,18456.204385121724,2018,1,해외,50.385636616512826
맥퀸,장편,영국,45,72564112,7901,61257812,6535,다큐멘터리,15세이상관람가,22130.525493951507,2018,10,해외,82.71104923427414
"극장판 뱅드림! 잇츠 마이고!!!!! 전편: 봄의 양지, 방황하는 고양이",장편,일본,77,73774700,7898,36239400,3639,애니메이션,전체관람가,22508.275695844917,2025,4,해외,46.07495568498354
둠둠,장편,한국,74,64874099,7894,43621599,4727,드라마,15세이상관람가,19802.778074548,2022,9,국내,59.88092221940714
미스트리스 아메리카,장편,미국,26,64720200,7887,54978200,6482,코미디,15세이상관람가,19773.33449431045,2015,12,해외,82.18587549131482
타이머,장편,미국,40,59880000,7882,31778500,4036,코미디,15세이상관람가,18306.160444875164,2011,3,해외,51.205277848261865
북극의 연인들,장편,스페인,7,56687966,7881,46040000,6230,드라마,15세이상관람가,17332.50963503806,2008,12,해외,79.05088186778327
마녀,장편,한국,61,63500100,7880,26140700,3135,공포(호러),청소년관람불가,19417.803192465293,2014,9,국내,39.78426395939086
무서운 꿈,장편,미국,120,61726700,7869,21774400,2652,미스터리,15세이상관람가,18901.8980994508,2017,12,해외,33.70186808997332
세버그,장편,미국,107,77450010,7868,42754310,4160,드라마,15세이상관람가,23719.69116935459,2021,11,해외,52.87239450940518
쥬랜더 리턴즈,장편,미국,178,58151000,7853,24467500,3187,코미디,15세이상관람가,17843.230811952766,2016,8,해외,40.58321660511906
생 로랑,장편,프랑스,51,62730900,7839,44542100,5420,드라마,청소년관람불가,19282.91812485303,2015,4,해외,69.14147212654676
올 아이즈 온 미,장편,미국,159,63365400,7836,34055300,4061,드라마,15세이상관람가,19485.41486005277,2017,8,해외,51.824910668708526
인어가 잠든 집,장편,일본,90,70331730,7819,27369430,2940,드라마,12세이상관람가,21674.64486414773,2022,1,해외,37.60071620411817
내 친구의 소원,장편,영국,22,58905000,7818,35887500,4633,코미디,15세이상관람가,18155.507679220336,2011,1,해외,59.26068048094142
그링고,장편,미국,45,43189500,7816,37941000,7188,액션,15세이상관람가,13315.13361532106,2020,3,해외,91.96519959058342
라자르 선생님,장편,캐나다,52,52975000,7810,24906500,3414,코미디,12세이상관람가,16344.507350785987,2013,5,해외,43.71318822023048
나는 고양이로소이다,장편,한국,41,62715200,7809,31941000,3716,다큐멘터리,전체관람가,19352.153138099846,2017,6,국내,47.586118581124346
로렐,장편,미국,62,58808400,7809,41021700,5164,드라마,15세이상관람가,18146.624145448488,2016,7,해외,66.12882571391984
나무없는 산,장편,한국,35,55840728,7808,31000500,4160,드라마,전체관람가,17233.09055895714,2009,8,국내,53.278688524590166
투건스,장편,미국,58,49731500,7806,16061500,2505,액션,청소년관람불가,15351.644857678215,2013,11,해외,32.09069946195234
극장판 뚝딱뚝딱 밥아저씨: 메가 머신의 역습,장편,영국,90,55820500,7803,18262000,2400,애니메이션,전체관람가,17237.886571275492,2018,4,해외,30.75740099961553
곰돌이 푸: 피와 꿀,장편,영국,189,88613286,7792,26037606,2298,공포(호러),청소년관람불가,27403.232849261523,2023,4,해외,29.491786447638603
너를 보내는 숲,장편,일본,4,53311500,7792,49952500,7227,드라마,전체관람가,16486.325177506744,2008,4,해외,92.74897330595483
청춘의 증언,장편,영국,86,58406700,7791,27201200,3556,드라마,12세이상관람가,18064.309606543233,2015,4,해외,45.64240790655885
여성국극 끊어질듯 이어지고 사라질듯 영원하다,장편,한국,70,64311500,7788,38868300,4684,다큐멘터리,12세이상관람가,19898.23701586005,2025,3,국내,60.14381099126862
논-픽션,장편,프랑스,44,63033850,7764,45241850,5308,드라마,15세이상관람가,19563.214216991615,2019,5,해외,68.36682122617208
북 오브 러브,장편,중국,96,58152000,7763,23817500,3105,멜로/로맨스,15세이상관람가,18050.40592616505,2016,11,해외,39.99742367641376
천국의 속삭임,장편,이탈리아,8,57727333,7760,50878500,6755,드라마,전체관람가,17925.516395478822,2009,12,해외,87.04896907216495
최악의 이웃과 사랑에 빠지는 방법,장편,프랑스,121,60963300,7750,26402500,3267,멜로/로맨스,12세이상관람가,18954.776525456666,2016,4,해외,42.15483870967741
클래스,장편,프랑스,7,56393399,7743,52193000,7081,드라마,12세이상관람가,17549.749248835717,2010,4,해외,91.45034224460802
내 손끝에 너의 온도가 닿을 때,장편,한국,20,135190000,7739,104076000,6010,멜로/로맨스,15세이상관람가,42093.169161981954,2024,5,국내,77.65861222380153
폭스파이어,장편,프랑스,30,56081000,7730,41875000,5583,드라마,15세이상관람가,17481.88095200985,2013,8,해외,72.22509702457957
더 기프트,장편,호주,116,59383748,7729,20878948,2644,미스터리,15세이상관람가,18513.8269730494,2015,11,해외,34.208823909949544
다이노소어 아일랜드,장편,호주,120,56946800,7728,13891000,1830,어드벤처,전체관람가,17756.36708323979,2017,7,해외,23.680124223602483
아네모네,장편,한국,57,64332351,7724,34333895,4001,코미디,15세이상관람가,20069.61590536148,2024,2,국내,51.79958570688762
좀비스쿨,장편,한국,54,62432000,7721,25750500,3082,공포(호러),청소년관람불가,19484.33547686407,2014,6,국내,39.91710918274835
엄마의 땅: 그리샤와 숲의 주인,장편,한국,121,71335389,7718,27995800,3041,애니메이션,전체관람가,22271.638198297205,2023,1,국내,39.40139932625033
바시르와 왈츠를,장편,이스라엘,2,53636555,7674,51691500,7370,애니메이션,청소년관람불가,16841.89612240989,2008,11,해외,96.0385718008861
나비효과: 레버레이션,장편,미국,30,60330000,7667,21180500,2577,드라마,청소년관람불가,18960.935695305026,2011,3,해외,33.61158210512586
당신을 기다리는 시간,장편,이탈리아,31,54831100,7660,34747700,4614,드라마,15세이상관람가,17248.450721947844,2016,1,해외,60.23498694516971
패트와 매트: 우당탕탕 크리스마스,장편,체코,176,59675500,7657,23899520,2868,애니메이션,전체관람가,18779.729076945106,2019,11,해외,37.45592268512472
뱀파이어 아카데미,장편,미국,50,43600500,7649,22549000,3983,액션,15세이상관람가,13735.317790970394,2015,4,해외,52.07216629624788
스프린터,장편,한국,48,62777980,7647,36943781,4342,드라마,12세이상관람가,19781.906756094602,2023,5,국내,56.78043677259056
원 앤 온리,장편,중국,112,75129710,7640,43691280,4181,드라마,12세이상관람가,23695.738976849807,2024,3,해외,54.725130890052355
페이머스 파이브 : 키린섬의 비밀,장편,독일,71,50861000,7638,27554500,4039,가족,전체관람가,16045.643690236202,2013,10,해외,52.880335166273895
맨 오브 마스크,장편,프랑스,56,60543100,7613,42036800,5144,드라마,12세이상관람가,19162.87770285134,2018,4,해외,67.56863260212795
물숨,장편,한국,51,56658500,7610,31778300,4037,다큐멘터리,전체관람가,17940.40815034118,2016,9,국내,53.04862023653089
코멧,장편,미국,121,57135511,7597,25817311,3337,판타지,15세이상관람가,18122.407545147023,2015,3,해외,43.925233644859816
붕붕 달려라 깜이,장편,독일,174,53398100,7556,14004700,1749,애니메이션,전체관람가,17028.867189244007,2016,3,해외,23.147167813658022
마리오네트,장편,네덜란드,138,62758000,7548,18797400,2281,미스터리,12세이상관람가,20034.988922302888,2021,2,해외,30.2199258081611
놈이 우리 안에 있다,장편,미국,91,53874793,7542,28476394,3984,미스터리,15세이상관람가,17212.77888003885,2022,11,해외,52.824184566428
문맨,장편,중국,134,58867108,7539,35202397,4692,드라마,12세이상관람가,18815.287572894045,2023,1,해외,62.23637087146836
쇼타씨의 마지막 출장,장편,한국,80,73044700,7536,48587650,4671,드라마,12세이상관람가,23356.067582431635,2026,5,국내,61.98248407643312
위대한 계시,장편,독일,17,48775500,7535,28649000,4229,드라마,전체관람가,15598.052462004622,2011,11,해외,56.12475116124751
생츄어리,장편,한국,64,61740578,7534,35995639,4186,다큐멘터리,12세이상관람가,19746.8114027653,2024,6,국내,55.56145473851871
고스트 오브 워,장편,영국,228,64089960,7531,20411970,2350,미스터리,15세이상관람가,20506.392053408163,2020,9,해외,31.204355331297307
벌집의 정령,장편,스페인,36,68112260,7527,43966160,4682,드라마,12세이상관람가,21804.959175082156,2025,1,해외,62.202736814135775
던전에서 만남을 추구하면 안 되는 걸까? –오리온의 화살–,장편,일본,74,62165800,7526,22393400,2711,애니메이션,12세이상관람가,19903.94744003919,2019,4,해외,36.02179112410311
이누야시키 : 히어로 VS 빌런,장편,일본,185,60414320,7509,28301080,3392,SF,15세이상관람가,19386.95894244176,2020,4,해외,45.17245971500866
언덕길의 아폴론,장편,일본,69,61827100,7506,32020300,3872,드라마,전체관람가,19848.249914124925,2018,8,해외,51.585398347988274
나는 행복합니다,장편,한국,54,53893717,7505,30168500,4068,드라마,15세이상관람가,17303.714632012394,2009,11,국내,54.20386409060626
고양이 수비대: 모나리자를 지켜라!,장편,러시아,151,59763400,7504,12972200,1666,애니메이션,전체관람가,19190.857245613584,2025,5,해외,22.201492537313435
애프터: 에버 해피,장편,미국,128,66231200,7499,32896500,4129,멜로/로맨스,15세이상관람가,21281.937993338874,2022,9,해외,55.06067475663422
수유천,장편,한국,79,69651800,7486,53139700,5564,드라마,15세이상관람가,22419.93890603826,2024,9,국내,74.32540742719743
플래닛,장편,러시아,135,65116408,7484,22524735,2625,SF,12세이상관람가,20965.661040742343,2023,7,해외,35.074826296098344
메모리아,장편,기타,42,72092939,7482,57312040,5644,드라마,12세이상관람가,23218.113512590862,2022,12,해외,75.43437583533814
더 렌탈 : 소리없는 감시자,장편,미국,245,60294280,7476,19305990,2363,공포(호러),15세이상관람가,19433.84452738724,2020,9,해외,31.60781166399144
마지막 숙제,장편,한국,66,65728100,7474,10346200,945,드라마,12세이상관람가,21190.92371627264,2025,9,국내,12.643831950762644
올드보이,장편,미국,109,56281683,7471,28830183,3777,액션,청소년관람불가,18152.658714096113,2014,1,해외,50.55548119394994
만강홍: 사라진 밀서,장편,중국,153,63317145,7462,27566495,3177,미스터리,15세이상관람가,20446.453194175792,2023,10,해외,42.57571696596087
이오 카피타노,장편,이탈리아,45,66987339,7460,38941039,4136,드라마,15세이상관람가,21637.43628670177,2024,8,해외,55.442359249329755
나의 라임 오렌지 나무,장편,브라질,47,50677000,7454,26528000,3839,드라마,12세이상관람가,16382.244836604266,2014,5,해외,51.50254896699759
풀잎들,장편,한국,54,60320250,7443,46498950,5493,드라마,15세이상관람가,19528.415961305924,2018,10,국내,73.80088673921806
노웨어 스페셜,장편,이탈리아,62,65256390,7440,42896130,4801,드라마,전체관람가,21134.988340458607,2021,12,해외,64.52956989247312
우당탕탕 운동회,장편,한국,1,44721500,7430,3555500,590,기타,전체관람가,14503.721480808834,2024,4,국내,7.94078061911171
"사랑하고 사랑받고, 차고 차이고",장편,일본,91,69056990,7417,36068770,3670,애니메이션,전체관람가,22435.268375646312,2021,4,해외,49.48092220574356
라벤더의 연인들,장편,영국,1,49912500,7414,48573500,7152,드라마,전체관람가,16222.158664330917,2008,7,해외,96.46614513083355
사랑과 전쟁:열두 번째 남자,장편,한국,37,47050000,7414,10290000,1499,드라마,청소년관람불가,15291.81197409005,2008,9,국내,20.21850553007823
문영,장편,한국,23,56619900,7411,45327400,5730,드라마,15세이상관람가,18409.59303412544,2017,1,국내,77.31750101200917
죽이는 여자,장편,미국,1,34371000,7395,1491000,1395,공포(호러),청소년관람불가,11199.6871868814,2020,8,해외,18.864097363083165
만인의 연인,장편,한국,52,57097300,7393,30698200,4054,드라마,15세이상관람가,18610.01696492449,2022,12,국내,54.83565534965508
달팽이 농구단,장편,한국,81,59407300,7386,22358400,2686,드라마,15세이상관람가,19381.278158939578,2025,11,국내,36.3660980232873
버니,장편,미국,30,50100000,7385,35662500,5173,코미디,15세이상관람가,16347.040157923502,2013,6,해외,70.04739336492891
패트와 매트: 뚝딱뚝딱 대소동,장편,체코,116,52792500,7383,17057500,2236,애니메이션,전체관람가,17230.237487944465,2017,3,해외,30.285791683597452
베스와 베라,장편,프랑스,167,63085210,7369,26379030,2982,공포(호러),15세이상관람가,20628.654392301192,2019,1,해외,40.46682046410639
꾸루꾸루와 친구들: 무지개 나무의 비밀,장편,한국,103,51367500,7345,9269000,1152,애니메이션,전체관람가,16851.886784715447,2015,11,국내,15.684138869979577
라 당스,장편,프랑스,6,64879000,7345,52305000,5601,다큐멘터리,전체관람가,21284.539109467143,2013,8,해외,76.25595643294758
마에스트로,장편,프랑스,45,64315111,7344,46739733,5186,드라마,12세이상관람가,21102.419809958792,2023,8,해외,70.61546840958606
링: 더 라스트 챕터,장편,중국,85,67581970,7343,10924870,1076,미스터리,15세이상관람가,22177.328133178227,2021,5,해외,14.653411412229334
"메리, 퀸 오브 스코틀랜드",장편,미국,12,57822900,7340,29344400,3458,드라마,15세이상관람가,18982.60070253767,2019,2,해외,47.11171662125341
제네시스: 세상의 소금,장편,프랑스,29,57732130,7336,40345130,4788,다큐멘터리,12세이상관람가,18963.136077570918,2015,2,해외,65.2671755725191
그 남자가 아내에게,장편,일본,4,54081603,7331,52110500,7040,드라마,12세이상관람가,17776.17182685181,2010,8,해외,96.03055517664711
위대한 임무,장편,미국,59,53233800,7329,12940100,1758,드라마,12세이상관람가,17502.280920653553,2017,3,해외,23.9869013507982
문신을 한 신부님,장편,폴란드,57,59655820,7324,36707980,4167,드라마,15세이상관람가,19627.111394787233,2020,2,해외,56.895139268159475
종이꽃,장편,한국,256,61393310,7324,23165270,2624,드라마,12세이상관람가,20198.755700025664,2020,10,국내,35.82741671217914
라스트 탱고,장편,독일,19,57730100,7317,43016800,5033,다큐멘터리,12세이상관람가,19011.708992591935,2015,12,해외,68.78502118354517
신을 믿습니까?,장편,미국,81,51956900,7317,25007400,3457,드라마,12세이상관람가,17110.47552242591,2016,4,해외,47.24613912805795
엘라 벨라 빙고: 친구 찾기 대작전,장편,노르웨이,180,57574860,7316,6133400,737,애니메이션,전체관람가,18963.17692860013,2020,8,해외,10.073810825587753
올드마린보이,장편,한국,58,54456800,7312,24920100,3036,다큐멘터리,전체관람가,17946.007223642933,2017,11,국내,41.520787746170676
크리스마스 스타!,장편,영국,16,53142269,7309,28239000,3778,코미디,전체관람가,17519.99729661566,2010,12,해외,51.68969763305514
세븐 베일즈,장편,캐나다,136,50514400,7304,24931700,3753,드라마,15세이상관람가,16665.039126934906,2025,5,해외,51.382803943044905
뷰티풀 데이즈,장편,한국,142,54299550,7283,24463650,3104,드라마,12세이상관람가,17965.43857704607,2018,11,국내,42.619799533159416
나루토 질풍전 극장판: 블러드 프리즌,장편,일본,43,48171000,7273,10215000,1512,애니메이션,12세이상관람가,15959.672596614979,2012,2,해외,20.78922040423484
되살아나는 목소리,장편,한국,39,60833600,7267,30055800,3507,다큐멘터리,12세이상관람가,20171.595975203967,2024,11,국내,48.259254162653086
돼지 같은 여자,장편,한국,91,52852400,7238,19531000,2356,멜로/로맨스,15세이상관람가,17595.355170335944,2015,9,국내,32.55042829510914
SX 테잎,장편,미국,70,55420100,7229,17347000,2335,공포(호러),청소년관람불가,18473.15114656996,2014,5,해외,32.30045649467423
신과 나: 100일간의 거래,장편,기타,240,60627100,7221,24457320,2856,미스터리,15세이상관람가,20231.186482531706,2020,4,해외,39.551308683007896
어느 멋진 아침,장편,프랑스,50,64787669,7220,46576920,4935,드라마,15세이상관람가,21622.557487568003,2023,9,해외,68.35180055401662
에펠,장편,프랑스,182,66593890,7209,29190560,3040,멜로/로맨스,15세이상관람가,22259.28767086657,2022,3,해외,42.16951033430434
오키쿠와 세계,장편,일본,36,67102295,7204,47427895,4581,드라마,12세이상관람가,22444.79138095971,2024,2,해외,63.589672404219876
블라이스 스피릿,장편,영국,135,58774080,7201,33739910,4148,판타지,12세이상관람가,19667.30859000507,2021,6,해외,57.60311067907236
블루노트 레코드,장편,영국,23,61189110,7201,46904510,5271,다큐멘터리,전체관람가,20475.439321513244,2019,8,해외,73.19816692126093
결혼 피로연,장편,미국,106,58701600,7198,31521700,3757,코미디,15세이상관람가,19651.2418108109,2025,9,해외,52.19505418171715
고독의 오후,장편,프랑스,37,67882300,7192,39133350,3842,다큐멘터리,청소년관람불가,22743.577200905962,2026,6,해외,53.42046718576196
창밖은 겨울,장편,한국,55,56215992,7191,34318393,4287,드라마,12세이상관람가,18837.46651185468,2022,11,국내,59.616186900292035
최소한의 선의,장편,한국,78,59209300,7187,31101100,3529,드라마,12세이상관람가,19851.539174647663,2024,10,국내,49.102546264087934
"낸 골딘, 모든 아름다움과 유혈사태",장편,미국,49,69042495,7186,51583095,5103,다큐멘터리,15세이상관람가,23151.608381759714,2024,5,해외,71.01308099081547
그녀가 사라졌다,장편,호주,143,62965000,7182,27306800,3084,멜로/로맨스,12세이상관람가,21125.43742220343,2021,3,해외,42.9406850459482
비의도적 연애담 스페셜,장편,한국,23,107713000,7181,92143500,6143,드라마,12세이상관람가,36143.90719821215,2023,6,국내,85.54518869238268
버니드롭,장편,일본,52,54038000,7179,30832000,3959,드라마,전체관람가,18137.90892781322,2012,5,해외,55.1469564006129
빅 볼드 뷰티풀,장편,미국,208,66463500,7174,34723940,3663,드라마,12세이상관람가,22324.088660188565,2025,10,해외,51.059381098410924
타마코 러브 스토리,장편,일본,27,59418000,7162,36296500,4100,애니메이션,전체관람가,19991.050490709,2014,9,해외,57.24657916783021
매리,장편,미국,172,41020980,7157,13806440,1649,공포(호러),15세이상관람가,13811.056998708822,2019,12,해외,23.040380047505938
이반리 장만옥,장편,한국,54,69037700,7142,48576490,4720,코미디,12세이상관람가,23292.62162061857,2026,6,국내,66.08793055166619
약속,장편,한국,42,62209808,7133,30951678,3375,다큐멘터리,전체관람가,21015.442563750024,2023,11,국내,47.315295107248
라이더스 오브 저스티스,장편,기타,143,67421050,7131,29365320,3183,액션,15세이상관람가,22782.26916923056,2021,6,해외,44.636095919225916
크리피: 일가족 연쇄 실종 사건,장편,일본,73,57037900,7130,28324000,3454,공포(호러),청소년관람불가,19276.398722519814,2016,8,해외,48.44319775596073
찰리 바틀렛,장편,미국,8,48239000,7115,31883500,4495,코미디,15세이상관람가,16337.112328442372,2008,7,해외,63.17638791286016
리슨,장편,영국,232,61969550,7114,29649780,3199,드라마,12세이상관람가,20990.190732003077,2021,12,해외,44.96766938431263
극장판 아름다운 그: 이터널,장편,일본,94,66289550,7102,33565050,3567,멜로/로맨스,15세이상관람가,22491.390512769187,2023,7,해외,50.2252886510842
미드나이트 스카이,장편,미국,257,61177160,7101,25146210,2891,드라마,12세이상관람가,20759.73009062019,2020,12,해외,40.71257569356428
그대 어이가리,장편,한국,82,58060394,7100,26922698,3340,드라마,12세이상관람가,19704.868148650945,2023,3,국내,47.04225352112676
신 고질라,장편,일본,156,53050000,7098,24609000,3183,SF,12세이상관람가,18009.485108651003,2017,3,해외,44.84361792054099
씨 오브 트리스,장편,미국,98,58561600,7087,29724000,3376,드라마,12세이상관람가,19911.4278476967,2018,5,해외,47.636517567376885
고양이 케디,장편,미국,32,55759600,7082,40878200,5023,다큐멘터리,전체관람가,18972.10984576544,2017,9,해외,70.92629200790736
화녀,장편,한국,77,59838539,7075,14533200,1711,스릴러,청소년관람불가,20380.106092213377,2024,3,국내,24.183745583038867
레이디 수잔,장편,영국,88,51727800,7071,30128500,3965,드라마,12세이상관람가,17627.676595222638,2016,11,해외,56.07410550134352
신세기 에반게리온 극장판 사도신생,장편,일본,180,76226700,7066,22712300,2089,애니메이션,15세이상관람가,25994.734670354217,2025,10,해외,29.56410982168129
어른도감,장편,한국,58,53539700,7056,33621500,3998,코미디,12세이상관람가,18283.91798486463,2018,8,국내,56.660997732426296
앱솔루틀리 애니씽,장편,미국,90,54445800,7052,24306500,3057,코미디,12세이상관람가,18603.899432101636,2016,1,해외,43.3494044242768
다크 앤드 위키드,장편,미국,164,60105000,7046,25468500,3086,공포(호러),15세이상관람가,20555.1128727228,2021,6,해외,43.79789951745671
파이널 피스,장편,일본,77,62950250,7044,46364590,4247,미스터리,15세이상관람가,21534.263117204766,2026,5,해외,60.29244747302669
레벤느망,장편,프랑스,64,63486170,7035,40370770,4233,드라마,15세이상관람가,21745.37638828234,2022,3,해외,60.17057569296376
베르히만 아일랜드,장편,프랑스,45,65384098,7030,45059998,4560,드라마,15세이상관람가,22411.385970625033,2022,8,해외,64.86486486486487
빈센트 반 고흐 : 새로운 시선,장편,영국,29,74223000,7029,44762000,4392,다큐멘터리,전체관람가,25444.67241565494,2017,8,해외,62.483994878361074
케이팝 데몬 헌터스,장편,캐나다,143,82401300,7013,34899700,3050,애니메이션,12세이상관람가,28312.754797888258,2025,10,해외,43.49066020248111
로메리아,장편,스페인,70,59770050,7000,35097800,3781,드라마,청소년관람불가,20574.888123924273,2026,5,해외,54.01428571428571
#진상을 말씀드립니다,장편,일본,113,52976000,6993,27888500,3270,미스터리,15세이상관람가,18254.398977290544,2025,9,해외,46.76104676104676
미스언더스탠드,장편,미국,8,40592500,6990,25224500,4588,코미디,15세이상관람가,13993.312305014048,2008,3,해외,65.63662374821173
선라이즈 선셋,장편,러시아,15,52185331,6989,29695500,3805,다큐멘터리,전체관람가,17992.242887704775,2010,5,해외,54.442695664615826
초행,장편,한국,47,53353900,6980,36560600,4451,드라마,12세이상관람가,18418.855939517383,2017,12,국내,63.76790830945559
신성한 나무의 씨앗,장편,독일,46,63100000,6976,42868100,4384,드라마,15세이상관람가,21795.899193102687,2025,6,해외,62.84403669724771
스타로부터 스무 발자국,장편,미국,21,55110400,6970,42387700,5174,다큐멘터리,15세이상관람가,19052.531503344802,2014,5,해외,74.23242467718795
성적표의 김민영,장편,한국,48,66468161,6959,53683361,5345,드라마,전체관람가,23015.410744861903,2022,9,국내,76.80701250179624
땐뽀걸즈,장편,한국,16,55402300,6957,44293800,5095,다큐멘터리,12세이상관람가,19189.236462884743,2017,9,국내,73.23559005318384
악이 도사리고 있을 때,장편,아르헨티나,229,52344800,6931,16309500,2163,공포(호러),청소년관람불가,18198.246745458244,2024,10,해외,31.207617948348005
헝거,장편,영국,56,51600100,6927,34193900,4434,드라마,청소년관람불가,17949.702665143035,2016,3,해외,64.01039411000433
강변호텔,장편,한국,49,54146036,6912,37851386,4575,드라마,15세이상관람가,18876.211791610887,2019,3,국내,66.18923611111111
기괴도,장편,일본,106,51723749,6912,17772956,2445,공포(호러),15세이상관람가,18031.76211791611,2024,6,해외,35.37326388888889
그녀가 떠날 때,장편,독일,13,52898500,6909,45270500,5696,드라마,15세이상관람가,18449.307433816903,2012,3,해외,82.44319004197423
휴가,장편,한국,55,50051300,6898,22873600,3543,드라마,12세이상관람가,17484.131946749014,2021,10,국내,51.362713830095686
남과 여: 여전히 찬란한,장편,프랑스,69,57963900,6896,37949200,4320,드라마,15세이상관람가,20254.067313336876,2020,10,해외,62.64501160092807
굿 보이,장편,미국,140,56184940,6888,24395050,2868,스릴러,12세이상관람가,19655.2551670095,2025,10,해외,41.63763066202091
레이드 2,장편,인도네시아,48,53724400,6885,25932700,3164,액션,청소년관람불가,18802.67037649509,2014,7,해외,45.954974582425564
에브리바디 원츠 썸!!,장편,미국,63,54852400,6885,37856500,4634,코미디,청소년관람불가,19197.45211783955,2016,7,해외,67.30573710965868
우리가족: 라멘샵,장편,싱가포르,44,59780350,6869,43899550,4880,드라마,12세이상관람가,20970.888942288297,2019,1,해외,71.04382006114427
퀼,장편,일본,14,52551581,6860,31800000,4113,드라마,전체관람가,18459.229688433035,2010,1,해외,59.95626822157435
파커,장편,미국,54,52015000,6828,19301000,2627,범죄,청소년관람불가,18356.378060572697,2014,12,해외,38.473930872876394
고스트 헌터: 얼음 몬스터의 부활,장편,독일,58,48224500,6824,15055000,2001,어드벤처,전체관람가,17028.66565911948,2016,2,해외,29.322977725674093
파힘,장편,프랑스,165,52515900,6824,21388800,2668,드라마,전체관람가,18544.01192107233,2021,1,해외,39.09730363423212
홈리스,장편,한국,86,49834597,6824,26438297,3399,드라마,12세이상관람가,17597.210765688782,2022,9,국내,49.8094958968347
세이레,장편,한국,70,52915083,6822,31344698,4193,드라마,15세이상관람가,18690.446217588033,2022,11,국내,61.462914101436525
벡,장편,일본,30,49184212,6807,25602000,3372,드라마,12세이상관람가,17410.92603114087,2010,11,해외,49.537241075363596
이별까지 7일,장편,일본,42,49911406,6788,31640606,4134,드라마,12세이상관람가,17717.80321048484,2015,1,해외,60.90159104301709
투캅스 인 파리,장편,프랑스,51,34266000,6786,16766000,3345,액션,청소년관람불가,12167.502902858118,2015,3,해외,49.29266136162688
누룩,장편,한국,76,52483970,6783,32194570,3716,가족,15세이상관람가,18644.75860096734,2026,4,국내,54.78401887070618
나의 선택-잊혀진 가방 그 못다한 이야기,장편,한국,14,45610000,6782,17123000,2559,다큐멘터리,전체관람가,16205.192341172416,2011,11,국내,37.732232379828964
다이브: 100 피트 추락,장편,독일,109,58563123,6776,25230143,2883,스릴러,12세이상관람가,20825.849916786392,2023,11,해외,42.54722550177096
명량: 회오리 바다를 향하여,장편,한국,92,48376500,6774,20064500,2541,다큐멘터리,12세이상관람가,17208.42626484681,2015,5,국내,37.511071744907
연인과 독재자,장편,영국,76,45021073,6765,34934573,5246,다큐멘터리,12세이상관람가,16036.14386592935,2016,9,해외,77.54619364375462
시절인연,장편,중국,24,52344000,6755,22855500,2844,멜로/로맨스,12세이상관람가,18672.11258059626,2014,1,해외,42.102146558105105
"마이 프렌즈, 마이 러브",장편,프랑스,2,49020400,6754,47056000,6451,코미디,15세이상관람가,17489.109532592913,2009,7,해외,95.51376961800415
페니 핀처,장편,프랑스,71,48737508,6737,23258408,3148,코미디,12세이상관람가,17432.058529501708,2017,8,해외,46.727029835238234
그 여름날의 거짓말,장편,한국,48,53600756,6735,30854856,3786,멜로/로맨스,15세이상관람가,19177.200919490882,2024,8,국내,56.21380846325167
마이 원 앤 온리,장편,미국,21,48993000,6734,35429000,4697,코미디,15세이상관람가,17531.24765172958,2011,5,해외,69.75051975051974
고스트: 보이지 않는 사랑,장편,일본,31,50310394,6726,25924000,3341,멜로/로맨스,12세이상관람가,18024.065575414952,2010,11,해외,49.67291109128754
무스탕: 랄리의 여름,장편,프랑스,26,51034600,6726,43524000,5610,드라마,15세이상관람가,18283.517656710697,2016,3,해외,83.40767172167708
하와이언 레시피,장편,일본,5,51469000,6713,42842000,5303,드라마,12세이상관람가,18474.852785191117,2012,7,해외,78.99597795322508
마가렛트 여사의 숨길 수 없는 비밀,장편,프랑스,82,49340300,6701,29979800,3995,드라마,15세이상관람가,17742.469654771903,2016,3,해외,59.61796746754216
인필트레이터 : 잠입자들,장편,미국,128,49829000,6701,20527000,2754,범죄,15세이상관람가,17918.20318132701,2016,10,해외,41.098343530816294
오늘부터 우리는!!,장편,일본,21,35193700,6699,25720200,4878,코미디,15세이상관람가,12659.217254148705,2022,4,해외,72.81683833407972
썬다운,장편,프랑스,45,60883899,6697,44694799,4752,미스터리,15세이상관람가,21906.553734723875,2022,8,해외,70.95714499029417
델마,장편,노르웨이,37,59854600,6694,44328900,4720,멜로/로맨스,15세이상관람가,21545.85476654152,2018,8,해외,70.5109052883179
파이어스톰,장편,중국,82,51336800,6682,16628000,2053,액션,청소년관람불가,18512.890231984507,2014,7,해외,30.72433403172703
아들에게 가는 길,장편,한국,46,44440500,6668,17278000,2353,가족,전체관람가,16059.619401420921,2017,11,국내,35.2879424115177
탐엣더팜,장편,캐나다,26,52670000,6668,41834300,5036,드라마,15세이상관람가,19033.542689052552,2014,5,해외,75.5248950209958
샷건 웨딩,장편,미국,126,51048300,6661,30086500,4022,액션,15세이상관람가,18466.889627267516,2023,3,해외,60.38132412550669
판타스틱 우먼,장편,칠레,45,54845600,6651,39991500,4604,드라마,15세이상관람가,19870.406298174203,2018,4,해외,69.2226732822132
고양이들의 아파트,장편,한국,75,58285970,6646,41803870,4616,다큐멘터리,전체관람가,21132.729533844074,2022,3,국내,69.45531146554318
운디네,장편,독일,42,56997020,6643,38061850,4202,드라마,12세이상관람가,20674.727813859685,2020,12,해외,63.25455366551257
매직아치,장편,러시아,182,52885610,6633,6632500,677,애니메이션,전체관람가,19212.302852295663,2021,7,해외,10.206543042363938
네모난원,장편,한국,16,44276000,6627,15744000,2407,드라마,15세이상관람가,16099.163516901468,2012,12,국내,36.3211106081183
힘,장편,한국,13,70830170,6626,49202670,4370,액션,15세이상관람가,25758.392459060513,2025,11,국내,65.95230908542106
밤은 짧아 걸어 아가씨야,장편,일본,45,51696700,6618,38547000,4878,애니메이션,12세이상관람가,18822.961838286963,2018,3,해외,73.70806890299184
당신은 믿지 않겠지만,장편,일본,100,53356540,6605,34678300,4322,드라마,12세이상관람가,19465.552748465478,2021,10,해외,65.43527630582892
복지식당,장편,한국,53,47291100,6598,29829100,4131,드라마,12세이상관람가,17271.060598867127,2022,4,국내,62.609881782358286
환절기,장편,한국,51,52955000,6592,37585000,4475,드라마,15세이상관람가,19357.161656334076,2018,2,국내,67.88531553398059
사보타지,장편,미국,70,50277100,6591,22902500,3012,범죄,청소년관람불가,18381.07093828203,2014,7,해외,45.698680018206645
수영장,장편,일본,3,51216500,6587,49329500,6251,드라마,15세이상관람가,18735.8817385833,2011,3,해외,94.8990435706695
노 웨이 업,장편,영국,147,51781600,6580,17814400,2340,액션,15세이상관람가,18962.75680228513,2024,6,해외,35.56231003039514
몽마르트 파파,장편,한국,42,48610800,6580,24893800,3124,다큐멘터리,전체관람가,17801.589336067675,2020,1,국내,47.47720364741642
미스매치,장편,한국,107,53876750,6573,9874850,1084,코미디,12세이상관람가,19751.026011852064,2026,4,국내,16.491708504488056
좋아하게 되는 그 순간을 ~고백실행위원회~,장편,일본,63,48850000,6573,22467000,2935,애니메이션,12세이상관람가,17908.237239235354,2017,6,해외,44.65236573862772
비포 : 불가사의한 피라미드,장편,이스라엘,72,45170000,6568,10260000,1405,애니메이션,전체관람가,16571.768193358086,2014,9,해외,21.391595615103533
"카페, 한 사람을 기다리다",장편,대만,107,52164000,6545,23988500,2913,멜로/로맨스,15세이상관람가,19204.948134785132,2017,5,해외,44.50725744843392
행복의 속도,장편,한국,23,47870040,6540,36541540,5062,다큐멘터리,전체관람가,17637.53730518404,2021,11,국내,77.40061162079512
비밀,장편,한국,126,66190305,6530,33909102,3198,미스터리,청소년관람불가,24424.917433900995,2023,12,국내,48.9739663093415
베를린 신드롬,장편,호주,78,50803800,6529,22670800,2857,스릴러,청소년관람불가,18750.00692000657,2017,7,해외,43.75861540817889
아디오스,장편,스페인,150,48029220,6526,18146060,2562,액션,청소년관람불가,17734.14959254733,2020,7,해외,39.25835121054245
오디션,장편,일본,122,68387700,6525,35304700,3287,공포(호러),청소년관람불가,25255.11701980335,2023,4,해외,50.37547892720306
미스터 홈즈,장편,영국,58,50852300,6518,29843600,3757,범죄,12세이상관람가,18799.580032310896,2016,5,해외,57.640380484811296
기적의 피아노,장편,한국,74,46156800,6514,22829700,3130,다큐멘터리,전체관람가,17074.179431881657,2015,9,국내,48.05035308566165
시간의 춤,장편,한국,14,46679461,6514,39135500,5358,다큐멘터리,전체관람가,17267.52055813059,2009,12,국내,82.25360761436905
사랑은 소설처럼,장편,미국,35,51129800,6513,28208100,3549,멜로/로맨스,15세이상관람가,18916.680078212437,2014,6,해외,54.49101796407185
해피엔드,장편,프랑스,35,51406630,6510,35944830,4267,드라마,15세이상관람가,19027.864453204522,2019,6,해외,65.54531490015361
초속5센티미터 X 특별영상 '어느 봄의 기억',장편,일본,58,102964650,6498,44545400,2816,애니메이션,전체관람가,38182.14687002859,2025,9,해외,43.33641120344722
드롭,장편,미국,176,56438900,6495,22847900,2792,스릴러,15세이상관람가,20938.7758887745,2025,4,해외,42.9869130100077
극장판 미스터리라 하지 말지어다,장편,일본,99,52274100,6490,27416500,3303,범죄,12세이상관람가,19408.580392448068,2024,11,해외,50.89368258859784
청춘 합창단 - 또 하나의 꿈,장편,한국,39,44711400,6489,30023400,3810,다큐멘터리,전체관람가,16603.22287764094,2017,6,국내,58.71474803513639
웬디,장편,미국,79,45993870,6482,32676470,4681,드라마,12세이상관람가,17097.90225387821,2021,6,해외,72.21536562789262
틴 스피릿,장편,미국,203,52373790,6480,25895500,3012,드라마,12세이상관람가,19475.602409638555,2019,9,해외,46.48148148148148
후겟츠 웨슬리,장편,미국,89,49034670,6476,29518970,4163,코미디,12세이상관람가,18245.187048378815,2021,11,해외,64.28350833848054
학교괴담 : 저주의 언령,장편,일본,70,47578100,6469,11262500,1530,미스터리,15세이상관람가,17722.371942554575,2015,7,해외,23.651259854691606
세상의 모든 디저트: 러브 사라,장편,영국,117,54132170,6457,34902590,4065,드라마,12세이상관람가,20201.171419455117,2021,2,해외,62.9549326312529
애니 레보비츠: 렌즈를 통해 들여다본 삶,장편,미국,3,44241500,6451,39081500,5590,다큐멘터리,15세이상관람가,16525.503657787252,2009,6,해외,86.65323205704541
나의 첫번째 장례식,장편,벨기에,17,45843000,6446,24507900,3164,코미디,15세이상관람가,17136.993521713288,2014,9,해외,49.08470369221222
이스케이프 플랜 2: 하데스,장편,미국,27,32328000,6431,17350000,3470,액션,15세이상관람가,12113.014333808567,2018,11,해외,53.957393873425595
장난을 잘 치는 타카기 양,장편,일본,127,61459560,6429,25734200,2581,멜로/로맨스,12세이상관람가,23035.514901416213,2025,3,해외,40.14621247472391
현상수배,장편,한국,93,52955050,6425,17952350,1938,코미디,15세이상관람가,19860.315972059445,2026,6,국내,30.16342412451362
헌트,장편,미국,30,47535240,6415,33632640,4708,액션,청소년관람불가,17855.455493055622,2020,4,해외,73.39049103663288
클랜,장편,아르헨티나,58,49283800,6405,29705700,3678,범죄,15세이상관람가,18541.16230730886,2016,5,해외,57.42388758782201
영화 스미코구라시 - 푸른 달밤의 마법의 아이,장편,일본,106,52293720,6399,22116360,2658,애니메이션,전체관람가,19691.977473889936,2024,2,해외,41.53774027191749
미래를 걷는 소녀,장편,일본,21,45808918,6397,24357000,3304,판타지,전체관람가,17255.42206342958,2009,9,해외,51.649210567453494
앙리 앙리,장편,캐나다,61,50044500,6394,37074500,4676,드라마,12세이상관람가,18859.73672607226,2015,10,해외,73.13106036909602
극장판 전생했더니 슬라임이었던 건에 대하여 창해의 눈물편,장편,일본,76,66836300,6390,22549550,2100,애니메이션,15세이상관람가,25203.65028187869,2026,6,해외,32.863849765258216
"내 어깨 위 고양이, 밥 2",장편,영국,202,55306190,6378,23792370,2638,가족,전체관람가,20894.94006127993,2020,12,해외,41.36092819065538
노스맨,장편,미국,39,56335999,6378,38877799,4588,드라마,청소년관람불가,21284.006770260723,2022,8,해외,71.93477579178426
"사랑, 스무살",장편,미국,168,52817950,6367,22410450,2522,멜로/로맨스,12세이상관람가,19989.34642291484,2018,10,해외,39.61049159729857
부전시장,장편,한국,41,56877300,6358,2669600,591,드라마,15세이상관람가,21556.108043371976,2025,3,국내,9.295375904372444
인비저블 라이프,장편,기타,49,51596470,6358,32987890,3946,드라마,청소년관람불가,19554.70955858666,2020,6,해외,62.06354199433785
기예르모 델토로의 피노키오,장편,미국,57,58555500,6354,34739200,3615,애니메이션,전체관람가,22206.104872748787,2022,11,해외,56.8932955618508
갈증,장편,일본,35,47317864,6350,33370364,4326,범죄,청소년관람불가,17955.740062612655,2014,12,해외,68.1259842519685
드래곤 네스트: 평화 기사단 VS 블랙 드래곤,장편,중국,102,49051000,6347,18253500,2263,애니메이션,전체관람가,18622.21218258887,2016,11,해외,35.65463998739562
봉신연의: 영웅의 귀환,장편,홍콩,155,48190000,6343,16368300,2034,판타지,12세이상관람가,18306.870869889775,2016,9,해외,32.06684534132114
"마진 콜: 24시간, 조작된 진실",장편,미국,30,45934500,6342,22187000,3027,스릴러,15세이상관람가,17452.781798908025,2013,1,해외,47.72942289498581
드라이,장편,호주,110,53249980,6325,33442280,3762,미스터리,15세이상관람가,20286.67269869994,2022,3,해외,59.47826086956521
트라페지움,장편,일본,105,50436500,6324,17623400,2317,애니메이션,전체관람가,19217.85814986702,2024,11,해외,36.6382036685642
힙노시스: LP 커버의 전설,장편,영국,53,61213647,6321,45202217,4439,다큐멘터리,15세이상관람가,23335.352611204195,2024,5,해외,70.22623002689447
"우리, 둘",장편,프랑스,54,53127040,6319,35751340,4108,드라마,12세이상관람가,20259.054257860687,2021,7,해외,65.01028643772749
크레이지 하트,장편,미국,4,48773260,6313,37876000,4896,드라마,15세이상관람가,18616.494172476378,2010,3,해외,77.55425312846506
스파이 캣,장편,독일,137,48647899,6312,15286000,2100,애니메이션,전체관람가,18571.586345381525,2021,12,해외,33.26996197718631
극장판 페이트/그랜드 오더 신성원탁영역 카멜롯 완더링; 아가트람,장편,일본,91,62166830,6306,25407030,2443,애니메이션,15세이상관람가,23755.08886163111,2021,2,해외,38.740881699968284
챔피언 프로그램,장편,영국,91,48323400,6301,27769500,3431,드라마,12세이상관람가,18479.91234896737,2015,10,해외,54.451674337406764
피부색깔=꿀색,장편,벨기에,48,42655900,6299,23884900,3232,애니메이션,12세이상관람가,16317.717289223572,2014,5,해외,51.309731703444996
미나미 양장점의 비밀,장편,일본,34,45765700,6296,28730500,3754,드라마,전체관람가,17515.691737726,2016,5,해외,59.62515883100381
상견니 대만판 12화,장편,기타,99,46527880,6295,19684860,2673,드라마,12세이상관람가,17810.22613089371,2021,8,해외,42.46227164416203
아이의 노랫소리를 들려줘,장편,일본,106,58092382,6294,33318390,3286,애니메이션,12세이상관람가,22240.48989092691,2022,9,해외,52.20845249443915
더 파크랜드,장편,미국,111,45655500,6291,26347200,3522,미스터리,15세이상관람가,17487.403117477064,2014,3,해외,55.98474010491178
클라이밍,장편,한국,110,40585850,6291,28230970,4569,애니메이션,15세이상관람가,15545.577637205954,2021,6,국내,72.62756318550309
2 데이즈 인 뉴욕,장편,프랑스,19,47935000,6291,41128000,5263,코미디,15세이상관람가,18360.51885175418,2013,8,해외,83.65919567636307
인면어: 저주의 시작,장편,대만,37,39979680,6290,25849700,3809,미스터리,15세이상관람가,15315.831210374088,2019,8,해외,60.556438791732916
극장판 가면라이더: 세이버X젠카이저 슈퍼히어로 전기,장편,일본,103,51373179,6289,18261895,1942,액션,전체관람가,19683.700551929454,2022,12,해외,30.87931308634123
코알라,장편,한국,65,47015000,6287,35697500,4557,드라마,15세이상관람가,18019.58909281152,2013,10,국내,72.48290122474948
할머니는 일학년,장편,한국,33,39607500,6287,13486000,1812,가족,전체관람가,15180.492927651438,2012,5,국내,28.821377445522504
신의 소녀들,장편,루마니아,14,46562000,6275,35765000,4506,드라마,15세이상관람가,17880.094081505304,2012,12,해외,71.80876494023904
조선인 여공의 노래,장편,한국,48,53979900,6266,25833400,2829,다큐멘터리,전체관람가,20758.38624206369,2024,8,국내,45.14842004468561
극장판 베르세르크: 황금 시대편 Ⅲ – 강림,장편,일본,13,47388500,6264,35045000,4463,판타지,청소년관람불가,18229.431134499686,2013,4,해외,71.24840357598978
체브라시카,장편,일본,73,41034500,6261,10815000,1650,애니메이션,전체관람가,15792.73490704553,2013,11,해외,26.35361763296598
더 원더스,장편,이탈리아,44,57698456,6250,38389556,3804,드라마,12세이상관람가,22245.187855421686,2024,7,해외,60.864
마작,장편,대만,108,66699820,6246,37603500,3324,드라마,15세이상관람가,25732.06177254648,2025,10,해외,53.21805955811719
에릭 클랩튼: 기타의 신,장편,영국,28,48550462,6245,34830462,4241,다큐멘터리,15세이상관람가,18733.236999237946,2020,1,해외,67.9103282626101
맵 투 더 스타,장편,캐나다,29,49405800,6244,32107400,3844,미스터리,청소년관람불가,19066.322947137687,2014,12,해외,61.56310057655349
아서,장편,미국,121,50882980,6240,17562150,2125,어드벤처,12세이상관람가,19648.97281433426,2024,4,해외,34.05448717948718
하나 빼고 완벽한 뉴욕 아파트,장편,미국,37,53304300,6234,37085900,4281,코미디,12세이상관람가,20603.801152637498,2018,12,해외,68.67179980750721
킬링 소프틀리,장편,미국,32,43220547,6232,24273547,3331,액션,청소년관람불가,16711.4724623784,2013,4,해외,53.44993581514762
하얀 아오자이,장편,베트남,22,37242726,6229,17425000,2891,드라마,15세이상관람가,14407.049034152344,2010,2,해외,46.411944132284475
미치광이 피에로,장편,프랑스,35,64171100,6227,44624000,3965,드라마,15세이상관람가,24832.046993175853,2025,6,해외,63.67432150313152
썬더버드,장편,한국,99,52757800,6227,28206400,3290,드라마,15세이상관람가,20415.48561356394,2022,9,국내,52.83443070499438
극장판 토미카 하이퍼레스큐 드라이브헤드,장편,일본,140,49667400,6226,16034100,1943,애니메이션,전체관람가,19222.692246660914,2018,10,해외,31.207838098297465
커피 오어 티,장편,중국,119,48768820,6221,34835340,4627,코미디,12세이상관람가,18890.08662846209,2021,3,해외,74.37710978942292
충충충,장편,한국,70,56534920,6220,34037120,3590,범죄,15세이상관람가,21901.723937550847,2026,6,국내,57.71704180064309
크리드 3,장편,미국,156,61787600,6212,23964100,2380,액션,15세이상관람가,23967.44738128302,2023,3,해외,38.312942691564714
"다시, 벚꽃",장편,한국,132,49614500,6199,28951800,3445,다큐멘터리,12세이상관람가,19285.854500434387,2017,4,국내,55.57347959348282
피어스,장편,싱가포르,96,48753200,6199,27522700,3147,드라마,12세이상관람가,18951.05506717951,2026,5,해외,50.76625262139055
다 잘된 거야,장편,프랑스,40,57171817,6198,41147317,4265,드라마,12세이상관람가,22227.07558209605,2022,9,해외,68.81252016779607
틸,장편,미국,122,54991600,6198,22591100,2546,드라마,12세이상관람가,21379.457811886463,2023,3,해외,41.07776702161988
인트로덕션,장편,한국,91,55369270,6185,41196140,4470,기타,12세이상관람가,21571.532370386965,2021,5,국내,72.27162489894907
담뽀뽀,장편,일본,25,61089500,6181,38683700,3886,코미디,청소년관람불가,23815.501449252763,2025,12,해외,62.870085746642935
더 노비스,장편,미국,52,53571600,6174,38417600,4337,스릴러,15세이상관람가,20908.356457901577,2022,5,해외,70.24619371558147
빨간머리 앤 : 네버엔딩스토리,장편,일본,96,43118400,6167,13023300,1735,애니메이션,전체관람가,16847.698887002527,2014,4,해외,28.133614399221663
세하별,장편,한국,53,50058400,6150,23885100,2883,가족,15세이상관람가,19613.439122343032,2025,6,국내,46.8780487804878
칸다하,장편,미국,78,49169213,6149,17078447,2045,스릴러,15세이상관람가,19268.178781151604,2023,9,해외,33.25744023418442
당신의 사월,장편,한국,59,45656620,6143,23320720,3061,다큐멘터리,전체관람가,17909.157057989407,2021,4,국내,49.8290737424711
헤밍웨이 인 하바나,장편,미국,20,44622400,6137,31296000,4188,드라마,15세이상관람가,17520.58911873664,2018,7,해외,68.24181196024117
폭로,장편,한국,145,51638600,6136,18605200,2321,범죄,12세이상관람가,20278.74208699204,2023,9,국내,37.82594524119948
리디밍 러브,장편,미국,118,48410470,6134,27864270,3622,멜로/로맨스,15세이상관람가,19017.23751870868,2022,3,해외,59.04792957287251
사운드 오브 폴링,장편,독일,50,64463810,6128,42861910,3832,드라마,15세이상관람가,25348.316241467175,2025,12,해외,62.532637075718014
셜리에 관한 모든 것,장편,오스트리아,7,46107300,6128,39054300,4922,드라마,15세이상관람가,18130.210135581492,2013,12,해외,80.31984334203656
스톡홀름의 마지막 연인,장편,스웨덴,47,47000800,6127,31699400,3813,멜로/로맨스,15세이상관람가,18484.56663277887,2017,12,해외,62.23274032968826
"하이큐!! 리에프 등장! & VS""낙제점""",장편,일본,52,45137800,6118,15582800,2096,애니메이션,12세이상관람가,17777.99658916805,2025,7,해외,34.25956194834913
굿 보스,장편,스페인,85,54351220,6114,31916720,3463,드라마,15세이상관람가,21420.803922264135,2022,2,해외,56.64049721949623
도쿄택시,장편,한국,13,45514099,6109,34610000,4515,드라마,전체관람가,17952.615438016597,2010,5,국내,73.90734981175315
나쁜 사랑,장편,프랑스,35,46875500,6107,37237000,4715,멜로/로맨스,15세이상관람가,18495.662690059406,2015,4,해외,77.2064843622073
말할 수 없는 비밀: 마지막 챕터,장편,일본,158,37207400,6107,13985200,2279,멜로/로맨스,전체관람가,14680.921162955408,2025,10,해외,37.31783199607008
엠파이어 스테이트,장편,미국,73,41951800,6102,7927900,1572,액션,청소년관람불가,16566.482251523303,2014,5,해외,25.762045231071777
요술,장편,한국,33,47032133,6090,33000700,4201,드라마,15세이상관람가,18609.267810156885,2010,6,국내,68.98193760262726
레스트리스,장편,미국,11,47553300,6083,40095300,5057,드라마,12세이상관람가,18837.130537603316,2011,10,해외,83.1333223738287
모든 비밀스러운 것들,장편,미국,49,41677000,6077,20043500,2795,스릴러,15세이상관람가,16525.67155242659,2015,7,해외,45.993088695079805
그리고 우린 춤을 추었다,장편,프랑스,79,53468810,6069,38020840,4095,드라마,15세이상관람가,21229.28093987418,2020,11,해외,67.47404844290658
열여덟 청춘,장편,한국,109,55664650,6066,26631900,2739,드라마,12세이상관람가,22112.048590007904,2026,3,국내,45.153313550939664
리턴 투 센더,장편,미국,142,47702000,6062,16607500,2048,범죄,15세이상관람가,18961.494278002807,2016,3,해외,33.784229627185745
시크릿 레터,장편,이탈리아,79,46532500,6056,26717600,3290,드라마,12세이상관람가,18514.944852063472,2017,11,해외,54.32628797886394
디터 람스,장편,미국,11,50942770,6051,47328770,5489,다큐멘터리,전체관람가,20286.508453247796,2019,8,해외,90.71227896215501
플래시백,장편,캐나다,145,45741340,6044,22842850,3096,드라마,15세이상관람가,18236.283319911017,2021,6,해외,51.22435473196558
전투왕,장편,한국,41,62110610,6034,31556800,2909,다큐멘터리,12세이상관람가,24803.467100087455,2022,2,국내,48.21014252568777
초인,장편,한국,30,46521400,6034,36434800,4520,멜로/로맨스,12세이상관람가,18578.017738837352,2016,5,국내,74.9088498508452
선물 가게를 지나야 출구,장편,미국,13,48032900,6032,44256400,5489,다큐멘터리,12세이상관람가,19187.98536320348,2011,8,해외,90.99801061007958
진격의 거인: 자유의 날개,장편,일본,37,46345600,6026,17655900,2239,애니메이션,15세이상관람가,18532.383766729716,2015,12,해외,37.15565881181547
교토에서 온 편지,장편,한국,66,50003197,6022,23010578,2612,드라마,12세이상관람가,20008.2416681005,2023,12,국내,43.37429425440053
피나 바우쉬의 댄싱 드림즈,장편,독일,2,45059800,6010,39607800,5031,다큐멘터리,12세이상관람가,18066.194896056775,2011,1,해외,83.71048252911814
극장판 프리큐어 올스타즈 F,장편,일본,104,62614346,6007,34865839,3015,애니메이션,전체관람가,25117.020504190892,2024,7,해외,50.19144331613118
블러드 심플,장편,미국,30,48499532,6001,30717500,3531,범죄,15세이상관람가,19474.477948454376,2019,10,해외,58.840193301116486
논픽션 다이어리,장편,한국,28,45574424,6000,32307224,4129,다큐멘터리,15세이상관람가,18302.98152610442,2014,7,국내,68.81666666666668
탑,장편,한국,57,56281293,5992,45785993,4746,드라마,15세이상관람가,22633.10639085045,2022,11,국내,79.2056074766355
영웅 - 샐러멘더의 비밀,장편,러시아,39,44081500,5987,17204000,2163,액션,15세이상관람가,17741.854339019683,2013,3,해외,36.128277935526974
이태석,장편,한국,100,49047396,5977,17100297,2347,다큐멘터리,전체관람가,19773.54799825032,2022,12,국내,39.267190898444035
지구 최후의 밤,장편,중국,1,48135800,5967,33814600,3911,드라마,12세이상관람가,19438.558658969716,2019,7,해외,65.54382436735378
"조금씩, 천천히 안녕",장편,일본,166,47781320,5960,30070560,3738,가족,전체관람가,19318.072289156626,2020,5,해외,62.718120805369125
댄싱 베토벤,장편,스페인,43,43550500,5952,21837500,2928,다큐멘터리,전체관람가,17631.210325171654,2018,2,해외,49.193548387096776
피렌체와 우피치 미술관,장편,이탈리아,17,47459606,5952,25685906,2775,다큐멘터리,전체관람가,19213.79307552792,2024,6,해외,46.622983870967744
호야와 토리: 드래곤 숲의 비밀,장편,일본,198,40189200,5950,5363900,744,애니메이션,전체관람가,16275.873240862611,2015,6,해외,12.504201680672269
블랙딜,장편,한국,74,40589200,5947,17630000,2503,다큐멘터리,12세이상관람가,16446.157929177614,2014,7,국내,42.08844795695308
그녀가 돌아온 날,장편,한국,60,55121770,5924,36741600,3787,드라마,15세이상관람가,22421.25965035022,2026,5,국내,63.92640108035111
다운 어 다크 홀,장편,미국,94,29600000,5920,2300000,460,드라마,12세이상관람가,12048.192771084337,2019,9,해외,7.77027027027027
벨 칸토,장편,미국,100,29600000,5920,15600000,3120,드라마,15세이상관람가,12048.192771084337,2019,9,해외,52.702702702702695
윈체스터,장편,호주,100,29600000,5920,8900000,1780,판타지,12세이상관람가,12048.192771084337,2019,9,해외,30.067567567567565
극장판 마법소녀 마도카 마기카(전편): 시작의 이야기,장편,일본,10,48706000,5916,30127000,3674,애니메이션,12세이상관람가,19838.37988872325,2013,7,해외,62.10277214334009
해적왕 작스톰,장편,한국,65,45905800,5916,23001300,2613,애니메이션,전체관람가,18697.833932077192,2018,7,국내,44.1683569979716
톰과 제리 아카데미 가다,장편,미국,54,42438000,5909,12355500,1591,애니메이션,전체관람가,17305.845483813748,2014,12,해외,26.925029615840245
바이 더 씨,장편,미국,40,46167000,5908,28739000,3656,드라마,청소년관람불가,18829.685702865627,2016,4,해외,61.88219363574814
아이스,장편,러시아,110,46440980,5907,21931430,2733,멜로/로맨스,전체관람가,18944.63787093524,2019,2,해외,46.2671406805485
액션히어로,장편,한국,110,48964700,5904,26721380,3123,액션,12세이상관람가,19984.286740457766,2021,7,국내,52.89634146341463
극장판 울려라! 유포니엄,장편,일본,72,45125000,5899,21581000,2771,애니메이션,전체관람가,18432.775005769818,2016,9,해외,46.97406340057637
환상의 마로나,장편,프랑스,48,55835960,5892,46609720,4670,애니메이션,전체관람가,22835.112343467557,2020,6,해외,79.26001357773251
도어맨,장편,미국,130,50245300,5888,24044100,2857,액션,15세이상관람가,20562.671883184918,2022,3,해외,48.52241847826087
사일런트 러브,장편,일본,126,45026300,5884,18395500,2441,멜로/로맨스,15세이상관람가,18439.345417018176,2025,1,해외,41.48538409245411
크레이지 컴페티션,장편,스페인,40,54724694,5881,39795994,4138,드라마,15세이상관람가,22422.50170551275,2022,12,해외,70.3621833021595
한낮의 유성,장편,일본,108,48639300,5881,19368400,2292,멜로/로맨스,12세이상관람가,19929.116226852657,2018,4,해외,38.97296378166978
암모나이트,장편,미국,207,50539730,5879,26067120,3002,드라마,청소년관람불가,20714.829380457708,2021,3,해외,51.063105970403136
파리의 밤이 열리면,장편,프랑스,28,43120600,5877,33713500,4415,코미디,12세이상관람가,17679.948994548897,2017,6,해외,75.12336225965629
그 자연이 네게 뭐라고 하니,장편,한국,52,53671000,5876,41044300,4375,드라마,15세이상관람가,22009.481082943075,2025,5,국내,74.45541184479238
엔테베 작전,장편,미국,103,46996200,5874,20719300,2568,범죄,12세이상관람가,19278.831362221103,2018,6,해외,43.718079673135854
짚의 방패,장편,일본,30,38366000,5870,29157000,4485,액션,15세이상관람가,15749.26623016769,2013,8,해외,76.40545144804088
미드소마 감독판,장편,미국,37,53193660,5865,37412860,3995,공포(호러),청소년관람불가,21854.6451791822,2019,10,해외,68.11594202898551
천주정,장편,중국,22,45815000,5864,35883500,4469,액션,청소년관람불가,18826.328506385707,2014,3,해외,76.21077762619373
해로 (偕老),장편,한국,24,28013200,5851,19315200,4480,드라마,12세이상관람가,11536.77777251546,2012,3,국내,76.56810801572381
마음이 외치고 싶어해,장편,일본,99,43060100,5849,23618300,3044,드라마,12세이상관람가,17739.660986225637,2017,12,해외,52.043084287912464
수 분간의 응원을,장편,일본,84,48397300,5849,24046500,2904,드라마,전체관람가,19938.451017267907,2024,9,해외,49.649512737220036
이탈리아 횡단밴드,장편,이탈리아,9,42797300,5848,31626800,4141,코미디,15세이상관람가,17634.409045209566,2012,9,해외,70.81053351573188
몬스터 랜드,장편,프랑스,197,41733320,5841,6596100,797,애니메이션,전체관람가,17216.609633191216,2019,5,해외,13.64492381441534
토베 얀손,장편,기타,38,47472880,5829,36816980,4354,드라마,15세이상관람가,19624.718121068938,2021,9,해외,74.6954880768571
블러드 타이즈,장편,프랑스,95,41526500,5828,15816500,2171,범죄,청소년관람불가,17169.501616624355,2014,3,해외,37.25120109814687
"안녕, 소중한 사람",장편,프랑스,37,50331256,5827,39161897,4304,드라마,15세이상관람가,20813.4777655327,2023,2,해외,73.86305131285395
디판,장편,프랑스,30,42933900,5821,33450200,4305,드라마,청소년관람불가,17772.75051071836,2015,10,해외,73.95636488575846
뷰티풀 프래니,장편,미국,144,43842600,5821,15002000,1994,드라마,15세이상관람가,18148.912433792895,2016,3,해외,34.255282597491835
열두살 샘,장편,스페인,15,41595500,5816,24804500,3221,드라마,12세이상관람가,17233.514525778493,2012,4,해외,55.38170563961485
비스트,장편,미국,24,40271800,5814,24601800,3293,판타지,12세이상관람가,16690.82936493135,2013,2,해외,56.63914688682491
죽어도 자이언츠,장편,한국,69,58248407,5813,16643100,1592,다큐멘터리,12세이상관람가,24145.46830017472,2022,10,국내,27.38689145019783
유랑의 달,장편,일본,45,58430392,5812,38747694,3656,드라마,15세이상관람가,24225.073176394497,2023,1,해외,62.9043358568479
"1991, 봄",장편,한국,26,43364850,5811,23369750,2864,다큐멘터리,12세이상관람가,17982.03656132014,2018,10,국내,49.28583720530029
종로의 기적,장편,한국,14,44279900,5809,38729400,4972,다큐멘터리,15세이상관람가,18367.800691490356,2011,6,국내,85.59132380788431
렛 힘 고,장편,미국,47,40874000,5800,23792500,3457,범죄,15세이상관람가,16981.304528458662,2020,11,해외,59.60344827586207
간츠,장편,일본,18,42883500,5798,20055500,2641,액션,15세이상관람가,17822.306819551406,2011,7,해외,45.55018972059331
엉클 분미,장편,태국,1,48638646,5792,47803000,5688,판타지,15세이상관람가,20235.07538441057,2010,9,해외,98.20441988950276
나의 마지막 수트,장편,아르헨티나,21,43560800,5790,29544000,3475,드라마,12세이상관람가,18128.805376948207,2018,9,해외,60.01727115716753
비포 : 하늘을 나는 강아지의 모험,장편,이스라엘,87,38302100,5781,6325500,911,애니메이션,전체관람가,15965.095462285051,2014,3,해외,15.758519287320533
크로닉,장편,멕시코,43,43629200,5772,31705700,3979,드라마,15세이상관람가,18213.89508136496,2016,4,해외,68.93624393624394
루키스,장편,중국,277,47805080,5761,13587800,1598,액션,15세이상관람가,19995.307039649662,2020,5,해외,27.73823988890818
렛 더 선샤인 인,장편,프랑스,25,46340071,5756,34211671,4023,코미디,15세이상관람가,19399.37833334729,2018,4,해외,69.89228630993746
레이첼 결혼하다,장편,미국,5,40491979,5747,39124000,5550,드라마,15세이상관람가,16977.73338001388,2009,2,해외,96.5721245867409
다우렌의 결혼,장편,한국,52,48028500,5745,23757600,2627,드라마,12세이상관람가,20144.70414294253,2024,6,국내,45.726718885987815
차일드 인 타임,장편,영국,75,48693920,5744,32361100,3649,드라마,15세이상관람가,20427.358458905263,2020,1,해외,63.52715877437326
위키드 블러드,장편,미국,20,40480000,5742,21183500,3007,액션,청소년관람불가,16987.490190647648,2014,7,해외,52.3685127133403
인사이드잡,장편,미국,4,47021000,5741,40275500,4897,다큐멘터리,12세이상관람가,19735.867350258028,2011,5,해외,85.29872844452187
"땡큐, 마스터 킴",장편,일본,14,42805565,5728,32554000,4197,다큐멘터리,전체관람가,18007.321885306592,2010,9,해외,73.27164804469274
케이 넘버,장편,한국,44,48307800,5725,26874500,3062,다큐멘터리,12세이상관람가,20332.635344872942,2025,5,국내,53.484716157205234
러시안 소설,장편,한국,16,41936900,5722,30995900,4044,드라마,15세이상관람가,17660.39340865735,2013,9,국내,70.67458930443901
나이스 걸 라이크 유,장편,미국,149,48068200,5720,24807800,3035,코미디,청소년관람불가,20249.473418148118,2020,11,해외,53.05944055944056
극장판 천재 추리 탐정 셜록홈즈,장편,홍콩,134,50762300,5716,19563700,2076,애니메이션,전체관람가,21399.36934582276,2022,1,해외,36.319104268719386
원 세컨드,장편,중국,42,50859200,5716,32657500,3539,드라마,12세이상관람가,21440.218536848584,2022,1,해외,61.913925822253326
돈키호테를 죽인 사나이,장편,스페인,42,45345590,5699,31138810,3709,드라마,12세이상관람가,19172.921903441103,2019,5,해외,65.08159326197578
멋진 세계,장편,일본,47,55080300,5698,37498700,3639,드라마,15세이상관람가,23293.01763036703,2022,8,해외,63.86451386451386
극장판 페이트/그랜드 오더 신성원탁영역 카멜롯 팔라딘; 아가트람,장편,일본,44,59586480,5694,29500850,2773,애니메이션,15세이상관람가,25216.346947325655,2021,8,해외,48.700386371619246
차박- 살인과 낭만의 밤,장편,한국,90,51673696,5678,25716818,2762,스릴러,15세이상관람가,21929.364233970045,2023,9,국내,48.64388869320183
행동하는 양심 김대중,장편,한국,86,45039360,5676,21231500,2382,다큐멘터리,12세이상관람가,19120.60928704246,2019,11,국내,41.966173361522195
백산 - 의령에서 발해까지,장편,한국,30,42282900,5671,4587300,773,다큐멘터리,전체관람가,17966.232767430152,2025,2,국내,13.630752953623698
나는 나대로 혼자서 간다,장편,일본,23,44853290,5670,33900230,4116,드라마,12세이상관람가,19061.766643292747,2021,7,해외,72.5925925925926
청년 마르크스,장편,프랑스,25,46957200,5667,33970600,3798,드라마,15세이상관람가,19966.45130017157,2018,5,해외,67.01958708311275
신의 은총으로,장편,프랑스,41,44147760,5666,30171760,3632,드라마,15세이상관람가,18775.175534471102,2020,1,해외,64.10165901870808
언씬: 할로우맨,장편,캐나다,4,30131100,5666,26645050,5049,SF,15세이상관람가,12814.165238433437,2019,4,해외,89.11048358630427
울프 토템,장편,중국,57,46933250,5664,20057200,2347,어드벤처,12세이상관람가,19966.83768974202,2026,6,해외,41.43714689265537
헨리스 크라임,장편,미국,65,41616000,5663,16660500,2241,범죄,15세이상관람가,17707.84355858894,2013,1,해외,39.57266466537171
걸즈 앤 판처 최종장 제3화,장편,일본,43,55892500,5660,31467000,3010,애니메이션,12세이상관람가,23795.180722891568,2022,1,해외,53.18021201413428
"그 겨울, 나는",장편,한국,27,43232293,5660,37223593,4922,멜로/로맨스,15세이상관람가,18405.335689045936,2022,11,국내,86.96113074204948
빅트립2: 아기곰 배달 대작전,장편,러시아,128,49824450,5657,13332150,1457,애니메이션,전체관람가,21223.071533083013,2023,5,해외,25.75570090153792
극장판 마법소녀 마도카 마기카(신편): 반역의 이야기,장편,일본,62,44751500,5647,21655500,2712,애니메이션,12세이상관람가,19095.969498678263,2018,3,해외,48.02550026562777
극장의 시간들,장편,한국,72,55095450,5646,38293150,3479,드라마,전체관람가,23514.013546214614,2026,3,국내,61.61884520014169
극장판 금빛 모자이크 땡큐!!,장편,일본,60,28202000,5638,14145500,2883,애니메이션,전체관람가,12053.321480316443,2022,3,해외,51.13515431003902
마르지엘라,장편,기타,31,51368170,5637,43872200,4712,다큐멘터리,전체관람가,21958.261999568258,2020,9,해외,83.59056235586306
보희와 녹양,장편,한국,25,44897700,5633,35993300,4194,드라마,12세이상관람가,19205.969983252737,2019,5,국내,74.45410971063376
아버지와 이토씨,장편,일본,94,42095000,5631,22368500,2898,드라마,12세이상관람가,18013.449643004624,2017,4,해외,51.465103889184874
재춘언니,장편,한국,44,35332500,5627,26691500,4272,다큐멘터리,12세이상관람가,15130.363287163225,2022,3,국내,75.91967300515373
드림쏭3,장편,미국,238,47088089,5625,2770400,318,애니메이션,전체관람가,20171.604390896922,2024,3,해외,5.653333333333333
말하는 건축 시티:홀,장편,한국,31,41660800,5619,32603800,4222,다큐멘터리,전체관람가,17865.718077864047,2013,10,국내,75.13792489766863
셀,장편,미국,77,45255600,5617,15309100,1869,공포(호러),청소년관람불가,19414.21373584064,2016,6,해외,33.273989674203314
거래완료,장편,한국,72,51481099,5614,35234899,3751,드라마,12세이상관람가,22096.694151025193,2022,10,국내,66.81510509440683
미스 프레지던트,장편,한국,76,37339500,5605,16901500,2304,다큐멘터리,12세이상관람가,16052.577840353386,2017,10,국내,41.10615521855486
페기 구겐하임: 아트 애딕트,장편,미국,14,43204200,5605,32270600,3983,다큐멘터리,12세이상관람가,18573.86369743022,2017,2,해외,71.06155218554862
킬링시즌,장편,미국,102,37128000,5598,12159500,1756,액션,청소년관람불가,15981.611332790972,2013,9,해외,31.368345837799218
달팽이의 회고록,장편,호주,50,49457960,5596,30905500,3360,애니메이션,15세이상관람가,21296.606009455983,2025,4,해외,60.042887776983555
장기자랑,장편,한국,57,53573195,5595,30231795,2946,다큐멘터리,12세이상관람가,23072.74998115788,2023,4,국내,52.65415549597855
바늘을 든 소녀,장편,덴마크,39,52032950,5587,34006550,3409,드라마,15세이상관람가,22441.489602584315,2025,12,해외,61.0166457848577
어디로 가고 싶으신가요,장편,한국,89,47097416,5586,17857956,1971,드라마,12세이상관람가,20316.460687001498,2023,7,국내,35.284640171858214
서유기 : 모험의 시작,장편,중국,73,43467000,5585,19682500,2495,코미디,12세이상관람가,18753.761689551404,2015,2,해외,44.67323187108326
아티스트: 다시 태어나다,장편,한국,119,42058800,5579,26775000,3421,드라마,15세이상관람가,18165.71178062312,2017,3,국내,61.319232837426064
돌핀,장편,한국,67,48370539,5569,29143139,3140,드라마,12세이상관람가,20929.343807263533,2024,3,국내,56.383551804632795
어른이 되면,장편,한국,25,40094400,5567,24839300,3314,다큐멘터리,전체관람가,17354.59170975261,2018,12,국내,59.52936949883241
러브 인 프로방스,장편,프랑스,34,41210600,5563,29752600,3764,드라마,15세이상관람가,17850.557361569234,2015,10,해외,67.661333812691
극장판 마법소녀 마도카 마기카(후편): 영원의 이야기,장편,일본,10,45484500,5561,28575500,3501,애니메이션,12세이상관람가,19708.902143369378,2013,7,해외,62.95630282323324
파이어 : 테러와의 전쟁,장편,독일,20,39011000,5559,15548500,2214,액션,15세이상관람가,16909.94956620871,2014,7,해외,39.827307069616836
언니 유정,장편,한국,56,46862200,5558,27432100,3169,가족,12세이상관람가,20316.834086977637,2024,12,국내,57.016912558474274
스트레인저스: 챕터1,장편,미국,223,50497778,5555,15024378,1623,공포(호러),15세이상관람가,21904.84118291347,2024,8,해외,29.21692169216922
스탈린이 죽었다!,장편,프랑스,26,44592420,5546,37825920,4553,코미디,15세이상관람가,19374.61494010662,2019,4,해외,82.09520375045078
新극장판 이니셜D: 레전드3 -몽현-,장편,일본,55,49132300,5544,20370000,2266,애니메이션,12세이상관람가,21354.813192162594,2016,8,해외,40.87301587301587
송해 1927,장편,한국,60,39539400,5527,24463400,3319,다큐멘터리,12세이상관람가,17238.223747168882,2021,11,국내,60.05066039442736
부력,장편,호주,90,46094660,5523,30799340,3462,드라마,15세이상관람가,20110.713358594618,2020,6,해외,62.68332428028246
시인 할매,장편,한국,102,41815900,5516,18962500,2277,다큐멘터리,전체관람가,18267.07846614886,2019,2,국내,41.2799129804206
이공삼칠,장편,한국,89,58124820,5516,17675800,1628,가족,15세이상관람가,25391.5531597019,2022,6,국내,29.514140681653373
딜리버리,장편,한국,28,44198400,5514,27061100,3040,드라마,15세이상관람가,19314.865555803193,2024,11,국내,55.132390279289076
극장판 울트라맨 우주 몬스터 대결전,장편,일본,136,40488900,5510,8125600,1017,액션,전체관람가,17706.645092165396,2016,4,해외,18.457350272232308
문경,장편,한국,63,46279695,5501,25837900,2792,드라마,12세이상관람가,20272.19366467871,2024,8,국내,50.75440828940193
넥스트 골 윈즈,장편,미국,156,50989771,5497,30274045,3314,코미디,전체관람가,22351.631448479016,2024,1,해외,60.28742950700382
야관문: 욕망의 꽃,장편,한국,90,38906500,5491,10322000,1470,미스터리,청소년관람불가,17073.50253317038,2013,11,국내,26.771079949007465
"베로니카, 죽기로 결심하다",장편,미국,12,39189012,5477,26510000,3618,드라마,15세이상관람가,17241.437687943668,2009,11,해외,66.05806098228958
스퀴시랜드,장편,한국,55,38111300,5473,7716800,1017,애니메이션,전체관람가,16779.546470185513,2014,6,국내,18.58213045861502
어메이징 그레이스,장편,미국,30,42447700,5463,35121500,4434,다큐멘터리,전체관람가,18722.975372108973,2019,11,해외,81.16419549697969
코스믹 씬,장편,미국,53,34748810,5463,5171840,753,SF,12세이상관람가,15327.12287921593,2021,4,해외,13.783635365183965
다이노 마이 프렌드,장편,중국,185,45224980,5460,4494000,519,애니메이션,전체관람가,19958.94787942981,2021,8,해외,9.505494505494505
온다,장편,일본,163,44904840,5456,25688740,3080,공포(호러),15세이상관람가,19832.190933823273,2020,3,해외,56.451612903225815
최후의 만찬,장편,미국,80,49712620,5456,13761070,1414,드라마,12세이상관람가,21955.543581952446,2026,6,해외,25.916422287390027
극장판 요술공주 밍키: 꿈 속의 윤무,장편,일본,105,35856500,5438,7128000,995,애니메이션,전체관람가,15888.41574462617,2013,11,해외,18.297168076498714
에움길,장편,한국,62,41892000,5438,33059700,4146,다큐멘터리,전체관람가,18562.81322420982,2019,6,국내,76.24126517101875
그들이 진심으로 엮을 때,장편,일본,55,42120500,5436,26376700,3258,가족,12세이상관람가,18670.930964476007,2017,11,해외,59.93377483443708
리틀 포니 프린세스,장편,미국,1,27339000,5435,27338000,5434,판타지,전체관람가,12120.9031156826,2019,4,해외,99.98160073597056
티처스 라운지,장편,독일,29,49532614,5434,30849024,3233,드라마,12세이상관람가,21964.611038929364,2023,12,해외,59.49576739050423
당신과 함께한 순간들,장편,미국,27,40971300,5433,30951800,3884,드라마,15세이상관람가,18171.5487017091,2017,10,해외,71.48904840787779
홍이,장편,한국,35,40907730,5431,24041430,3286,드라마,12세이상관람가,18150.035605504323,2025,9,국내,60.50451113975327
나소흑전기: 첫만남편,장편,중국,133,51967800,5430,25853300,2588,애니메이션,전체관람가,23061.439126672438,2021,4,해외,47.661141804788215
라임라이프,장편,미국,23,40513580,5418,20529500,2651,코미디,청소년관람불가,18018.2879913897,2010,9,해외,48.92949427833149
고백,장편,일본,100,39871000,5417,20034800,2670,스릴러,15세이상관람가,17735.77603750798,2025,2,해외,49.289274506184235
유윌 미스 미,장편,프랑스,10,41159724,5414,32135000,4232,드라마,12세이상관람가,18319.183197511138,2010,2,해외,78.16771333579608
김~치!,장편,한국,49,40583100,5413,20687700,2790,가족,12세이상관람가,18065.878885948376,2026,3,국내,51.54258267134676
다큐 황은정 : 스마트폰이 뭐길래,장편,한국,22,37831000,5409,19238000,2750,드라마,12세이상관람가,16853.214299237996,2024,7,국내,50.84119060824551
힘을 낼 시간,장편,한국,60,54514700,5407,40798300,3770,드라마,12세이상관람가,24294.566837722632,2024,12,국내,69.72443129276863
구세주: 리턴즈,장편,한국,124,39997000,5401,10563000,1347,코미디,15세이상관람가,17844.53124477172,2017,9,국내,24.939825958155897
비밀일 수밖에,장편,한국,78,54680700,5399,37646400,3468,드라마,12세이상관람가,24404.65324903987,2025,9,국내,64.23411742915354
1942: 언노운 배틀,장편,러시아,121,43025100,5399,18896960,2354,전쟁,15세이상관람가,19202.61895888797,2020,7,해외,43.60066679014633
믿을 수 있는 사람,장편,한국,62,46995272,5388,25626344,2768,드라마,12세이상관람가,21017.37551542473,2023,10,국내,51.37342242019302
브레이브 래빗 : 새로운 영웅의 탄생,장편,중국,60,33201100,5382,9394300,1176,애니메이션,전체관람가,14864.855184394211,2014,8,해외,21.850613154960982
해피 고 럭키,장편,영국,1,36209539,5373,32134500,4736,멜로/로맨스,15세이상관람가,16238.95425364215,2008,11,해외,88.14442583286805
포스 마쥬어: 화이트 베케이션,장편,스웨덴,36,40280400,5372,25945400,3289,드라마,15세이상관람가,18067.983026671092,2015,3,해외,61.22486969471333
한 채,장편,한국,30,46086100,5372,25865300,2752,드라마,12세이상관람가,20672.159972727848,2024,11,국내,51.22859270290394
이브 생 로랑의 라무르,장편,프랑스,3,42664500,5368,41715500,5190,다큐멘터리,전체관람가,19151.64383315677,2011,4,해외,96.68405365126677
어웨이크,장편,한국,72,42708198,5367,18795998,2192,미스터리,15세이상관람가,19174.83146672773,2022,8,국내,40.84218371529719
해변의 에트랑제,장편,일본,92,49798070,5365,27141380,2814,애니메이션,15세이상관람가,22366.327939905004,2021,2,해외,52.45107176141659
폭설,장편,한국,113,50306400,5361,31580400,3191,드라마,15세이상관람가,22611.49803466805,2024,10,국내,59.52247714978549
할로윈 킬즈,장편,미국,43,34077500,5341,27154000,4625,공포(호러),청소년관람불가,15374.360200585152,2021,10,해외,86.59427073581726
원맨,장편,아일랜드,147,50108000,5337,10270200,1060,액션,15세이상관람가,22623.60289951261,2024,9,해외,19.861345325089
서태지 8집: 398일의 기록,장편,한국,1,43754500,5326,43754500,5326,다큐멘터리,전체관람가,19795.81864823168,2012,7,국내,100.0
와인 패밀리,장편,캐나다,35,44416950,5322,27961050,3144,드라마,12세이상관람가,20110.634194047896,2021,7,해외,59.07553551296505
빛나는,장편,일본,53,40173200,5314,29589500,3745,멜로/로맨스,12세이상관람가,18216.57726124672,2017,11,해외,70.47421904403463
Mr.스타벅,장편,캐나다,27,39371542,5312,28123542,3752,코미디,15세이상관람가,17859.786434896214,2012,9,해외,70.63253012048193
당신얼굴 앞에서,장편,한국,69,46753950,5306,33559680,3664,드라마,15세이상관람가,21232.58961212358,2021,10,국내,69.05390124387486
극장판 페어리 테일: 드래곤 크라이,장편,일본,97,44098400,5295,12094300,1290,애니메이션,12세이상관람가,20068.21620760663,2018,5,해외,24.362606232294617
여름의 조각들,장편,프랑스,7,35600396,5288,28506000,4124,드라마,12세이상관람가,16222.406722198933,2009,3,해외,77.98789712556732
하트스톤,장편,아이슬란드,37,44441250,5288,29098950,3339,드라마,12세이상관람가,20251.01161073948,2019,4,해외,63.142965204236
당신은 아직 아무것도 보지 못했다,장편,프랑스,6,41480000,5287,38053000,4687,드라마,15세이상관람가,18905.202804788285,2012,11,해외,88.65140911670134
더 로프트 : 비밀의 방,장편,미국,114,39660300,5287,11535300,1524,스릴러,청소년관람불가,18075.844136903204,2015,10,해외,28.825420843578588
성 베드로 대성당과 로마의 교황청 대성당들,장편,이탈리아,19,44308900,5285,22370600,2428,다큐멘터리,전체관람가,20202.163431398254,2025,1,해외,45.941343424787135
잘나가는 그녀에게 왜 애인이 없을까,장편,미국,3,36835500,5285,36835500,5285,코미디,15세이상관람가,16794.747580672738,2008,3,해외,100.0
뒷담화: 감독이 미쳤어요,장편,한국,39,38535100,5284,28098100,3866,드라마,12세이상관람가,17572.986875587132,2013,2,국내,73.16426949280847
여의도,장편,한국,24,39825281,5280,15385000,1918,스릴러,청소년관람불가,18175.100857977366,2010,12,국내,36.32575757575758
벰: 비컴 휴먼,장편,일본,5,27195500,5279,21537500,4178,애니메이션,15세이상관람가,12413.586910627926,2022,6,해외,79.14377723053609
"그 여름, 가장 차가웠던",장편,중국,102,46028380,5274,26780650,3046,드라마,15세이상관람가,21029.91259691782,2021,6,해외,57.7550246492226
갈매기,장편,한국,42,39347130,5273,24682860,3155,드라마,15세이상관람가,17980.724719473383,2021,7,국내,59.833112080409634
클레오의 세계,장편,프랑스,47,52288087,5271,36643868,3479,드라마,전체관람가,23903.507941841355,2024,1,해외,66.00265604249668
극장판 시로바코,장편,일본,64,45865490,5267,21357510,2398,애니메이션,12세이상관람가,20983.340233918396,2020,8,해외,45.528764002278336
굿나잇,장편,미국,5,37319570,5263,30901000,4458,코미디,15세이상관람가,17086.580790194792,2008,1,해외,84.70454113623408
스페이스 독 3: 트로피컬 어드벤처,장편,러시아,172,42907970,5261,5008500,552,애니메이션,전체관람가,19652.670365934373,2021,10,해외,10.49230184375594
서산개척단,장편,한국,52,43554100,5260,24398400,2724,다큐멘터리,12세이상관람가,19952.402766961386,2018,5,국내,51.78707224334601
원 와일드 모먼트,장편,프랑스,40,39192000,5258,26908500,3529,코미디,청소년관람불가,17960.927009674302,2015,8,해외,67.11677443895016
드래곤 포스 극장판,장편,미국,144,40387700,5256,9637400,1185,애니메이션,전체관람가,18515.935889677432,2016,11,해외,22.54566210045662
나미비아의 사막,장편,일본,55,49114800,5254,35772800,3520,드라마,15세이상관람가,22525.488325590144,2025,5,해외,66.99657403882756
열두 번째 용의자,장편,한국,111,40128280,5249,16594680,2085,미스터리,12세이상관람가,18421.53755046859,2019,10,국내,39.721851781291676
힐마 아프 클린트 - 미래를 위한 그림,장편,독일,24,39671196,5248,26683196,3304,다큐멘터리,전체관람가,18215.175947693213,2023,12,해외,62.95731707317073
뱅크시,장편,영국,35,43566999,5247,27381399,3053,다큐멘터리,전체관람가,20007.760716967354,2022,8,해외,58.1856298837431
잡식가족의 딜레마,장편,한국,18,35384800,5247,16720800,2351,다큐멘터리,전체관람가,16250.157864161047,2015,5,국내,44.80655612731084
애니멀 체인지,장편,중국,155,38658440,5239,4611600,536,애니메이션,전체관람가,17780.658039679238,2022,2,해외,10.230960106890628
피넛 버터 팔콘,장편,미국,141,47748400,5234,23143140,2425,드라마,12세이상관람가,21982.496282416636,2021,4,해외,46.33167749331296
믹막: 티르라리고 사람들,장편,프랑스,13,39810800,5226,33228800,4141,코미디,15세이상관람가,18356.226282858184,2012,5,해외,79.23842326827402
호비와 마법의 카네이션,장편,일본,98,32168060,5224,9035660,1425,애니메이션,전체관람가,14837.93981438772,2024,9,해외,27.277947932618684
공포분자,장편,기타,52,41166630,5218,27200450,3330,드라마,15세이상관람가,19010.48271275982,2020,9,해외,63.817554618627824
에이브의 쿠킹 다이어리,장편,브라질,56,39993060,5213,33569100,4365,드라마,전체관람가,18486.249621543917,2020,6,해외,83.73297525417226
제로법칙의 비밀,장편,미국,17,41339100,5212,29066100,3573,SF,15세이상관람가,19112.1045964364,2014,8,해외,68.5533384497314
메이드 인 루프탑,장편,한국,77,49095350,5206,36273680,3728,드라마,15세이상관람가,22724.173682821955,2021,6,국내,71.60968113714944
젊은이의 양지,장편,한국,108,44082770,5199,28739100,3315,드라마,15세이상관람가,20431.53340424595,2020,10,국내,63.76226197345643
기빗올: 우리들의 썸머,장편,일본,107,39836970,5194,18856150,2379,애니메이션,전체관람가,18481.45914423965,2025,6,해외,45.802849441663454
비버,장편,미국,26,37194500,5194,24568000,3189,코미디,12세이상관람가,17255.54509141688,2012,4,해외,61.39776665383134
데드풀 2: 순한맛,장편,미국,17,44553400,5191,32642500,3813,액션,12세이상관람가,20681.485332584434,2019,1,해외,73.45405509535735
신촌좀비만화,옴니버스,한국,46,51525700,5187,34191900,3253,드라마,청소년관람불가,23936.439802007335,2014,5,국내,62.714478503952186
고릴라와 슈퍼레이스,장편,노르웨이,183,38630040,5174,5899880,723,애니메이션,전체관람가,17990.80667470811,2019,4,해외,13.973714727483571
굿바이 썸머,장편,한국,34,42039870,5174,28253270,3198,드라마,12세이상관람가,19578.83486012081,2019,7,국내,61.80904522613066
볼코노고프 대위 탈출하다,장편,러시아,36,49352335,5167,33119425,3256,스릴러,15세이상관람가,23015.538834260988,2023,8,해외,63.01528933617186
돌아와요 부산항애(愛),장편,한국,88,38622300,5163,11805700,1651,범죄,15세이상관람가,18025.524526928166,2018,1,국내,31.977532442378465
커튼콜,장편,한국,80,38228100,5163,26856600,3571,코미디,15세이상관람가,17841.546313084997,2016,12,국내,69.16521402285493
찬란한 내일로,장편,이탈리아,42,45876480,5154,34369480,3686,드라마,12세이상관람가,21448.532196305594,2024,5,해외,71.51726814124952
파문,장편,일본,97,47771700,5154,27845100,2788,드라마,12세이상관람가,22334.600333814888,2025,1,해외,54.093907644547926
테이크 쉘터,장편,미국,19,38539900,5149,26519900,3288,드라마,15세이상관람가,18035.973764937396,2013,4,해외,63.857059623227805
월성,장편,한국,26,42610260,5138,13906400,1694,다큐멘터리,전체관람가,19983.519910705494,2019,12,국내,32.9700272479564
하나레이 베이,장편,일본,31,42076100,5128,28752600,3187,드라마,15세이상관람가,19771.488449899443,2019,6,해외,62.14898595943838
비독: 파리의 황제,장편,프랑스,182,44661660,5120,22054610,2395,액션,15세이상관람가,21019.230045180724,2020,9,해외,46.77734375
레트리뷰션,장편,미국,202,42480002,5115,13860080,1700,액션,15세이상관람가,20012.013803012636,2024,1,해외,33.235581622678396
도쿄 소나타,장편,일본,3,34433461,5106,30733400,4448,드라마,12세이상관람가,16249.940301747532,2009,3,해외,87.11320015667842
장강7호 : 내친구 마법요정,장편,홍콩,64,30521500,5104,4697500,735,애니메이션,전체관람가,14409.440268912642,2013,8,해외,14.400470219435737
울트라맨 사가,장편,일본,108,37277400,5103,8267500,1073,액션,전체관람가,17602.402555548473,2015,2,해외,21.02684695277288
리키,장편,프랑스,23,38680804,5102,28551000,3701,코미디,12세이상관람가,18268.670448158766,2010,2,해외,72.54018032144258
어네스트와 셀레스틴: 멜로디 소동,장편,프랑스,119,35836200,5102,16392300,2188,애니메이션,전체관람가,16925.184076171405,2025,6,해외,42.88514308114465
승리의 시작,장편,한국,35,42529800,5101,16961100,1976,다큐멘터리,12세이상관람가,20090.46182770683,2025,6,국내,38.7375024504999
언데드 다루는 법,장편,노르웨이,64,45661500,5101,27278000,2972,드라마,15세이상관람가,21569.831570941675,2025,1,해외,58.26308566947658
매미소리,장편,한국,70,48274770,5100,29736300,2623,드라마,15세이상관람가,22808.773919206236,2022,2,국내,51.431372549019606
암살교실,장편,일본,55,40197700,5097,17353700,2130,코미디,12세이상관람가,19003.713500263562,2015,8,해외,41.78928781636257
엠마,장편,영국,18,34655000,5094,22470500,3220,코미디,12세이상관람가,16393.01611629084,2020,2,해외,63.21162151550844
미스터 빌리:하일랜드의 수호자,장편,영국,61,31869500,5085,10570500,1581,애니메이션,전체관람가,15102.060158036275,2013,5,해외,31.091445427728615
라이즈 오브 더 레전드: 황비홍,장편,홍콩,51,40009000,5077,13652000,1593,액션,15세이상관람가,18989.01495285851,2015,9,해외,31.37679732125271
운동회,장편,한국,81,33945900,5075,11025800,1507,가족,12세이상관람가,16117.70431479613,2018,3,국내,29.694581280788178
선샤인 클리닝,장편,미국,11,37345976,5073,20007500,2598,코미디,15세이상관람가,17739.070296561764,2009,9,해외,51.212300413956235
프렌즈 : 하얀 거짓말,장편,프랑스,52,35658700,5073,19826200,2798,드라마,15세이상관람가,16937.626318401934,2014,9,해외,55.15474078454563
공작새,장편,한국,33,42276300,5066,26705500,3042,드라마,15세이상관람가,20108.685828985108,2024,10,국내,60.04737465455982
후쿠오카,장편,한국,101,41546520,5064,23954070,2732,드라마,15세이상관람가,19769.371324159198,2020,8,국내,53.94944707740916
빌로우 허,장편,캐나다,65,41539900,5056,24369000,2896,드라마,청소년관람불가,19797.496949824617,2017,9,해외,57.27848101265823
미친 능력,장편,미국,110,48352710,5052,28693570,2930,범죄,15세이상관람가,23062.659187820165,2022,6,해외,57.99683293745051
탐욕의 제국,장편,한국,19,32067400,5049,18035900,2644,다큐멘터리,12세이상관람가,15304.187635867296,2014,3,국내,52.36680530798178
라라와 크리스마스 요정,장편,노르웨이,141,41817640,5045,4983310,548,애니메이션,전체관람가,19973.319641300583,2021,12,해외,10.862239841427156
사랑이 뭘까,장편,일본,132,45020480,5045,31899820,3495,멜로/로맨스,15세이상관람가,21503.08906587699,2020,4,해외,69.27651139742319
거짓말,장편,한국,30,40895000,5043,20962000,2529,드라마,청소년관람불가,19540.386411798296,2015,10,국내,50.148720999405114
나만 없어 고양이,옴니버스,한국,39,41537030,5038,23631450,2775,가족,전체관람가,19866.857664879448,2019,8,국내,55.08138150059547
카브리올레,장편,한국,180,42849607,5031,19732939,2207,드라마,15세이상관람가,20523.16936200377,2024,6,국내,43.86801828662294
고양이 사무라이,장편,일본,16,42257600,5029,33690600,3876,코미디,12세이상관람가,20247.671936503222,2014,11,해외,77.07297673493736
아버지의 초상,장편,프랑스,25,31168500,5028,19028800,3029,드라마,12세이상관람가,14937.314892026341,2016,1,해외,60.24264120922832
시간의 끝에서 널 기다려,장편,홍콩,111,39241400,5026,20162900,2707,드라마,12세이상관람가,18813.68690040704,2021,2,해외,53.859928372463195
잊혀진 꿈의 동굴,장편,미국,4,53190500,5024,48375500,4478,다큐멘터리,전체관람가,25511.520604711844,2013,1,해외,89.13216560509554
더 체이스,장편,프랑스,69,32856800,5015,13905700,2325,액션,15세이상관람가,15787.240687575828,2014,4,해외,46.360917248255234
친구사이?,장편,한국,7,32866321,5014,24761200,3429,드라마,15세이상관람가,15794.96494153719,2009,12,국내,68.38851216593538
사일런싱,장편,미국,89,36651920,5011,15761490,2229,공포(호러),15세이상관람가,17624.801340664995,2021,1,해외,44.48213929355418
안녕 히어로,장편,한국,24,30039300,5002,17158500,2629,다큐멘터리,12세이상관람가,14470.982691260846,2017,9,국내,52.558976409436234
"시네도키, 뉴욕",장편,미국,5,36604709,5001,32130000,4317,드라마,15세이상관람가,17637.296155226788,2010,1,해외,86.32273545290941
트립 투 그리스,장편,영국,48,41886790,4998,26148590,2944,코미디,15세이상관람가,20194.482612322037,2021,7,해외,58.90356142456983
킹덤 3: 운명의 불꽃,장편,일본,136,36139270,4994,14601400,2034,액션,15세이상관람가,17437.440591360235,2024,1,해외,40.728874649579495
그랜드 투어,장편,포르투갈,43,43257700,4992,28329700,2975,드라마,12세이상관람가,20880.493126351557,2025,3,해외,59.59535256410257
"시바, 인생을 던져",장편,한국,5,37629400,4991,26450400,3413,드라마,15세이상관람가,18167.351835713926,2013,12,국내,68.38308956121017
미안하다 독도야,장편,한국,61,30177543,4989,16987000,2778,다큐멘터리,전체관람가,14575.460229372089,2008,12,국내,55.68250150330728
쾌걸 조로리의 공룡알을 지켜라,장편,일본,47,32120500,4985,6854000,981,애니메이션,전체관람가,15526.338050295464,2014,5,해외,19.679037111334
파란나비효과,장편,한국,41,34617100,4980,18860500,2508,다큐멘터리,12세이상관람가,16749.939517104565,2017,6,국내,50.36144578313253
아르마딜로,장편,덴마크,16,34737300,4978,24819300,3319,전쟁,15세이상관람가,16814.852822297627,2012,4,해외,66.67336279630373
간호중,장편,한국,16,27099400,4969,14275000,2600,SF,15세이상관람가,13141.428664951616,2021,12,국내,52.324411350372316
스틸 라이프,장편,영국,19,36057400,4967,21364400,2719,드라마,12세이상관람가,17492.510812325203,2014,6,해외,54.74129253070264
고당도,장편,한국,67,42674790,4963,21370190,2221,드라마,15세이상관람가,20719.488067118364,2025,12,국내,44.75115857344348
빈센트,장편,독일,8,35136500,4960,27330000,3778,드라마,15세이상관람가,17069.81150408084,2013,6,해외,76.16935483870968
시빌,장편,프랑스,54,39123280,4960,25600280,3101,드라마,청소년관람불가,19006.645938593083,2019,11,해외,62.520161290322584
에브리타임 아이 다이,장편,미국,140,40982970,4960,21546770,2484,미스터리,15세이상관람가,19910.10979401477,2020,10,해외,50.08064516129033
설행_눈길을 걷다,장편,한국,72,36345200,4959,17339000,2213,드라마,15세이상관람가,17660.575757354887,2016,3,국내,44.62593264771123
종착역,장편,한국,49,35001798,4959,18972298,2599,드라마,전체관람가,17007.80034839904,2021,9,국내,52.40976003226457
우리를 침범하는 것들,장편,영국,56,36978100,4958,26185000,3364,액션,15세이상관람가,17971.733646971916,2017,7,해외,67.84993949173054
퀸 오브 데저트,장편,미국,47,35987000,4955,19114000,2495,드라마,12세이상관람가,17500.63827459181,2016,4,해외,50.35317860746721
"끝, 새로운 시작",장편,영국,79,41551800,4950,22467000,2607,드라마,15세이상관람가,20227.236217597663,2025,3,해외,52.666666666666664
히스테리아,장편,영국,16,37059500,4947,24466500,3230,코미디,청소년관람불가,18051.344249039823,2012,8,해외,65.29209621993127
"안녕, 하세요!",장편,한국,18,30829500,4946,12357000,1877,다큐멘터리,전체관람가,15019.804247316806,2012,5,국내,37.949858471492114
뉴욕 라이브러리에서,장편,미국,17,51195100,4945,41838500,3635,다큐멘터리,전체관람가,24946.751617186645,2018,10,해외,73.50859453993934
원 네이션,장편,프랑스,47,40955324,4941,25785844,2985,드라마,15세이상관람가,19973.189174426912,2019,3,해외,60.41287188828173
나쁜 녀석들,장편,호주,59,35561300,4936,10883500,1551,범죄,15세이상관람가,17360.186288102166,2015,3,해외,31.42220421393841
양치기들,장편,한국,56,39535300,4934,20791500,2506,드라마,청소년관람불가,19308.022523820455,2016,6,국내,50.79043372517228
극장판 마이 리틀 포니: 새로운 희망,장편,미국,155,43869890,4924,8490500,929,애니메이션,전체관람가,21468.435888150492,2021,9,해외,18.866774979691307
노마: 뉴 노르딕 퀴진의 비밀,장편,영국,15,38139200,4924,29929200,3513,다큐멘터리,전체관람가,18664.030614741663,2016,7,해외,71.34443541835905
체인징사이드: 부부탐구생활,장편,프랑스,73,32076500,4924,11373000,1729,멜로/로맨스,15세이상관람가,15697.150910710268,2012,10,해외,35.113728675873276
장화신은 고양이 디 오리지널,장편,프랑스,47,31767500,4923,4805500,690,애니메이션,전체관람가,15549.094611229806,2012,5,해외,14.015843997562463
5 투 7,장편,미국,62,37072200,4921,18958000,2394,코미디,15세이상관람가,18152.93688470607,2015,11,해외,48.64864864864865
스트레인저랜드,장편,호주,32,37598200,4916,22722800,2865,미스터리,청소년관람불가,18429.225445312575,2015,8,해외,58.279088689991866
타이거 마운틴,장편,중국,50,25024000,4910,9863000,1939,전쟁,15세이상관람가,12280.813682428288,2015,4,해외,39.490835030549896
안티 큐어,장편,미국,4,24918700,4908,21705200,4282,SF,15세이상관람가,12234.119853497117,2019,4,해외,87.24531377343114
"안전제일, 놀이퀴즈 최강전",장편,한국,2,29465000,4906,2351000,391,기타,전체관람가,14472.075010191602,2024,4,국내,7.969832857725234
파라다이스 하이웨이,장편,미국,53,43392800,4904,31833200,3461,액션,15세이상관람가,21321.566854694473,2022,8,해외,70.57504078303425
위국일기,장편,일본,69,47665500,4890,30116400,2970,드라마,12세이상관람가,23488.06268016853,2024,10,해외,60.73619631901841
노아의 방주 2: 새로운 세계로,장편,독일,167,40193890,4888,5644330,578,애니메이션,전체관람가,19814.391773312564,2021,12,해외,11.824877250409166
두 번째 계절,장편,프랑스,29,41979300,4887,32174500,3503,멜로/로맨스,15세이상관람가,20698.78038858935,2026,1,해외,71.67996726007776
살바도르 달리 : 불멸을 찾아서,장편,스페인,34,41368970,4887,24397720,2575,다큐멘터리,12세이상관람가,20397.844293071612,2023,8,해외,52.690812359320645
안녕하세요,장편,일본,38,47357500,4884,29092400,2797,드라마,12세이상관람가,23364.958605922464,2026,2,해외,57.26863226863227
프랑스 영화처럼,장편,한국,30,37782300,4881,30072800,3754,드라마,15세이상관람가,18652.26116512763,2016,1,국내,76.91046916615447
이장,장편,한국,82,38933040,4878,21728940,2438,드라마,12세이상관람가,19232.175936217194,2020,3,국내,49.97949979499795
엔젤 오브 마인,장편,미국,115,35692800,4877,18924840,2482,드라마,15세이상관람가,17635.174695089565,2019,10,해외,50.891941767480006
젤리 피쉬,장편,프랑스,4,28798500,4875,26804500,4302,드라마,12세이상관람가,14234.66172381835,2008,8,해외,88.24615384615385
메리와 맥스,장편,호주,8,34316500,4873,27092000,3645,애니메이션,12세이상관람가,16969.08710153563,2011,12,해외,74.79991791504207
걸,장편,독일,239,44184510,4872,21698570,2254,드라마,15세이상관람가,21853.181197697195,2021,1,해외,46.264367816091955
불량한 가족,장편,한국,161,41519940,4872,17410360,1889,코미디,12세이상관람가,20535.313668466973,2020,7,국내,38.77257799671593
조용한 열정,장편,영국,12,36275800,4871,27189700,3341,드라마,12세이상관람가,17945.30204579352,2017,11,해외,68.58961198932457
저니스 엔드,장편,영국,63,37714850,4861,23735550,2979,전쟁,15세이상관람가,18695.568119009673,2018,11,해외,61.2836864842625
엘리자의 내일,장편,루마니아,23,34031600,4854,23451300,3131,드라마,15세이상관람가,16894.078166808147,2017,8,해외,64.50350226617223
걸즈 앤 판처 최종장,장편,일본,11,46050000,4850,32651000,3360,애니메이션,12세이상관람가,22879.145447770465,2020,3,해외,69.27835051546391
빅터 영 페레즈,장편,프랑스,16,24586000,4846,23869000,4742,드라마,15세이상관람가,12225.211203874518,2017,7,해외,97.85390012381345
수연의 선율,장편,한국,40,39434600,4845,20812400,2456,가족,12세이상관람가,19612.617653275644,2025,8,국내,50.69143446852426
우행록: 어리석은 자의 기록,장편,일본,36,41883050,4845,30277250,3292,드라마,15세이상관람가,20830.343044002635,2019,1,해외,67.94633642930856
극장판 울려라! 유포니엄: 앙상블 콘테스트,장편,일본,99,44271951,4843,24132960,2553,애니메이션,전체관람가,22027.54491017964,2024,4,해외,52.71525913689862
산타렐라 패밀리,장편,스페인,16,35368938,4838,25766500,3469,코미디,15세이상관람가,17616.030720650273,2009,9,해외,71.70318313352625
쇠파리,장편,한국,56,36279100,4836,8904500,1076,범죄,15세이상관람가,18076.82342272315,2017,5,국내,22.249793217535153
헬로 몽키,장편,중국,157,35402440,4832,4999900,598,판타지,전체관람가,17654.611824782576,2019,11,해외,12.375827814569536
지니어스 독,장편,미국,142,37463400,4828,13403700,1838,코미디,12세이상관람가,18697.856879048923,2020,9,해외,38.069594034797014
그녀가 말했다,장편,미국,88,38469300,4824,22013100,2679,드라마,15세이상관람가,19215.818497872086,2022,11,해외,55.53482587064676
알카라스의 여름,장편,스페인,44,43656493,4824,31107593,3128,드라마,12세이상관람가,21806.87576175348,2022,11,해외,64.8424543946932
컬러풀,장편,일본,13,32135900,4824,19590400,2772,애니메이션,15세이상관람가,16052.21882555096,2012,5,해외,57.46268656716418
호랑님의 생일날,장편,한국,1,29149000,4824,3682000,611,기타,전체관람가,14560.230973645828,2024,10,국내,12.665837479270314
해상화,장편,일본,35,42737670,4822,26941670,2857,드라마,15세이상관람가,21356.7684258394,2026,2,해외,59.24927416009954
카운터스,장편,한국,51,37673900,4819,25291200,3005,다큐멘터리,15세이상관람가,18838.033186908247,2018,8,국내,62.35733554679395
나이트메어 시네마,장편,미국,97,42923628,4817,16832548,1855,공포(호러),청소년관람불가,21471.95950086416,2019,7,해외,38.50944571309944
리벤지,장편,프랑스,143,40284300,4814,13224520,1552,액션,청소년관람불가,20164.229831665674,2020,5,해외,32.239302035729125
은하철도의 꿈,장편,일본,85,35438000,4812,13527000,1713,애니메이션,전체관람가,17745.796152189807,2015,4,해외,35.59850374064838
쿵쿵따 탐험대,장편,한국,2,29111000,4806,2256000,376,기타,전체관람가,14595.711184312782,2024,6,국내,7.823553890969621
빨간 나라를 보았니,장편,한국,33,50657550,4805,20826200,1913,다큐멘터리,12세이상관람가,25404.034452064243,2026,4,국내,39.812695109261185
시티즌포,장편,미국,39,35778400,4804,21795800,2732,다큐멘터리,12세이상관람가,17946.089102454782,2015,11,해외,56.86927560366362
블랙폰 2,장편,미국,409,42526560,4784,13340060,1471,공포(호러),15세이상관람가,21420.074948623926,2025,10,해외,30.748327759197323
슈퍼문,장편,한국,200,41532780,4778,7753800,811,애니메이션,전체관람가,20945.79069732257,2021,9,국내,16.97362913352867
와일드 테일즈: 참을 수 없는 순간,장편,스페인,16,38674600,4778,30650100,3601,코미디,청소년관람불가,19504.35479885217,2015,5,해외,75.36626203432398
해탄적일천,장편,대만,44,45827240,4778,32542240,3170,드라마,12세이상관람가,23111.57060220791,2022,1,해외,66.34575136040183
봉쇄수도원 카르투시오,장편,한국,125,40591180,4777,18546360,2111,다큐멘터리,전체관람가,20475.208768925397,2020,11,국내,44.19091480008374
심판,장편,독일,39,37445037,4775,26198437,3213,드라마,15세이상관람가,18896.126663722956,2019,11,해외,67.28795811518324
더 퍼지: 포에버,장편,미국,52,32656830,4774,18177550,2909,스릴러,청소년관람불가,16483.27537212108,2021,7,해외,60.934227063259314
나는 나비,장편,한국,9,28144629,4771,17424900,2809,다큐멘터리,전체관람가,14214.710361041736,2010,12,국내,58.876545797526724
B컷,장편,한국,84,36525500,4763,11824900,1628,범죄,청소년관람불가,18478.53306992404,2022,3,국내,34.18013856812933
재꽃,장편,한국,35,35089000,4762,21776900,2666,드라마,12세이상관람가,17755.524407584136,2017,7,국내,55.98488030239395
물은 바다를 향해 흐른다,장편,일본,57,41449500,4761,18423300,2040,드라마,12세이상관람가,20978.43168515271,2024,8,해외,42.848141146817895
그리고 싶은 것,장편,한국,23,29946800,4756,17095800,2425,다큐멘터리,전체관람가,15172.616454041567,2013,8,국내,50.98822539949538
블리딩 스틸,장편,중국,116,38266600,4754,10903300,1382,액션,15세이상관람가,19396.01907841716,2018,4,해외,29.070256625999157
요나요나 펭귄,장편,일본,53,30973500,4753,10130500,1374,애니메이션,전체관람가,15702.701401017493,2012,1,해외,28.90805806858826
문빔베어: 달을 사랑한 작은 곰,장편,독일,93,31145000,4747,13617500,2023,가족,전체관람가,15809.604544150903,2013,5,해외,42.61638929850432
여타짜,장편,한국,152,40700840,4746,5178770,514,범죄,15세이상관람가,20664.625632745905,2021,12,국내,10.830172777075433
디지몬 어드벤처 : 라스트 에볼루션 인연,장편,일본,70,49397000,4739,19850300,1869,애니메이션,12세이상관람가,25116.884503619032,2021,2,해외,39.438700147710485
은밀하게 위대하게 (확장판),장편,한국,5,34327500,4738,34327500,4738,액션,15세이상관람가,17458.182243537256,2013,8,국내,100.0
파리 5구의 여인,장편,프랑스,8,36273000,4735,27592500,3437,스릴러,15세이상관람가,18459.30713349703,2013,4,해외,72.58711721224921
캅샵: 미친놈들의 전쟁,장편,미국,139,41726370,4733,14214490,1581,액션,15세이상관람가,21243.496699665768,2021,12,해외,33.40376082822734
위켄즈,장편,한국,12,35615700,4731,31449200,4165,다큐멘터리,15세이상관람가,18140.131865445295,2016,12,국내,88.03635595011625
트롤 킹,장편,기타,190,36520010,4728,5655900,662,애니메이션,전체관람가,18612.526247120462,2020,10,해외,14.001692047377325
할,장편,한국,16,34973607,4728,19425000,2531,드라마,12세이상관람가,17824.39759036145,2010,10,국내,53.532148900169204
후로티로봇 극장판,장편,중국,177,36110740,4727,5469600,655,어드벤처,전체관람가,18407.834001544576,2019,8,해외,13.856568648191242
극장판 슈타인즈 게이트: 부하영역의 데자뷰,장편,일본,23,34586500,4726,22770000,3067,애니메이션,12세이상관람가,17634.567045159056,2013,12,해외,64.89631823952602
세레나,장편,미국,46,36339000,4726,21402600,2767,드라마,청소년관람불가,18528.111600018354,2015,4,해외,58.54845535336437
로그 인 벨지움,장편,한국,53,47005240,4725,39803070,3882,다큐멘터리,전체관람가,23971.563715178178,2021,12,국내,82.15873015873015
빨간 풍선,장편,프랑스,4,31787500,4724,28728500,4200,가족,12세이상관람가,16214.306846352387,2008,2,해외,88.90770533446232
에브리타임 룩 앳 유,장편,독일,43,38689780,4719,20212480,2418,코미디,12세이상관람가,19755.962183125383,2019,3,해외,51.2396694214876
호라이즌 라인,장편,미국,79,32305070,4716,14021390,2161,스릴러,12세이상관람가,16506.264242721525,2021,2,해외,45.822731128074636
팔로우 미,장편,미국,138,38775300,4715,15143500,1809,스릴러,15세이상관람가,19816.427959984157,2020,10,해외,38.36691410392365
금빛 모자이크 프리티 데이즈,장편,일본,80,34265500,4709,12120000,1643,애니메이션,전체관람가,17533.971093548116,2017,2,해외,34.890634954342744
시선 1318,옴니버스,한국,14,30076796,4707,22056500,3334,드라마,12세이상관람가,15397.112221991856,2009,6,국내,70.8306777140429
EBS친구들 씽씽 댄스파티,장편,한국,1,28459000,4699,2934000,477,가족,전체관람가,14593.722837722458,2022,9,국내,10.151095977867632
브라보! 재즈 라이프,장편,한국,9,36018564,4695,27120800,3434,다큐멘터리,전체관람가,18485.989453019745,2010,12,국내,73.14164004259851
모추어리 컬렉션,장편,미국,115,37557400,4693,16717600,2267,판타지,청소년관람불가,19283.988714286083,2021,1,해외,48.3059876411677
찰리 컨트리맨,장편,미국,37,34601538,4692,21761638,2785,코미디,청소년관람불가,17770.07672634271,2014,8,해외,59.35635123614663
늙은 자전거,장편,한국,17,23988800,4687,8985500,2209,드라마,전체관람가,12332.907478002473,2015,11,국내,47.13036057179433
위스키 탱고 폭스트롯,장편,미국,108,35228370,4682,15368070,2010,전쟁,15세이상관람가,18130.636171340637,2016,11,해외,42.93037163605297
해적왕의 황금나침반,장편,독일,62,33506600,4682,11666500,1414,가족,전체관람가,17244.50986346068,2014,11,해외,30.200768902178552
플라스틱 시티,장편,홍콩,4,32668085,4681,30020000,4246,범죄,청소년관람불가,16816.551401075358,2009,7,해외,90.70711386455885
보이 인 더 풀,장편,한국,52,45004600,4670,27222700,2300,드라마,12세이상관람가,23221.588710301592,2025,5,국내,49.25053533190578
영화 스미코구라시 - 튀어나오는 그림책과 비밀의 아이,장편,일본,101,40442390,4670,18635560,2143,애니메이션,전체관람가,20867.567916204433,2024,1,해외,45.888650963597435
태어나길 잘했어,장편,한국,50,38873300,4663,24167100,2849,드라마,12세이상관람가,20088.055417035932,2022,4,국내,61.098005575809566
라이엇 클럽,장편,영국,53,37266300,4662,27857000,3409,드라마,청소년관람불가,19261.75745452854,2015,10,해외,73.12312312312312
푸른 호수,장편,미국,139,35491120,4655,19207710,2766,드라마,12세이상관람가,18371.809040673976,2021,10,해외,59.41997851772288
클라우드,장편,독일,17,35363500,4652,24110000,3088,드라마,15세이상관람가,18317.552238187487,2011,7,해외,66.38005159071368
럭키 몬스터,장편,한국,101,34603580,4645,17351980,2255,드라마,청소년관람불가,17950.940900307367,2020,12,국내,48.546824542518834
맨홀,장편,한국,30,40233300,4643,25805100,2861,드라마,15세이상관람가,20880.40293848234,2025,11,국내,61.619642472539304
블링 링,장편,미국,30,34907000,4641,22989000,2970,범죄,청소년관람불가,18123.95022884038,2013,9,해외,63.99482870071105
성 프란치스코,장편,프랑스,43,31590200,4638,18430000,2547,드라마,전체관람가,16412.45447508014,2017,10,해외,54.91591203104787
나를 죽여줘,장편,한국,112,39655296,4636,18862299,2187,드라마,15세이상관람가,20611.503477239414,2022,10,국내,47.17428817946506
위 아 엑스,장편,영국,19,39930900,4636,25554300,2826,다큐멘터리,15세이상관람가,20754.75326673389,2017,5,해외,60.95772217428818
"파리, 밤의 여행자들",장편,프랑스,37,41757900,4636,28606800,3052,드라마,15세이상관람가,21704.36708005447,2025,12,해외,65.83261432269197
라이프 인 어 데이,장편,미국,1,38464000,4631,38464000,4631,다큐멘터리,12세이상관람가,20013.89275521434,2011,9,해외,100.0
단순한 열정,장편,프랑스,31,40911290,4619,29094890,3030,드라마,청소년관람불가,21342.589670220175,2023,2,해외,65.59861441870535
사일런트 하트,장편,덴마크,23,34500700,4603,25077000,3168,가족,15세이상관람가,18060.877007923067,2015,11,해외,68.82467955681078
주피터스 문,장편,헝가리,39,37249800,4603,27457900,3136,SF,15세이상관람가,19500.011778593846,2018,8,해외,68.12948077340864
후세: 말하지 못한 내 사랑,장편,일본,49,32394000,4601,14610500,1958,애니메이션,15세이상관람가,16965.40563471011,2013,3,해외,42.55596609432732
살수,장편,한국,188,42416765,4600,16980895,1758,액션,15세이상관람가,22219.36354112101,2023,2,국내,38.21739130434783
아-하: 테이크 온 미,장편,기타,53,39303900,4592,23786200,2766,다큐멘터리,12세이상관람가,20624.60643969607,2021,9,해외,60.235191637630656
크래쉬: 디렉터스컷,장편,캐나다,46,44537600,4592,33439400,3357,범죄,청소년관람불가,23370.97518995844,2025,3,해외,73.10540069686411
프로디지,장편,미국,123,39493020,4592,12854760,1467,공포(호러),15세이상관람가,20723.846605935938,2019,4,해외,31.946864111498257
카운테스,장편,프랑스,28,35531364,4590,21472000,2739,사극,청소년관람불가,18653.103393968027,2009,12,해외,59.673202614379086
슈팅걸스,장편,한국,207,35823060,4587,7714740,913,드라마,12세이상관람가,18818.536408551143,2020,5,국내,19.904076738609113
극장판 기븐,장편,일본,103,40516790,4585,19788480,2109,애니메이션,15세이상관람가,21293.52655989279,2020,11,해외,45.99781897491822
침묵의 시선,장편,덴마크,31,35797000,4585,26610500,3244,다큐멘터리,15세이상관람가,18813.049362115857,2015,9,해외,70.752453653217
슈가: 로드 투 디데이,장편,한국,80,94042500,4563,49562500,2395,다큐멘터리,12세이상관람가,49662.159486070515,2023,6,국내,52.487398641244795
트라이앵글,장편,영국,82,32766850,4558,9335350,1221,공포(호러),15세이상관람가,17322.568025502627,2018,8,해외,26.788064940763494
제4 이노베이터,장편,한국,10,32954000,4555,10908000,1290,드라마,12세이상관람가,17432.981101133406,2014,12,국내,28.3205268935236
트라이앵글,장편,한국,54,34225859,4555,13133500,1663,드라마,전체관람가,18105.806673455623,2009,11,국내,36.509330406147086
귀목: 피의 혼례,장편,베트남,34,56474100,4551,19853600,1547,공포(호러),청소년관람불가,29901.597159898658,2025,10,해외,33.992529114480334
아톰 새로운 시작,장편,미국,144,41690541,4548,13411739,1357,애니메이션,전체관람가,22088.640048319932,2024,1,해외,29.837291116974495
왓 데이 해드,장편,미국,43,35607780,4534,27415680,3158,드라마,12세이상관람가,18924.102231599536,2019,11,해외,69.65152183502427
화이트 노이즈,장편,미국,62,36305700,4534,24355800,2936,코미디,15세이상관람가,19295.01862766461,2022,12,해외,64.75518306131451
보티첼리. 피렌체와 메디치,장편,이탈리아,14,36795512,4531,21459712,2275,다큐멘터리,전체관람가,19568.28168999104,2024,4,해외,50.20966674023395
파과: 인터내셔널 컷,장편,한국,130,43504370,4531,19337570,2104,액션,청소년관람불가,23136.13048530472,2025,12,국내,46.43566541602296
킹덤2: 아득한 대지로,장편,미국,112,37839200,4526,20983700,2804,액션,15세이상관람가,20145.557927689548,2022,11,해외,61.9531595227574
바라나시,장편,인도,14,31894100,4522,20326700,2623,코미디,전체관람가,16995.41198851132,2018,5,해외,58.005307386112335
터널,장편,베트남,40,34786900,4522,13757600,1868,전쟁,15세이상관람가,18536.89858949287,2025,12,해외,41.30915524104379
갤버스턴,장편,미국,48,37766970,4518,22355170,2620,드라마,15세이상관람가,20142.706283300537,2019,7,해외,57.99026117751217
아이를 위한 아이,장편,한국,51,38482300,4515,22559600,2566,기타,12세이상관람가,20537.85907750604,2022,7,국내,56.8327796234773
너는 착한 아이,장편,일본,51,33959800,4514,21488400,2780,드라마,전체관람가,18128.232913933094,2016,3,해외,61.586176340274704
고야의 유령,장편,스페인,8,30117500,4511,19960500,2876,드라마,15세이상관람가,16087.849513772226,2008,4,해외,63.755264908002665
내셔널 갤러리,장편,프랑스,5,43608600,4509,35468000,3298,다큐멘터리,전체관람가,23304.71586946589,2016,8,해외,73.14260368152584
정순,장편,한국,44,38362678,4508,21898778,2426,드라마,15세이상관람가,20505.809217348546,2024,4,국내,53.81543921916593
예스맨 프로젝트,장편,프랑스,11,33170795,4506,24680000,3309,다큐멘터리,12세이상관람가,17738.487906352442,2010,3,해외,73.43541944074568
블랙 쉐도우,장편,미국,144,33762500,4502,10973500,1420,액션,15세이상관람가,18070.951063249,2017,7,해외,31.541537094624612
킹덤4: 대장군의 귀환,장편,일본,88,30111620,4500,13513100,1947,액션,15세이상관람가,16124.026773761714,2024,11,해외,43.266666666666666
미스 유 올레디,장편,영국,73,33207200,4499,12269500,1551,드라마,15세이상관람가,17785.58555180937,2017,10,해외,34.474327628361856
아녜스가 말하는 바르다,장편,프랑스,35,37001113,4499,26995813,3039,다큐멘터리,12세이상관람가,19817.583559398743,2019,5,해외,67.54834407646143
그랑블루 오리지날 리마스터링,장편,프랑스,89,42966100,4487,17005700,1749,드라마,15세이상관람가,23073.94051355858,2024,7,해외,38.97927345665255
홈그라운드,장편,한국,35,40306800,4485,25525100,2661,다큐멘터리,12세이상관람가,21655.47809968973,2023,12,국내,59.331103678929765
아무도 없다,장편,미국,122,38901450,4478,13157650,1556,스릴러,15세이상관람가,20933.102665238894,2020,9,해외,34.74765520321572
튼튼이의 모험,장편,한국,88,34307600,4476,18808100,2330,코미디,15세이상관람가,18469.373472442046,2018,6,국내,52.05540661304736
나넬 모차르트,장편,프랑스,11,32900000,4475,27942500,3749,드라마,12세이상관람가,17715.554957259203,2011,9,해외,83.77653631284916
우리는 천국에 갈 순 없지만 사랑은 할 수 있겠지,장편,한국,87,43355900,4472,26675300,2643,드라마,15세이상관람가,23361.370347220723,2024,10,국내,59.101073345259394
해야 할 일,장편,한국,64,39807400,4469,22125400,2280,드라마,12세이상관람가,21463.738147937467,2024,9,국내,51.01812486014769
파란,장편,한국,125,47629900,4466,31106800,2602,미스터리,15세이상관람가,25698.800576241378,2025,4,국내,58.26242722794447
로마서 8:37,장편,한국,44,33525000,4465,26011500,3298,드라마,15세이상관람가,18092.526882445796,2017,11,국내,73.86338185890257
코드 카림,장편,이탈리아,21,26729910,4461,14971840,2495,액션,15세이상관람가,14438.33707391773,2021,8,해외,55.92916386460435
어느 파리 택배기사의 48시간,장편,프랑스,46,42368630,4460,27620330,2797,드라마,12세이상관람가,22890.82608460749,2026,6,해외,62.71300448430493
내일도 우린 사랑하고 있을까,장편,중국,129,31768800,4451,12650400,1797,드라마,12세이상관람가,17198.680139565226,2021,3,해외,40.37294989889912
세계일주,장편,한국,56,32479400,4449,17944100,2354,가족,12세이상관람가,17591.282188768564,2015,3,국내,52.910766464374014
그녀는 거짓말을 너무 사랑해,장편,일본,108,35446200,4448,18660500,2280,멜로/로맨스,12세이상관람가,19202.457311259426,2018,1,해외,51.2589928057554
콜렉터,장편,미국,25,34396500,4443,17952500,2249,범죄,청소년관람불가,18654.767618753205,2011,5,해외,50.61895115912671
동사서독 리덕스,장편,홍콩,37,32712500,4441,18549500,2416,액션,15세이상관람가,17749.44859374449,2013,12,해외,54.40216167529835
홍길동 2084,장편,한국,36,31703500,4434,8653000,999,애니메이션,전체관람가,17229.133040959507,2011,8,국내,22.53044654939107
브라더 오브 더 이어,장편,태국,58,34937080,4429,26866280,3458,코미디,12세이상관람가,19007.84261453128,2019,3,해외,78.07631519530368
트랜짓,장편,독일,42,37686660,4429,30896480,3517,드라마,12세이상관람가,20503.777131556253,2020,7,해외,79.40844434409573
반 고흐. 밀밭과 구름 낀 하늘,장편,이탈리아,20,34431000,4425,15212900,1697,다큐멘터리,전체관람가,18749.438431692874,2025,7,해외,38.35028248587571
싸나희 순정,장편,한국,41,30154300,4419,12080300,1578,드라마,12세이상관람가,16442.85219629366,2021,11,국내,35.709436524100475
내가 날 부를 때,장편,중국,97,40978490,4417,22131170,2367,드라마,12세이상관람가,22355.29757699578,2021,9,해외,53.588408422005884
코코순이,장편,한국,50,40166900,4415,22823300,2401,다큐멘터리,전체관람가,21922.47131220238,2022,8,국내,54.382785956964895
로제타,장편,프랑스,27,34526950,4412,24655850,2973,드라마,15세이상관람가,18857.087461359493,2019,5,해외,67.38440616500453
트라이얼 오브 더 시카고 7,장편,미국,103,35893730,4412,19914960,2338,드라마,15세이상관람가,19603.5620268927,2020,10,해외,52.9918404351768
경성유랑극단,장편,한국,22,34678300,4411,15616800,2192,드라마,12세이상관람가,18944.041866855314,2025,10,국내,49.69394695080481
마거리트의 정리,장편,프랑스,29,42031439,4402,34293039,3407,드라마,15세이상관람가,23007.854589644357,2024,6,해외,77.39663789186734
13년의 공백,장편,일본,47,35304620,4401,26019220,3075,드라마,12세이상관람가,19330.009882748443,2019,7,해외,69.87048398091343
블루버스데이,장편,한국,43,46533900,4394,25154600,2323,멜로/로맨스,12세이상관람가,25518.861974982316,2022,1,국내,52.86754665452891
나만이 없는 거리,장편,일본,63,33113000,4392,14102000,1839,드라마,15세이상관람가,18167.20433647157,2016,8,해외,41.87158469945355
사랑 후의 두 여자,장편,영국,55,37990180,4392,27452360,2903,드라마,15세이상관람가,20843.033335527904,2022,3,해외,66.09744990892533
온리 갓 포기브스,장편,미국,61,32584500,4389,18884500,2560,액션,청소년관람불가,17889.466272471982,2014,4,해외,58.32763727500569
레몬 트리,장편,이스라엘,2,29777000,4385,27404000,3969,드라마,12세이상관람가,16363.011910813151,2008,7,해외,90.51311288483467
걸즈 앤 판처 최종장 제1화,장편,일본,55,38676620,4380,23048080,2528,애니메이션,12세이상관람가,21277.779611597074,2020,1,해외,57.716894977168955
미스 줄리,장편,노르웨이,30,32306500,4380,24621500,3240,드라마,15세이상관람가,17773.284920503935,2015,6,해외,73.97260273972603
악의 도시,장편,한국,119,40737260,4378,20670800,2087,스릴러,15세이상관람가,22421.67023507461,2025,6,국내,47.67016902695295
적호서생,장편,중국,23,30672640,4374,18054060,2565,액션,12세이상관람가,16897.57107993015,2021,4,해외,58.64197530864198
미스,장편,프랑스,105,35870730,4365,14880240,1840,코미디,15세이상관람가,19801.945928042067,2021,5,해외,42.15349369988545
에이비식스 : 테이크 어 챈스,장편,한국,16,43579000,4358,35760000,3576,다큐멘터리,전체관람가,24095.83261914109,2022,10,국내,82.05598898577328
피부를 판 남자,장편,기타,43,39963380,4357,29126300,3004,드라마,12세이상관람가,22101.744596010853,2021,12,해외,68.94652283681431
에베레스트,장편,중국,142,36419640,4356,15919800,1863,액션,15세이상관람가,20146.50336884729,2020,7,해외,42.768595041322314
대탈출 : 더 스토리 특별판,장편,한국,21,43352000,4353,26544000,2659,어드벤처,15세이상관람가,23997.852194442832,2025,7,국내,61.08430967149092
내 첫사랑을 너에게 바친다,장편,일본,9,32730888,4352,20784500,2731,드라마,15세이상관람가,18122.612508858965,2010,8,해외,62.75275735294118
여름이 끝날 무렵의 라트라비아타,장편,한국,38,36342100,4352,20994000,2419,드라마,전체관람가,20122.087615166547,2024,9,국내,55.58363970588235
15소년 표류기: 해적섬을 탈출하라,장편,일본,56,28511700,4341,3362600,451,애니메이션,전체관람가,15826.51268515666,2014,11,해외,10.389311218613223
낮과 달,장편,한국,52,35517098,4339,22003498,2688,드라마,15세이상관람가,19724.214951532336,2022,10,국내,61.94975800875778
마이크롭 앤 가솔린,장편,프랑스,29,33781400,4339,25866500,3131,코미디,15세이상관람가,18760.3051061124,2016,3,해외,72.1594837520166
오래된 인력거,장편,한국,8,28160800,4339,17222800,2484,다큐멘터리,전체관람가,15638.937404376667,2011,12,국내,57.248213874164556
고 피쉬!,장편,미국,138,33952780,4338,4877640,597,애니메이션,전체관람가,18859.826581568323,2020,7,해외,13.76210235131397
베이비티스,장편,호주,57,36583130,4329,26299730,3014,코미디,15세이상관람가,20363.1601944855,2020,10,해외,69.62346962346963
이터널 메모리,장편,칠레,42,38327929,4317,28143528,3056,다큐멘터리,전체관람가,21393.665837777797,2023,9,해외,70.78990039379198
노라노,장편,한국,25,29332000,4315,22877500,3173,다큐멘터리,전체관람가,16379.957838305716,2013,10,국내,73.53418308227114
총을 든 스님,장편,기타,32,37675100,4315,21610200,2149,드라마,전체관람가,21039.02050845328,2025,1,해외,49.80301274623407
120 BPM,장편,프랑스,33,35934473,4314,28102873,3176,드라마,청소년관람불가,20071.648485457823,2018,3,해외,73.62076958738989
인투 더 미러,장편,캐나다,219,38530340,4306,11686580,1308,SF,15세이상관람가,21561.586802388378,2021,2,해외,30.376219228982816
안녕까지 30분,장편,일본,115,33447800,4305,18622500,2432,판타지,12세이상관람가,18721.744119334482,2020,10,해외,56.4924506387921
오늘부터 댄싱퀸,장편,노르웨이,106,33115300,4303,13893500,1773,드라마,전체관람가,18544.249038916532,2024,5,해외,41.203811294445735
클럽 제로,장편,오스트리아,60,37976125,4300,20747745,2241,미스터리,12세이상관람가,21281.10114878117,2024,1,해외,52.116279069767444
뮤지엄 아워스,장편,오스트리아,7,32499000,4292,28487000,3679,드라마,15세이상관람가,18245.769658316396,2014,1,해외,85.71761416589003
더 바,장편,스페인,84,32328100,4287,13947600,1825,스릴러,15세이상관람가,18170.990469927296,2017,6,해외,42.57056216468393
더 하더 데이 폴,장편,미국,56,30487300,4286,13010900,1704,액션,청소년관람불가,17140.31112785252,2021,10,해외,39.75734951003266
극장판 쥬얼펫: 스위트댄스 프린세스,장편,일본,41,26768000,4277,8772000,1316,애니메이션,전체관람가,15080.945714116697,2013,11,해외,30.76923076923077
내 심장이 건너 뛴 박동,장편,프랑스,24,32805600,4273,24900800,3121,드라마,15세이상관람가,18499.7983978977,2016,12,해외,73.04001872220923
쿠바의 연인,장편,한국,7,30308300,4273,22827300,2955,다큐멘터리,15세이상관람가,17091.516076005402,2011,1,국내,69.15516030891645
미인어,장편,중국,69,31631200,4270,20333700,2727,판타지,12세이상관람가,17850.06066420248,2017,2,해외,63.86416861826698
미스터 보스,장편,한국,226,34516640,4267,8285480,1031,드라마,15세이상관람가,19492.061520043146,2020,12,국내,24.1621748300914
부다페스트 스토리,장편,헝가리,33,35261990,4264,20767160,2429,스릴러,15세이상관람가,19926.981848595133,2020,8,해외,56.96529080675422
섀도우 댄서,장편,영국,21,27979800,4262,23832800,3624,드라마,15세이상관람가,15819.147071627665,2013,3,해외,85.03050211168465
담쟁이,장편,한국,93,33705130,4258,19435220,2347,가족,15세이상관람가,19074.020836752363,2020,10,국내,55.11977454203851
퍼스트 러브,장편,일본,8,23035800,4255,17409300,3212,미스터리,15세이상관람가,13045.347075729476,2022,5,해외,75.48766157461809
그녀는 예뻤다,장편,한국,14,28789500,4254,23749000,3490,드라마,15세이상관람가,16307.543290227199,2008,6,국내,82.04043253408557
네 멋대로 해라,장편,프랑스,26,42186530,4254,33049860,3259,드라마,12세이상관람가,23896.165763193818,2026,1,해외,76.61024917724495
당신이 잠든 사이,장편,한국,118,36999414,4253,14630789,1592,미스터리,12세이상관람가,20962.900178187472,2024,3,국내,37.43240065835881
튜즈데이,장편,미국,45,36056800,4250,19448700,2196,드라마,12세이상관람가,20443.260099220413,2026,1,해외,51.67058823529411
간츠: 퍼펙트 앤서,장편,일본,12,34376500,4247,19010500,2253,SF,15세이상관람가,19504.34183165438,2011,8,해외,53.04921120791146
리틀드래곤 코코넛2: 정글대탐험,장편,독일,147,35175910,4241,4730040,544,애니메이션,전체관람가,19986.142163561108,2021,2,해외,12.827163404857345
왕을 참하라,장편,한국,54,32469800,4237,12220000,1606,드라마,청소년관람불가,18466.009423580563,2017,3,국내,37.90417748406892
디어 미,장편,프랑스,27,32378200,4236,24778200,3136,코미디,12세이상관람가,18418.26228426454,2011,4,해외,74.0321057601511
이마 베프,장편,프랑스,45,43261989,4236,32586791,2911,코미디,15세이상관람가,24609.479845728525,2023,2,해외,68.7204910292729
카고,장편,미국,217,38870078,4231,7011460,752,애니메이션,전체관람가,22137.281624726274,2022,9,해외,17.77357598676436
셔틀콕,장편,한국,31,32554855,4226,22555855,2763,미스터리,15세이상관람가,18562.573056067147,2014,4,국내,65.38097491717937
어떤 영웅,장편,프랑스,38,39240823,4224,31776725,3247,드라마,12세이상관람가,22385.464015151516,2023,3,해외,76.87026515151516
독립시대,장편,대만,42,38926060,4219,23943360,2502,코미디,15세이상관람가,22232.21970603438,2024,9,해외,59.303152405783365
우리 이웃의 범죄,장편,한국,29,32054000,4213,7752000,975,드라마,15세이상관람가,18333.38576237063,2011,4,국내,23.142653690956564
화씨 11/9: 트럼프의 시대,장편,미국,73,33604550,4212,21042150,2539,다큐멘터리,15세이상관람가,19224.79090149773,2018,11,해외,60.28015194681862
바우하우스,장편,독일,15,35618378,4208,31403378,3553,다큐멘터리,전체관람가,20396.249255577444,2019,8,해외,84.43441064638783
별별 이야기 2-여섯 빛깔 무지개,옴니버스,한국,11,18046500,4205,7842500,1693,가족,12세이상관람가,10341.38933856711,2008,4,국내,40.26159334126041
우디 앨런 : 우리가 몰랐던 이야기,장편,미국,17,29151500,4205,23781000,3382,다큐멘터리,15세이상관람가,16705.012678538173,2012,9,해외,80.42806183115339
랄프 스테드먼 스토리: 이상한 나라의 친구들,장편,영국,17,31556300,4204,21332800,2703,다큐멘터리,12세이상관람가,18087.36372702991,2014,7,해외,64.29590865842056
그림자들의 섬,장편,한국,15,29360800,4197,13683000,1971,다큐멘터리,15세이상관람가,16857.02064871351,2016,8,국내,46.96211579699786
까이마 : 저주의 무덤,장편,베트남,50,31398700,4197,7359000,1105,공포(호러),15세이상관람가,18027.047432044117,2025,12,해외,26.32832975935192
새드 베케이션,장편,일본,5,28122000,4196,23802000,3507,드라마,15세이상관람가,16149.63189268035,2008,3,해외,83.57959961868447
여덟 번째 감각,장편,한국,80,35928804,4196,22625316,2604,멜로/로맨스,15세이상관람가,20632.848266277695,2023,3,국내,62.05910390848427
트립 투 잉글랜드,장편,영국,33,33045800,4192,24070000,2941,코미디,15세이상관람가,18995.33247493792,2015,11,해외,70.1574427480916
문워크,장편,한국,41,36158500,4190,21101200,2297,드라마,15세이상관람가,20794.490611611123,2025,1,국내,54.821002386634845
슬기로운 해법,장편,한국,18,28870600,4189,18205600,2550,다큐멘터리,12세이상관람가,16607.235818422894,2014,5,국내,60.87371687753641
끝없음에 관하여,장편,기타,38,38388960,4185,26865290,2695,기타,12세이상관람가,22103.588547739342,2021,12,해외,64.39665471923537
프록시마 프로젝트,장편,프랑스,86,36329750,4185,25624880,2845,드라마,12세이상관람가,20917.936980898507,2020,10,해외,67.98088410991637
체 게바라: 1부 아르헨티나,장편,독일,16,29552120,4182,17363220,2250,드라마,15세이상관람가,17027.720638652172,2019,6,해외,53.80200860832137
공드리의 솔루션북,장편,프랑스,44,40576000,4179,30429800,2963,코미디,15세이상관람가,23396.385253865425,2024,8,해외,70.90212969609955
수부라 게이트,장편,이탈리아,104,29989100,4173,9215800,1247,범죄,청소년관람불가,17316.772481731383,2017,9,해외,29.88257848070932
와일드 시티,장편,영국,111,35310180,4168,15517380,1885,액션,청소년관람불가,20413.8126401961,2020,6,해외,45.22552783109405
드래곤 빌리지,장편,터키,82,27780900,4163,5621300,721,판타지,전체관람가,16080.21323825207,2019,12,해외,17.31924093202018
아리아,장편,이탈리아,27,33338579,4162,28936579,3523,드라마,15세이상관람가,19301.76004353792,2015,4,해외,84.64680442095145
제이홉 인 더 박스,장편,한국,80,85413500,4162,46382500,2252,다큐멘터리,12세이상관람가,49451.1443177805,2023,6,국내,54.10860163382989
레미: 집 없는 아이,장편,프랑스,168,33242380,4160,14916560,1875,가족,전체관람가,19255.317423540317,2020,5,해외,45.07211538461539
엘라의 계곡,장편,미국,27,30737613,4155,14617000,1973,범죄,15세이상관람가,17825.881431864644,2009,12,해외,47.48495788206979
와일드 마운틴 타임,장편,영국,272,35789910,4155,11826040,1387,멜로/로맨스,12세이상관람가,20755.895785307297,2021,3,해외,33.38146811070999
타이페이 스토리,장편,대만,23,34250420,4130,25462483,2804,드라마,15세이상관람가,19983.325067825783,2019,11,해외,67.89346246973366
우리가 사랑한 시간,장편,미국,15,28507600,4126,22521600,3202,멜로/로맨스,15세이상관람가,16648.815329179055,2015,11,해외,77.60542898691226
부에나 비스타 소셜 클럽 2: 아디오스,장편,미국,75,31662000,4122,17648500,2252,다큐멘터리,12세이상관람가,18508.97037933393,2017,10,해외,54.63367297428433
야누스: 욕망의 두 얼굴,장편,한국,20,20193000,4122,3959000,777,미스터리,청소년관람불가,11804.422931902282,2014,8,국내,18.85007278020378
브로큰 잉글리쉬,장편,미국,4,28064500,4121,23374000,3328,멜로/로맨스,15세이상관람가,16409.92506790082,2008,7,해외,80.7570977917981
부산행:익스텐디드,장편,한국,88,32808500,4117,13763500,1715,액션,15세이상관람가,19202.483970372625,2020,7,국내,41.656546028661644
알리바이 닷 컴,장편,프랑스,178,34028600,4112,15568200,1822,코미디,15세이상관람가,19940.813839013645,2018,11,해외,44.309338521400775
페뷸러스,장편,캐나다,71,36572280,4109,25567870,2876,코미디,15세이상관람가,21447.0615487015,2020,11,해외,69.99269895351668
"구름의 저편, 약속의 장소",장편,일본,123,29747400,4105,13684000,1922,애니메이션,12세이상관람가,17461.7495560806,2017,2,해외,46.82095006090134
가족의 나라,장편,일본,16,29842000,4097,21375000,2789,드라마,12세이상관람가,17551.484924320175,2013,3,해외,68.07420063461069
앙드레 마티유,장편,캐나다,18,31437000,4095,19329000,2411,드라마,12세이상관람가,18498.60982391103,2011,1,해외,58.87667887667888
린 온 피트,장편,영국,27,33515500,4093,26175700,3003,어드벤처,15세이상관람가,19731.30734518823,2018,9,해외,73.36916687026631
브릭,장편,미국,4,27939000,4093,20381000,2938,미스터리,15세이상관람가,16448.299918462024,2008,1,해외,71.7810896652822
익스트림 페스티벌,장편,한국,42,35320331,4093,23149655,2557,코미디,12세이상관람가,20793.850800220185,2023,6,국내,62.472514048375274
쿠크하트 : 시계심장을 가진 소년,장편,프랑스,37,26569200,4093,5539600,748,애니메이션,전체관람가,15641.86872091346,2015,8,해외,18.275103835817248
비발디,장편,프랑스,14,26904980,4092,15033000,2284,드라마,12세이상관람가,15843.420603234052,2009,1,해외,55.816226783968716
쁘띠 아만다,장편,프랑스,31,32241280,4091,20325880,2314,드라마,12세이상관람가,18990.425647837008,2019,6,해외,56.56318748472257
꿈보다 해몽,장편,한국,36,30616700,4087,23706000,3057,드라마,15세이상관람가,18051.18197281418,2015,2,국내,74.7981404453144
귀멸의 칼날: 도공 마을 이어진 인연편,장편,일본,107,43523500,4083,11447400,1094,애니메이션,15세이상관람가,25685.991578363417,2025,7,해외,26.794024001959343
시저는 죽어야 한다,장편,이탈리아,15,29211000,4083,18256500,2271,드라마,12세이상관람가,17239.273036303923,2013,5,해외,55.6208670095518
요요마와 실크로드 앙상블,장편,미국,17,30856000,4083,22875900,2868,다큐멘터리,전체관람가,18210.092390133643,2017,1,해외,70.24246877296105
디스트로이어,장편,미국,92,33350000,4080,18686540,2260,범죄,15세이상관람가,19696.432789983464,2019,9,해외,55.392156862745104
해시태그 시그네,장편,노르웨이,59,41818853,4079,31173554,2853,멜로/로맨스,15세이상관람가,24704.172709469898,2023,1,해외,69.94361363079186
매지컬: 공주를 웃겨라,장편,한국,220,31809670,4077,5353060,642,애니메이션,전체관람가,18800.541385556946,2020,9,국내,15.746872700515086
더 영 맨 앤드 더 딥 씨 (비투비 임현식),장편,한국,16,70560500,4075,35711000,2025,다큐멘터리,전체관람가,41724.00029566118,2024,12,국내,49.693251533742334
반짝이는 박수 소리,장편,한국,21,26070600,4074,17133600,2578,다큐멘터리,전체관람가,15419.912344517985,2015,4,국내,63.279332351497295
누군가 어디에서 나를 기다리면 좋겠다,장편,프랑스,54,31003550,4072,21726680,2731,드라마,15세이상관람가,18346.59857504675,2020,12,해외,67.06777996070727
극장판 이세계 콰르텟: 어나더 월드,장편,일본,50,43182100,4069,15383200,1368,애니메이션,12세이상관람가,25572.192925054856,2022,10,해외,33.620054067338415
더블,장편,미국,33,28004500,4068,9145000,1346,범죄,15세이상관람가,16588.181635094952,2012,11,해외,33.087512291052114
컨빅션,장편,미국,37,29338500,4060,8994500,1180,드라마,15세이상관람가,17412.60608938216,2013,1,해외,29.064039408866993
더 납작 엎드릴게요,장편,한국,31,32978520,4059,16818420,1773,드라마,전체관람가,19577.805679480673,2024,7,국내,43.68070953436807
범털 2: 쩐의 전쟁,장편,한국,30,21213890,4054,11060850,2540,범죄,15세이상관람가,12609.227239495724,2021,5,국내,62.65416872224962
비스트,장편,미국,42,28317600,4053,13471300,2054,공포(호러),12세이상관람가,16835.721865998414,2022,9,해외,50.67850974586726
귀를 기울이면,장편,일본,123,32292500,4050,14325300,1825,멜로/로맨스,전체관람가,19213.14889186375,2023,4,해외,45.06172839506173
알랭 뒤카스: 위대한 여정,장편,프랑스,27,32611800,4046,22371700,2530,다큐멘터리,전체관람가,19422.30613010619,2019,8,해외,62.5308947108255
네버 렛 미 고,장편,미국,12,31865000,4038,25972000,3257,드라마,15세이상관람가,19015.13930909373,2011,4,해외,80.65874195146112
맹크,장편,미국,100,36063560,4036,24934870,2735,드라마,15세이상관람가,21531.254850920035,2020,11,해외,67.76511397423192
우리의 하루,장편,한국,47,37942790,4036,29388490,3050,드라마,12세이상관람가,22653.223399047132,2023,10,국내,75.56987115956393
라스트 에너미,장편,미국,20,23820000,4032,10721000,1853,액션,15세이상관람가,14235.513482501436,2014,3,해외,45.957341269841265
바더 마인호프,장편,독일,3,29075915,4030,27905500,3859,범죄,청소년관람불가,17385.222278692938,2009,7,해외,95.75682382133995
와이 스톱 나우,장편,미국,21,21637500,4030,5581000,807,드라마,15세이상관람가,12937.606505426173,2014,10,해외,20.024813895781637
불온한 당신,장편,한국,14,30199500,4028,22865000,2932,다큐멘터리,15세이상관람가,18066.00782474486,2017,7,국내,72.7904667328699
위대한 작은 농장,장편,미국,31,33786610,4028,20603938,2286,다큐멘터리,전체관람가,20211.896244361757,2023,6,해외,56.75273088381331
로나의 침묵,장편,벨기에,4,27789191,4026,24950000,3535,드라마,15세이상관람가,16632.366126203775,2009,6,해외,87.80427223050174
노크 노크,장편,미국,72,33317500,4024,18982000,2223,스릴러,청소년관람불가,19951.076672495154,2015,10,해외,55.24353876739563
매드 디텍티브,장편,홍콩,5,27285000,4020,12416500,1738,액션,15세이상관람가,16354.972127315232,2008,9,해외,43.233830845771145
가을의 마티네,장편,일본,19,26569370,4014,17778340,2569,멜로/로맨스,12세이상관람가,15949.820207586701,2020,12,해외,64.00099651220728
어리석은 자는 누구인가,장편,일본,81,44548400,4013,29712500,2414,스릴러,15세이상관람가,26749.44983022046,2026,1,해외,60.15449788188387
로그,장편,미국,180,31203140,4012,12613560,1571,액션,15세이상관람가,18740.849739936817,2020,11,해외,39.15752741774676
엑소시스트: 더 데빌,장편,미국,161,37297100,4011,4329400,441,공포(호러),12세이상관람가,22406.514614929427,2024,9,해외,10.99476439790576
애프터 파티,장편,스페인,21,21938000,4006,5515000,799,공포(호러),청소년관람불가,13195.868847331414,2014,10,해외,19.945082376435348
프랑코포니아,장편,프랑스,25,29260900,4005,20605600,2601,드라마,12세이상관람가,17605.041890408076,2016,6,해외,64.9438202247191
하이프 네이션 : 힙합사기꾼,장편,한국,10,20421000,3996,7947000,1523,범죄,청소년관람불가,12314.12135026593,2014,1,국내,38.11311311311311
베러 와치 아웃,장편,호주,123,32568300,3995,14556600,1744,공포(호러),청소년관람불가,19644.012847384533,2018,2,해외,43.65456821026283
북 클럽: 넥스트 챕터,장편,미국,19,26091300,3995,14160800,1840,기타,15세이상관람가,15737.322255228675,2023,6,해외,46.057571964956196
애시드 레인: 죽음의 비,장편,프랑스,48,32467500,3994,12581300,1485,기타,15세이상관람가,19588.117115432186,2024,11,해외,37.180771156735105
마사이 크로스,장편,한국,9,43342300,3992,28006900,2491,드라마,12세이상관람가,26162.143564236907,2025,11,국내,62.3997995991984
이터너티,장편,프랑스,45,29456200,3992,20791500,2664,멜로/로맨스,12세이상관람가,17780.25931380834,2017,5,해외,66.73346693386773
보일링 포인트,장편,영국,41,40313553,3990,26712393,2516,스릴러,15세이상관람가,24346.138237159164,2022,8,해외,63.05764411027569
모네의 수련. 물과 빛의 마법,장편,이탈리아,16,28086300,3985,8864900,1031,다큐멘터리,전체관람가,16983.14462366404,2025,6,해외,25.872020075282308
왜(歪): 더 카르텔,장편,한국,69,37478100,3985,12301900,1236,다큐멘터리,12세이상관람가,22662.151743737813,2026,3,국내,31.01631116687578
아버지의 이메일,장편,한국,21,27261400,3982,20332200,2890,다큐멘터리,12세이상관람가,16496.7655655268,2014,4,국내,72.57659467604219
물꽃의 전설,장편,한국,33,33802883,3975,19838333,2284,다큐멘터리,전체관람가,20491.2528604986,2023,8,국내,57.45911949685535
귤레귤레,장편,한국,32,33201600,3973,20024000,2141,드라마,15세이상관람가,20136.88784839838,2025,6,국내,53.88874905612887
남쪽,장편,스페인,40,38371800,3967,22536600,2170,드라마,12세이상관람가,23307.83178086685,2026,2,해외,54.701285606251574
라인,장편,스위스,47,34775099,3965,23332199,2518,드라마,15세이상관람가,21133.775353621295,2023,1,해외,63.505674653215635
세상의 끝에서 커피 한잔,장편,일본,13,29858000,3965,20081500,2404,드라마,12세이상관람가,18145.520290493627,2015,11,해외,60.630517023959655
옆집사람,장편,한국,72,30448757,3964,12217700,1638,스릴러,15세이상관람가,18509.207566897257,2022,11,국내,41.32189707366297
백남준: 달은 가장 오래된 TV,장편,한국,33,34785084,3960,24914595,2643,다큐멘터리,12세이상관람가,21166.53523183644,2023,12,국내,66.74242424242425
할머니의 먼 집,장편,한국,18,25369900,3957,18624800,2867,다큐멘터리,전체관람가,15449.15065873806,2016,9,국내,72.45387920141522
그 강아지 그 고양이,장편,한국,33,29642500,3956,23618500,3071,멜로/로맨스,12세이상관람가,18055.538635837587,2013,12,국내,77.62891809909
아버지의 길,장편,기타,34,30562950,3956,18241410,2193,드라마,12세이상관람가,18616.19379438888,2021,9,해외,55.434782608695656
런던시계탑 밑에서 사랑을 찾을 확률,장편,영국,3,30120000,3948,30120000,3948,코미디,15세이상관람가,18383.564653751786,2016,1,해외,100.0
퀴어 마이 프렌즈,장편,한국,38,34602406,3942,24052006,2598,다큐멘터리,12세이상관람가,21151.519930559378,2023,8,국내,65.90563165905633
파이어프루프-사랑의 도전,장편,미국,3,20143965,3933,19843000,3874,드라마,전체관람가,12341.641164199133,2009,9,해외,98.49987287058225
"러브 어페어: 우리가 말하는 것, 우리가 하는 것",장편,프랑스,32,33227440,3929,23305440,2643,드라마,15세이상관람가,20378.24395060517,2021,11,해외,67.26902519725121
거룩한 분노,장편,스위스,24,30413400,3926,20544700,2451,드라마,12세이상관람가,18666.658483142965,2018,6,해외,62.42995415180845
다섯 번째 방,장편,한국,34,31721000,3926,15427700,1800,다큐멘터리,12세이상관람가,19469.216652652383,2024,6,국내,45.848191543555785
증발,장편,한국,35,28672300,3922,17390100,2154,다큐멘터리,전체관람가,17615.98151914133,2020,11,국내,54.9209586945436
파로호,장편,한국,51,34887400,3920,22375800,2469,스릴러,15세이상관람가,21445.414310302436,2022,8,국내,62.984693877551024
물안에서,장편,한국,61,36109098,3918,27011998,2833,드라마,12세이상관람가,22207.727079835422,2023,4,국내,72.30729964267483
쁘떼뜨,장편,독일,105,33256200,3915,14999100,1737,멜로/로맨스,12세이상관람가,20468.817799935376,2021,3,해외,44.36781609195402
극장판: 타이거 앤 버니,장편,일본,25,25616000,3906,18004000,2761,애니메이션,전체관람가,15802.688480496487,2013,2,해외,70.68612391193037
거신: 바람의 아이,장편,한국,77,31850077,3904,16356595,2077,애니메이션,전체관람가,19658.599767924155,2023,5,국내,53.20184426229508
통잠,장편,한국,29,24571850,3904,10513050,1655,가족,15세이상관람가,15166.31073474225,2025,11,국내,42.392418032786885
요시토모 나라와의 여행,장편,일본,1,26932383,3903,25444500,3662,다큐멘터리,전체관람가,16627.545076539827,2008,12,해외,93.8252626184986
원피스 : 에피소드 오브 메리 ~ 또 하나의 동료 이야기 ~,장편,일본,79,28590200,3902,7453000,950,애니메이션,15세이상관람가,17655.57360142775,2014,8,해외,24.34648898001025
랜드,장편,미국,25,25638900,3897,18971100,3102,드라마,12세이상관람가,15853.344092304553,2021,3,해외,79.5996920708237
사랑과 어둠의 이야기,장편,미국,40,29272700,3891,16868600,2102,드라마,12세이상관람가,18128.148677981007,2016,9,해외,54.02210228732973
스트롱거,장편,미국,38,29165940,3889,15992940,1986,드라마,15세이상관람가,18071.32257494881,2019,6,해외,51.06711236821805
참새들의 합창,장편,이란,5,28147426,3889,19553500,2634,드라마,전체관람가,17440.247593614367,2010,5,해외,67.72949344304449
8과 1/2,장편,이탈리아,23,35791800,3884,22666800,2288,드라마,15세이상관람가,22205.278374052337,2025,7,해외,58.90834191555098
퍼스트 러브,장편,일본,79,33720500,3883,19220950,2131,범죄,청소년관람불가,20925.628861053276,2020,12,해외,54.88024723152202
생각보다 맑은,장편,한국,17,27393900,3881,22611900,3139,애니메이션,12세이상관람가,17008.34774294291,2015,1,국내,80.88121618139654
파티마가 사랑한 계절,장편,프랑스,41,36798200,3880,24410250,2339,드라마,15세이상관람가,22853.185939634826,2026,5,해외,60.28350515463917
스페셜즈,장편,일본,49,49595400,3868,46879300,3562,코미디,15세이상관람가,30896.325737282117,2026,3,해외,92.0889348500517
우리 의사 선생님,장편,일본,3,28146918,3868,25137000,3388,드라마,12세이상관람가,17534.61706183576,2010,4,해외,87.59048603929679
유앤미앤미,장편,기타,73,28201400,3862,14913700,2085,멜로/로맨스,전체관람가,17595.85207739295,2023,10,해외,53.987571206628694
"나의 아들, 나의 어머니",장편,한국,24,27382300,3860,7922500,1055,다큐멘터리,전체관람가,17093.638803920345,2015,12,국내,27.33160621761658
여자의 일생,장편,프랑스,19,26746100,3860,16663500,2230,멜로/로맨스,15세이상관람가,16696.485423559523,2017,4,해외,57.77202072538861
뒤주,장편,한국,52,22985011,3855,11062016,1841,공포(호러),15세이상관람가,14367.203287859611,2024,3,국내,47.75616083009079
은혼 가부키쵸 사천왕편 온 씨어터,장편,일본,61,39614600,3853,15720800,1543,애니메이션,15세이상관람가,24774.686600020636,2025,10,해외,40.04671684401765
하드데이,장편,미국,50,27100000,3852,11166000,1549,액션,15세이상관람가,16952.545384028326,2014,1,해외,40.2128764278297
첫번째 아이,장편,한국,59,35330897,3851,17921497,1960,드라마,12세이상관람가,22107.164779606614,2022,11,국내,50.89587120228513
레이스,장편,캐나다,62,28867900,3849,16725400,2115,드라마,12세이상관람가,18072.539573727492,2016,5,해외,54.94933749025721
언프리티 소셜 스타,장편,미국,142,29438700,3849,16532500,2055,코미디,15세이상관람가,18429.88477683141,2018,2,해외,53.390491036632895
탠저린,장편,미국,16,29992500,3844,25157500,3125,코미디,청소년관람불가,18801.01049358725,2018,1,해외,81.2955254942768
집오리와 들오리의 코인로커,장편,일본,2,26377500,3842,22690000,3149,미스터리,15세이상관람가,16543.529662638062,2008,8,해외,81.96251952108277
나는 조선사람입니다,장편,한국,23,33227070,3841,17096200,1858,다큐멘터리,12세이상관람가,20844.891672913996,2021,12,국내,48.37281957823483
리미츠 오브 컨트롤,장편,미국,7,28107804,3841,25692500,3446,드라마,15세이상관람가,17633.337201971124,2010,8,해외,89.71621973444415
국외자들,장편,프랑스,24,39175360,3839,28665560,2619,드라마,12세이상관람가,24589.335199615864,2024,9,해외,68.220890856994
부니베어: 애들이 줄었어요,장편,중국,154,31286300,3839,3663400,401,애니메이션,전체관람가,19637.58132294743,2021,10,해외,10.445428497004428
마테호른,장편,네덜란드,11,24809500,3833,16224500,2176,드라마,15세이상관람가,15596.641719499967,2014,1,해외,56.77015392642839
업사이드 다운,장편,한국,22,26397000,3833,14536000,1985,다큐멘터리,12세이상관람가,16594.63316349143,2016,4,국내,51.7871119227759
반지의 제왕: 로히림의 전쟁,장편,미국,161,36892600,3829,14361800,1453,애니메이션,12세이상관람가,23216.983892739936,2025,1,해외,37.9472447114129
산다,장편,한국,33,29754200,3829,21686200,2673,드라마,청소년관람불가,18724.697693883398,2015,5,국내,69.80934969966049
울지마 엄마,장편,한국,99,28886000,3829,9758100,1401,다큐멘터리,전체관람가,18178.328356518265,2023,5,국내,36.589187777487595
고백하지마,장편,한국,27,36602000,3828,28087900,2468,드라마,12세이상관람가,23040.12287394091,2025,12,국내,64.4723092998955
아프리카의 눈물,장편,한국,36,27500000,3824,14719000,2055,다큐멘터리,12세이상관람가,17328.729142511467,2011,3,국내,53.73953974895398
콰이어트 룸에서 만나요,장편,일본,2,25597500,3824,23314500,3436,코미디,15세이상관람가,16129.896153652266,2008,8,해외,89.85355648535564
사랑해! 진영아,장편,한국,79,26852000,3823,15112000,2032,드라마,15세이상관람가,16924.827218893886,2013,11,국내,53.151974888830765
그라운드의 이방인,장편,한국,28,24944000,3822,17870500,2659,다큐멘터리,전체관람가,15726.327602403335,2015,3,국내,69.570905285191
서서 자는 나무,장편,한국,13,29303433,3820,19049500,2421,멜로/로맨스,전체관람가,18484.47170882483,2010,12,국내,63.376963350785346
극장판 사사키와 미야노 - 졸업편,장편,일본,65,37494900,3818,13200100,1333,애니메이션,12세이상관람가,23664.001211761664,2023,9,해외,34.91356731272918
식구,장편,한국,52,30175400,3816,20260600,2444,드라마,15세이상관람가,19054.45682099467,2018,7,국내,64.0461215932914
오월愛,장편,한국,17,26642500,3810,17458500,2325,다큐멘터리,전체관람가,16850.077475255355,2011,5,국내,61.023622047244096
울프맨,장편,미국,52,28421760,3809,11105780,1507,공포(호러),15세이상관람가,17980.091539695142,2025,3,해외,39.56419007613547
내가 처음으로 사랑한 소녀,장편,홍콩,68,32764370,3808,16637470,1917,멜로/로맨스,15세이상관람가,20732.744001214945,2022,4,해외,50.34138655462185
라스트 필름 쇼,장편,인도,36,35764896,3805,21657596,2191,드라마,전체관람가,22649.269984009625,2023,4,해외,57.58212877792378
보테로,장편,캐나다,34,31301840,3805,21537040,2406,다큐멘터리,전체관람가,19822.896315881135,2020,9,해외,63.23258869908016
제이니 존스,장편,미국,20,25580000,3794,15078500,2193,드라마,15세이상관람가,16246.324253259745,2012,8,해외,57.80179230363732
콜 제인,장편,영국,70,35515294,3786,21765598,2093,드라마,12세이상관람가,22604.073345680667,2023,3,해외,55.28262017960909
신세계로부터,장편,한국,20,32057739,3784,17172039,1944,드라마,12세이상관람가,20414.26106115795,2023,12,국내,51.37420718816068
워스,장편,미국,65,34040020,3782,20651310,2179,드라마,12세이상관람가,21688.033997438724,2021,7,해외,57.61501850872555
이니시에이션 러브,장편,일본,120,29475000,3781,11815500,1475,멜로/로맨스,12세이상관람가,18784.47405065913,2016,3,해외,39.01084369214494
황금시대,옴니버스,한국,18,27121339,3779,22300500,3030,드라마,15세이상관람가,17293.62902788715,2009,9,국내,80.17994178354061
극장판 리틀 슈퍼맨 샘샘,장편,프랑스,110,32845850,3774,7966400,838,애니메이션,전체관람가,20971.54915368948,2023,5,해외,22.204557498675147
언더 유어 베드,장편,한국,54,31532878,3774,13753528,1595,스릴러,청소년관람불가,20133.237560735794,2023,12,국내,42.2628510863805
자전거 도둑,장편,이탈리아,32,32171453,3770,18480693,1983,드라마,12세이상관람가,20562.75158991403,2023,4,해외,52.59946949602122
나는 다른 언어로 꿈을 꾼다,장편,멕시코,21,27836910,3761,19084810,2395,드라마,15세이상관람가,17834.855508180022,2019,3,해외,63.679872374368514
용길이네 곱창집,장편,일본,93,30463160,3753,14769500,1846,드라마,15세이상관람가,19559.07402591983,2020,3,해외,49.18731681321609
투와이스 본,장편,이탈리아,32,28249700,3753,14228400,1827,드라마,청소년관람불가,18137.907344806885,2014,10,해외,48.6810551558753
다섯 번째 흉추,장편,한국,43,32138203,3739,19519353,2165,드라마,15세이상관람가,20711.80877562134,2023,8,국내,57.90318266916288
맨헌트,장편,중국,55,28457500,3738,18718000,2513,액션,15세이상관람가,18344.64664436236,2018,1,해외,67.22846441947566
조지 해리슨,장편,미국,3,29895600,3737,26401600,3181,다큐멘터리,12세이상관람가,19276.850511492048,2012,7,해외,85.12175541878511
초감각 커플,장편,한국,6,24646130,3733,13869000,2023,멜로/로맨스,12세이상관람가,15908.991443943467,2008,11,국내,54.192338601660865
카오산 탱고,장편,한국,45,30281860,3731,21987460,2483,드라마,12세이상관람가,19557.313682497344,2020,7,국내,66.55052264808361
도쿄 리벤저스2: 결전,장편,일본,48,22314940,3730,10672740,1822,액션,15세이상관람가,14415.80154397752,2025,10,해외,48.847184986595174
어머니,장편,한국,19,25321400,3730,17060400,2399,다큐멘터리,12세이상관람가,16358.02189993217,2012,4,국내,64.31635388739947
인디펜던스 나이트,장편,미국,59,29872570,3723,13106623,1569,범죄,15세이상관람가,19334.4336249106,2023,12,해외,42.143432715551974
1월의 두 얼굴,장편,영국,45,26747300,3720,15988500,2145,스릴러,15세이상관람가,17325.62508096904,2014,9,해외,57.66129032258065
철원기행,장편,한국,29,26063600,3714,13829000,1817,드라마,12세이상관람가,16910.031077460084,2016,4,국내,48.92299407646742
사랑에 빠진 것처럼,장편,프랑스,17,28270500,3712,20961500,2621,드라마,15세이상관람가,18351.747507270462,2013,10,해외,70.60883620689656
미스터 하이네켄,장편,영국,54,29494300,3711,20014100,2402,액션,15세이상관람가,19151.33452159487,2015,9,해외,64.72648881703044
아웃사이더,장편,미국,2,18555000,3711,18555000,3711,액션,15세이상관람가,12048.192771084337,2015,6,해외,100.0
디아틀로프,장편,미국,41,25555500,3707,10609500,1493,스릴러,15세이상관람가,16611.68547944137,2013,6,해외,40.27515511195036
델타 보이즈,장편,한국,28,26490600,3705,17195000,2204,드라마,15세이상관람가,17228.81810643383,2017,6,국내,59.48717948717949
잘리카투,장편,기타,45,32031470,3704,17101570,1945,액션,15세이상관람가,20838.084519503504,2021,8,해외,52.51079913606912
마셰티,장편,미국,35,27981000,3702,14390500,1845,액션,청소년관람불가,18212.883950713716,2011,4,해외,49.837925445705025
은혼2: 규칙은 깨라고 있는 것,장편,일본,48,30828650,3698,17891200,2072,코미디,12세이상관람가,20088.129695634896,2018,12,해외,56.03028664142779
이제 다시 시작하려고 해,장편,스페인,44,33209800,3697,20601700,2140,드라마,15세이상관람가,21645.554357000627,2025,4,해외,57.8847714362997
정욕,장편,일본,39,34677767,3696,21906467,2184,드라마,15세이상관람가,22608.464376988475,2024,5,해외,59.09090909090909
해피 디 데이,장편,미국,153,30493800,3694,12078220,1441,코미디,전체관람가,19891.455372111075,2020,7,해외,39.00920411478073
인천스텔라,장편,한국,50,26516080,3692,16724910,2237,SF,12세이상관람가,17306.11285880249,2021,3,국내,60.59046587215602
구원,장편,한국,32,25388250,3689,14832500,2424,스릴러,청소년관람불가,16583.49309408956,2021,4,국내,65.70886419083763
퍼미션,장편,미국,53,29192210,3685,18496910,2335,코미디,청소년관람불가,19088.92122083994,2019,2,해외,63.36499321573948
프리다의 그해 여름,장편,스페인,37,28802800,3684,17392800,2103,드라마,전체관람가,18839.396674646472,2018,10,해외,57.08469055374593
새벽의 약속,장편,프랑스,21,28474850,3682,19711850,2327,드라마,15세이상관람가,18635.007166089672,2018,11,해외,63.19934818033678
데스티네이션 웨딩,장편,미국,85,29269500,3679,15116000,1852,코미디,15세이상관람가,19170.675635403808,2018,12,해외,50.339766240826314
적도,장편,홍콩,71,27026500,3679,13885500,1889,액션,15세이상관람가,17701.575532900835,2015,5,해외,51.34547431367219
라스트 썸머,장편,프랑스,37,30506500,3677,12678500,1468,드라마,청소년관람불가,19991.74287577288,2024,4,해외,39.92385096546097
납치 48시간,장편,한국,64,39760290,3673,21639800,1783,액션,15세이상관람가,26084.379992061906,2026,6,국내,48.543424993193575
침입자들 : 로봇의 역습,장편,미국,20,24888000,3672,13875000,2101,액션,12세이상관람가,16331.994645247658,2014,5,해외,57.216775599128546
킬러의 보디가드 2: 킬러의 와이프,장편,미국,30,27538830,3671,13709850,1821,액션,15세이상관람가,18076.444158546474,2021,8,해외,49.60501225824026
소피의 세계,장편,한국,84,31288600,3663,18464400,2066,드라마,12세이상관람가,20582.641787461067,2022,3,국내,56.4018564018564
지옥의 묵시록 파이널 컷,장편,미국,64,33943630,3663,20106200,2104,전쟁,청소년관람불가,22329.205437639175,2020,11,해외,57.43925743925744
더 덴,장편,미국,20,19989000,3656,4695000,674,공포(호러),청소년관람불가,13174.580158709236,2014,11,해외,18.435448577680525
아버지를 마지막으로 본 것은 언제입니까?,장편,아일랜드,12,26589161,3656,16374700,2176,드라마,12세이상관람가,17524.69022699112,2010,5,해외,59.51859956236324
밴드 비지트 - 어느 악단의 조용한 방문,장편,이스라엘,4,23563000,3652,17668000,2598,코미디,12세이상관람가,15547.183256575041,2008,3,해외,71.13910186199342
플래닛 비보이,장편,미국,13,25473594,3650,19134000,2687,다큐멘터리,전체관람가,16817.028552566433,2009,10,해외,73.61643835616438
발렛,장편,프랑스,5,24895000,3649,17907500,2514,멜로/로맨스,12세이상관람가,16439.55927849518,2008,8,해외,68.89558783228281
은하철도 999 - 극장판,장편,일본,56,37895568,3649,22214364,2091,애니메이션,12세이상관람가,25024.56061571581,2022,10,해외,57.30337078651685
나의 서른에게,장편,홍콩,67,26418400,3646,16895900,2361,드라마,15세이상관람가,17459.899939858173,2017,11,해외,64.75589687328579
힐빌리의 노래,장편,미국,84,30682780,3646,17845500,2071,드라마,청소년관람불가,20278.22535341586,2020,11,해외,56.8019747668678
주식회사 스페셜액터스,장편,일본,43,31250440,3644,22111440,2408,코미디,전체관람가,20664.72696493989,2020,8,해외,66.08122941822174
러브 앤 아트,장편,미국,36,27906300,3640,19669000,2514,멜로/로맨스,15세이상관람가,18473.652853170926,2017,11,해외,69.06593406593406
해피 해피 와이너리,장편,일본,23,26356300,3640,19253600,2522,코미디,전체관람가,17447.57050178737,2015,3,해외,69.28571428571428
느티나무 아래,장편,한국,13,31208450,3632,6051100,651,다큐멘터리,전체관람가,20705.144366010296,2023,11,국내,17.924008810572687
큰엄마의 미친봉고,장편,한국,67,24358250,3632,10924450,1677,코미디,12세이상관람가,16160.401517966138,2021,1,국내,46.17290748898679
맥코리아,장편,한국,16,25154000,3631,17125000,2314,다큐멘터리,15세이상관람가,16692.935332627676,2012,10,국내,63.72900027540622
래빗스쿨 2: 부활절 대소동,장편,독일,126,29722990,3628,7667790,956,애니메이션,전체관람가,19741.362362349064,2024,3,해외,26.350606394707825
포제션 : 중독된 사랑,장편,미국,2,18125000,3625,18125000,3625,미스터리,15세이상관람가,12048.192771084337,2015,6,해외,100.0
우리에겐 교황이 있다,장편,이탈리아,20,26114500,3624,18880500,2535,드라마,전체관람가,17363.82616558951,2013,5,해외,69.95033112582782
나 혼자만 레벨업 : 프리뷰,장편,일본,62,46484600,3622,21016200,1523,애니메이션,청소년관람불가,30925.202743608337,2023,12,해외,42.04859193815572
애정만세,옴니버스,한국,13,27029400,3620,20150900,2512,멜로/로맨스,15세이상관람가,17992.012247886574,2011,6,국내,69.39226519337016
리턴 투 서울,장편,프랑스,59,35746792,3616,27142335,2633,드라마,15세이상관람가,23821.031026761917,2023,5,해외,72.81526548672566
래미의 초특급 시간여행,장편,중국,96,27150800,3610,8306000,1032,애니메이션,전체관람가,18122.88489136602,2019,2,해외,28.587257617728532
파이널리스트,장편,벨기에,22,28031600,3599,20209800,2438,다큐멘터리,전체관람가,18767.997803941525,2019,1,해외,67.74103917754933
들리나요?,장편,한국,103,35911140,3598,15187480,1570,다큐멘터리,전체관람가,24050.2688910171,2020,6,국내,43.635352973874376
시카다 3301,장편,미국,26,23408600,3596,12978420,2020,액션,청소년관람불가,15685.83566747524,2021,7,해외,56.17352614015573
"구라, 베토벤",장편,한국,11,21690100,3594,13782200,2258,기타,15세이상관람가,14542.376517757173,2021,2,국내,62.82693377851976
아버지를 위한 노래,장편,이탈리아,1,28773000,3594,27523000,3352,범죄,12세이상관람가,19291.18812478629,2012,5,해외,93.26655537006121
"쿠오바디스,아이다",장편,기타,44,29793380,3592,19028180,2135,드라마,15세이상관람가,19986.43572061073,2021,5,해외,59.437639198218264
대관람차,장편,한국,36,29812250,3591,22999950,2616,드라마,12세이상관람가,20004.663600097967,2018,8,국내,72.84878863826232
썸원 썸웨어,장편,프랑스,37,29920640,3589,21501280,2469,멜로/로맨스,12세이상관람가,20088.583926119634,2020,4,해외,68.79353580384509
스킨 트레이드,장편,미국,20,18621000,3588,8018000,1602,액션,청소년관람불가,12505.540556876334,2015,8,해외,44.64882943143812
디어 마이 러브,장편,기타,23,27754784,3584,15004834,1587,멜로/로맨스,전체관람가,18660.434595524956,2023,7,해외,44.28013392857143
절해고도,장편,한국,36,31844100,3583,23145861,2476,드라마,12세이상관람가,21415.788748070707,2023,9,국내,69.10410270722858
퍼펙트 스트레인저,장편,이탈리아,83,25369280,3583,13518720,1706,코미디,15세이상관람가,17061.343896378145,2019,10,해외,47.6137315099079
4DX 문유,장편,한국,10,30929500,3581,16681000,1947,기타,12세이상관람가,20812.319369631557,2022,10,국내,54.37028762915387
경계의 저편 : I'LL BE HERE -과거편-,장편,일본,32,25700000,3579,12524000,1728,애니메이션,12세이상관람가,17303.076513935037,2015,10,해외,48.28164291701593
메이헴,장편,미국,37,20816400,3579,10644500,1840,액션,청소년관람불가,14015.088013411567,2021,4,해외,51.411008661637325
어서오시게스트하우스,장편,한국,58,31441670,3573,21519000,2350,드라마,15세이상관람가,21204.326963605894,2020,8,국내,65.77106073327735
오스카 그랜트의 어떤 하루,장편,미국,18,24970500,3573,19042000,2612,드라마,15세이상관람가,16840.156596157933,2014,1,해외,73.10383431290232
레드라인,장편,일본,29,28676000,3572,22144500,2709,애니메이션,15세이상관람가,19344.567519799242,2011,5,해외,75.83986562150056
빛의 아버지: 파이널 판타지 XIV,장편,일본,98,33411000,3569,14661600,1562,드라마,전체관람가,22557.700682247065,2021,1,해외,43.765760717287755
살인청부업자,장편,한국,50,26650999,3568,11200799,1447,범죄,청소년관람불가,17998.67564428116,2022,11,국내,40.55493273542601
순천,장편,한국,5,22738200,3562,8774100,1156,다큐멘터리,전체관람가,15382.044742699041,2014,9,국내,32.45367770915216
이어지는 땅,장편,한국,30,29847700,3555,15201800,1748,드라마,12세이상관람가,20231.27107586464,2024,1,국내,49.170182841068915
스노우 화이트,장편,프랑스,77,28614880,3554,20226560,2376,드라마,청소년관람불가,19401.10244014889,2019,10,해외,66.85424873382104
더 시크릿,장편,영국,72,24078370,3551,10939310,1657,스릴러,15세이상관람가,16339.106920500928,2021,1,해외,46.66291185581527
천하칠검 양가장,장편,중국,5,24947500,3551,24947500,3551,드라마,15세이상관람가,16928.88139434675,2013,5,해외,100.0
검은 소년,장편,한국,31,30344439,3547,16173539,1822,드라마,15세이상관람가,20614.358646879595,2024,2,국내,51.36735269241613
특별편집판 기동전사 건담 철혈의 오펀스 우르드 헌트 -작은 도전자의 궤적-,장편,일본,121,36296750,3547,11870650,1148,애니메이션,12세이상관람가,24658.034449611245,2026,4,해외,32.36537919368481
카메론 포스트의 잘못된 교육,장편,미국,108,31208020,3541,18353580,2063,드라마,15세이상관람가,21236.952327808835,2020,6,해외,58.260378424173965
수성못,장편,한국,36,26185400,3539,11992800,1384,드라마,15세이상관람가,17829.146481376196,2018,4,국내,39.107092398982765
남극의 쉐프,장편,일본,1,25129544,3530,23407000,3201,코미디,전체관람가,17153.85781084679,2010,2,해외,90.67988668555242
더 캡틴,장편,프랑스,22,26337050,3525,18888550,2402,전쟁,15세이상관람가,18003.623002648892,2019,4,해외,68.1418439716312
라파엘로. 예술의 군주,장편,이탈리아,24,28009239,3525,14873839,1582,다큐멘터리,전체관람가,19146.706998205587,2024,5,해외,44.87943262411348
마샤와 곰: 최고 중에 최고,장편,러시아,158,28394500,3525,4364300,513,애니메이션,전체관람가,19410.065795095277,2020,10,해외,14.553191489361703
엔젤,장편,벨기에,7,23473000,3525,19787000,2924,드라마,15세이상관람가,16045.800222165257,2008,1,해외,82.95035460992908
레드 룸스,장편,캐나다,26,35010100,3523,26440200,2606,스릴러,15세이상관람가,23945.97977490433,2024,10,해외,73.97104740278172
"힘내세요, 병헌씨",장편,한국,18,25463600,3522,18462100,2471,코미디,15세이상관람가,17421.372029857077,2013,6,국내,70.15900056785918
비커밍 아스트리드,장편,기타,70,30674940,3520,15366180,1641,드라마,15세이상관람가,20998.726725082146,2021,5,해외,46.61931818181818
키타로 탄생 게게게의 수수께끼: 트루 에디션,장편,일본,38,35277500,3506,17011200,1656,애니메이션,15세이상관람가,24245.871105643342,2024,10,해외,47.233314318311464
로봇,장편,인도,37,25705000,3504,13486000,1741,SF,15세이상관람가,17676.871871045827,2012,4,해외,49.68607305936073
까미유 끌로델,장편,프랑스,6,25946000,3495,19537500,2451,드라마,15세이상관람가,17888.54990778565,2013,10,해외,70.12875536480688
톡투미,장편,미국,6,23370500,3493,19664500,2888,드라마,15세이상관람가,16122.089273210793,2008,5,해외,82.6796450042943
램스,장편,아이슬란드,23,25971300,3491,18074500,2263,드라마,15세이상관람가,17926.509820433264,2016,11,해외,64.82383271268978
넥스트 제네레이션 패트레이버,장편,일본,20,23674500,3488,10967500,1678,액션,12세이상관람가,16355.21443572455,2014,4,해외,48.107798165137616
준스톤 이어원,장편,한국,19,36158200,3484,18592800,1787,다큐멘터리,12세이상관람가,25008.092069771625,2025,3,국내,51.291618828932265
로마에서 생긴 일,장편,미국,12,26864788,3480,19727000,2481,멜로/로맨스,12세이상관람가,18601.847389558232,2010,4,해외,71.29310344827586
미스피츠,장편,미국,21,21606540,3479,12129040,1960,액션,15세이상관람가,14965.206038295175,2021,6,해외,56.33802816901409
유어 러브 송,장편,홍콩,59,25588700,3478,16392200,2191,멜로/로맨스,12세이상관람가,17728.44107886405,2022,3,해외,62.99597469810235
벤딩 디 아크: 세상을 바꾸는 힘,장편,미국,45,24142600,3472,10403700,1377,다큐멘터리,전체관람가,16755.45499972239,2017,11,해외,39.66013824884793
안티크라이스트,장편,덴마크,17,26739000,3471,18387500,2325,미스터리,청소년관람불가,18562.755776780414,2011,4,해외,66.98357821953329
헌티드 파크,장편,일본,143,30047360,3467,7408400,823,공포(호러),15세이상관람가,20883.552670445264,2020,5,해외,23.73810210556677
이파네마 소년,장편,한국,13,25432810,3465,10204000,1348,멜로/로맨스,12세이상관람가,17686.54531546098,2010,11,국내,38.9033189033189
허들,장편,한국,24,32771700,3464,15757800,1424,드라마,15세이상관람가,22796.75283118618,2025,12,국내,41.10854503464203
홈프론트-가족을 지켜라,장편,미국,55,23849000,3464,3612000,615,액션,15세이상관람가,16589.91624697404,2014,6,해외,17.7540415704388
윈드 리버: 감독판,장편,미국,9,26691300,3458,14555300,1931,스릴러,청소년관람불가,18599.301776219974,2017,9,해외,55.84152689415848
너의 여자친구,장편,한국,74,21916400,3456,9293940,1168,코미디,12세이상관람가,15280.845604640786,2019,12,국내,33.7962962962963
"럭키, 아파트",장편,한국,40,32030050,3455,24273850,2447,드라마,15세이상관람가,22338.883754991024,2024,10,국내,70.82489146164978
벨과 세바스찬 계속되는 모험,장편,프랑스,38,26194300,3450,12421000,1554,드라마,전체관람가,18295.302950934172,2017,8,해외,45.04347826086956
최후의 Z,장편,아이슬란드,23,19439500,3449,2560000,309,드라마,12세이상관람가,13581.37682652908,2016,12,해외,8.95911858509713
카잔자키스,장편,기타,21,26839100,3447,20470100,2540,드라마,12세이상관람가,18761.975665936156,2020,1,해외,73.68726428778648
나의 노래는 멀리멀리,장편,한국,27,28137380,3442,11261780,1328,다큐멘터리,전체관람가,19698.116113495238,2019,10,국내,38.58221963974434
강철의 연금술사 : 미로스의 성스러운 별,장편,일본,37,24368000,3441,11955500,1583,애니메이션,12세이상관람가,17064.24652402111,2012,1,해외,46.00406858471375
엣 더 벤치,장편,일본,34,32509400,3441,19316100,1944,드라마,전체관람가,22765.447141661676,2025,7,해외,56.49520488230165
정원을 그리다 : 모네에서 마티스까지,장편,영국,25,36375500,3441,21972500,2158,다큐멘터리,전체관람가,25472.771644555556,2017,10,해외,62.71432723045627
리멤버,장편,독일,12,23873000,3438,11199500,1525,드라마,15세이상관람가,16732.19930332149,2012,12,해외,44.35718440954043
인헤리턴스,장편,미국,58,22257000,3434,15766000,2666,스릴러,15세이상관람가,15617.741788353182,2020,6,해외,77.63541059988351
천국의 아이들,장편,한국,7,19220000,3432,12301500,2248,드라마,12세이상관람가,13494.537590923133,2012,5,국내,65.5011655011655
"무현, 두 도시 이야기 : 파이널 컷",장편,한국,103,24499000,3431,10997500,1451,다큐멘터리,15세이상관람가,17205.985117971155,2017,8,국내,42.290877295249196
니나 내나,장편,한국,51,27337980,3427,18748300,2195,드라마,12세이상관람가,19222.249956933072,2019,10,국내,64.05018967026554
몬몬몬 몬스터,장편,대만,101,27639200,3426,13629600,1664,공포(호러),15세이상관람가,19439.72035251338,2018,7,해외,48.5697606538237
"열여덟, 어른이 되는 나이",장편,한국,34,31388297,3420,12561797,1467,드라마,12세이상관람가,22115.33643345311,2023,1,국내,42.89473684210526
메리 크리스마스 미스터 모,장편,한국,31,23963800,3418,16721500,2172,코미디,12세이상관람가,16894.11831057407,2017,12,국내,63.545933294324165
미켈란젤로 : 사랑과 죽음,장편,영국,19,33952000,3411,22708000,2394,다큐멘터리,전체관람가,23984.769332386713,2018,5,해외,70.18469656992085
퍼블릭 에너미 넘버원,장편,프랑스,35,26932000,3410,13216500,1614,액션,청소년관람불가,19031.198106207823,2011,8,해외,47.33137829912024
밤을 걷는 뱀파이어 소녀,장편,미국,23,26003679,3407,19446500,2464,공포(호러),15세이상관람가,18391.390510677873,2015,6,해외,72.32169063692399
로맨스 조,장편,한국,19,25937600,3402,19854100,2492,드라마,15세이상관람가,18371.61697938137,2012,3,국내,73.25102880658436
당나귀 EO,장편,폴란드,35,31472752,3401,19713863,1952,드라마,15세이상관람가,22298.722912821533,2023,10,해외,57.39488385768892
엘스타 2 : 드리미 스테이지,장편,한국,15,50984500,3399,30044500,2003,애니메이션,전체관람가,36144.22385038832,2024,11,국내,58.929096793174466
박강아름 결혼하다,장편,한국,32,24748710,3386,19450210,2588,다큐멘터리,전체관람가,17612.358471096435,2021,8,국내,76.43236857649144
어느날 그 길에서,장편,한국,4,21767000,3380,18867000,2884,다큐멘터리,전체관람가,15517.929706993655,2008,3,국내,85.32544378698225
봄이가도,장편,한국,31,24339700,3379,16565300,2202,드라마,12세이상관람가,17357.170617955693,2018,9,국내,65.16720923350104
아빠의 화장실,장편,우루과이,1,23732074,3378,21841500,3052,드라마,12세이상관람가,16928.86929601176,2009,6,해외,90.34931912374185
곤돌라,장편,독일,38,31528800,3375,20496400,2085,멜로/로맨스,12세이상관람가,22510.522088353417,2025,4,해외,61.77777777777778
유어 아이즈 텔,장편,일본,103,23063760,3375,13877020,2353,멜로/로맨스,15세이상관람가,16466.763052208837,2021,3,해외,69.71851851851851
토카레브,장편,미국,20,17706000,3375,8820000,1796,액션,청소년관람불가,12641.499330655959,2014,10,해외,53.214814814814815
그녀의 취미생활,장편,한국,52,29809412,3372,16957856,1879,미스터리,15세이상관람가,21301.87082850977,2023,8,국내,55.723606168446025
꼬마 마법사 레미: 견습 마법사를 찾아서,장편,일본,65,37980500,3372,15271500,1323,애니메이션,12세이상관람가,27140.948134173705,2021,5,해외,39.23487544483986
인생을 애니메이션처럼,장편,미국,49,24952800,3372,16072000,2110,다큐멘터리,전체관람가,17831.32530120482,2017,9,해외,62.57413997627521
질투의 역사,장편,한국,83,30276830,3372,13969650,1371,멜로/로맨스,15세이상관람가,21635.88875073247,2019,3,국내,40.65836298932384
쿠사마 야요이: 무한의 세계,장편,미국,38,27389510,3369,19119010,2188,다큐멘터리,전체관람가,19590.03243606662,2021,5,해외,64.9450875630751
다우더,장편,한국,41,23895800,3365,11423900,1480,가족,15세이상관람가,17111.51291645035,2014,11,국내,43.98216939078752
라 멜로디,장편,프랑스,39,25241500,3365,14145400,1750,코미디,전체관람가,18075.15351152008,2018,6,해외,52.00594353640417
투 러버스 앤 베어,장편,캐나다,73,26655200,3364,17156500,2069,드라마,청소년관람불가,19093.162185006375,2017,3,해외,61.50416171224733
감독판 김일성의 아이들,장편,한국,60,27205117,3359,16418439,2107,다큐멘터리,12세이상관람가,19516.075854474762,2024,6,국내,62.72700208395355
그 남자의 사랑법,장편,인도,28,25414500,3355,16157000,1987,멜로/로맨스,12세이상관람가,18253.281381861278,2013,5,해외,59.22503725782414
엑설런트 어드벤쳐 3,장편,미국,54,17832980,3351,7064940,1275,어드벤처,12세이상관람가,12823.347103723758,2020,11,해외,38.048343777976726
더 펜션,장편,한국,90,30492000,3340,18339500,1879,드라마,15세이상관람가,21998.412812928364,2018,6,국내,56.25748502994013
비바,장편,아일랜드,71,25521500,3338,15863500,1937,드라마,청소년관람불가,18423.48423051102,2016,10,해외,58.02875973636908
해피 댄싱,장편,영국,25,23904200,3338,15231200,2073,드라마,12세이상관람가,17255.98619763656,2018,11,해외,62.10305572198922
펠리니를 찾아서,장편,미국,18,24490900,3335,15999200,1953,어드벤처,15세이상관람가,17695.417351565182,2018,7,해외,58.56071964017991
릴라 릴라,장편,독일,14,26583400,3331,22281400,2725,코미디,12세이상관람가,19230.376926499153,2011,9,해외,81.80726508555989
비상계엄,장편,한국,39,34469200,3331,8979400,846,다큐멘터리,12세이상관람가,24934.948439811484,2025,12,국내,25.397778444911438
호프,장편,기타,171,27884010,3330,11031270,1275,드라마,12세이상관람가,20177.29295560621,2020,12,해외,38.288288288288285
낮에는 덥고 밤에는 춥고,장편,한국,51,27001995,3327,17060896,2048,드라마,12세이상관람가,19556.672134887613,2022,10,국내,61.55695822061917
브레이킹 아이스,장편,중국,66,30221000,3327,18560300,1898,멜로/로맨스,15세이상관람가,21888.09340155935,2025,6,해외,57.04839194469492
비행,장편,한국,128,28441440,3326,16686200,1881,드라마,15세이상관람가,20605.40900825189,2020,3,국내,56.55441972339146
리슨 투 유어 하트,장편,미국,8,25534000,3325,13966000,1681,드라마,12세이상관람가,18504.57468973639,2011,5,해외,50.55639097744361
뉴 오더,장편,기타,31,30334470,3324,18760770,1923,스릴러,청소년관람불가,21990.104823626636,2021,11,해외,57.851985559566785
쇼크 웨이브 2,장편,중국,61,17952300,3321,9681900,1793,액션,15세이상관람가,13025.761582917035,2021,5,해외,53.98976211984342
테르마이 로마이,장편,일본,7,23674500,3319,20595000,2888,코미디,15세이상관람가,17188.004806208868,2013,7,해외,87.01416089183489
시라이,장편,일본,70,28571620,3305,4506280,498,공포(호러),15세이상관람가,20831.24874687859,2020,7,해외,15.068078668683812
피스 바이 피스,장편,미국,67,28467200,3301,12308400,1417,애니메이션,전체관람가,20780.267388852597,2025,1,해외,42.926385943653436
안젤름,장편,독일,23,32337900,3300,22685200,2226,다큐멘터리,전체관람가,23612.924424972618,2026,5,해외,67.45454545454545
정돌이,장편,한국,15,29377900,3300,13724900,1503,다큐멘터리,12세이상관람가,21451.551661190217,2025,2,국내,45.54545454545455
찬란한 나의 복수,장편,한국,59,28584999,3289,12819099,1391,드라마,15세이상관람가,20942.3884653848,2023,3,국내,42.29249011857708
"1999, 면회",장편,한국,20,23266300,3289,15773300,2179,드라마,15세이상관람가,17045.7201258668,2013,2,국내,66.25114016418364
별이 빛나는 밤,장편,대만,20,24180300,3288,16217300,2148,드라마,전체관람가,17720.736962448333,2012,4,해외,65.32846715328468
미켈란젤로,장편,이탈리아,20,20290320,3285,12439380,2021,드라마,12세이상관람가,14883.512130714642,2021,9,해외,61.5220700152207
공포체험단 곤지암편,장편,한국,10,17285500,3282,5342000,1006,공포(호러),15세이상관람가,12690.983311674487,2019,7,국내,30.65204143814747
노엘의 선물,장편,프랑스,58,23642900,3282,7985000,1074,코미디,전체관람가,17358.575068096885,2015,2,해외,32.72394881170018
싸반,장편,태국,48,29364680,3279,12840440,1434,공포(호러),15세이상관람가,21579.220817395842,2021,11,해외,43.732845379688925
암살자들,장편,미국,39,21312800,3277,13965200,2440,다큐멘터리,15세이상관람가,15671.695019320492,2021,8,해외,74.45834604821484
더 박스,장편,미국,15,23544000,3276,11651000,1546,스릴러,15세이상관람가,17317.622136899245,2012,4,해외,47.19169719169719
맛있는 녀석들,장편,중국,152,26045040,3274,3849900,462,애니메이션,전체관람가,19168.947015919515,2020,7,해외,14.111178985949907
마네의 제비꽃 여인: 베르트 모리조,장편,프랑스,5,23303500,3273,14444000,1820,드라마,12세이상관람가,17156.435089579216,2014,7,해외,55.60647723800795
바쿠라우,장편,프랑스,25,25488660,3271,18909660,2310,미스터리,청소년관람불가,18776.66090838438,2021,9,해외,70.62060531947417
"그 남자, 좋은 간호사",장편,미국,61,27862000,3261,14541200,1673,스릴러,15세이상관람가,20587.963630049177,2022,10,해외,51.30328120208525
고려 아리랑: 천산의 디바,장편,한국,21,22027000,3260,12368700,1654,다큐멘터리,전체관람가,16281.321605440167,2017,5,국내,50.736196319018404
파코와 마법 동화책,장편,일본,13,23530641,3260,14853700,2061,가족,전체관람가,17392.74225737305,2010,7,해외,63.220858895705526
흩어진 밤,장편,한국,49,27613840,3258,14751840,1628,드라마,전체관람가,20423.380446278672,2021,6,국내,49.96930632289748
위드 러브,장편,미국,47,23398160,3255,9767700,1362,액션,청소년관람불가,17321.385079488464,2025,5,해외,41.84331797235023
소설가 구보의 하루,장편,한국,36,21836470,3252,13993880,2046,드라마,12세이상관람가,16180.19680196802,2021,12,국내,62.91512915129152
엄마의 왕국,장편,한국,27,28687900,3252,24380100,2619,범죄,15세이상관람가,21256.909557047376,2024,7,국내,80.5350553505535
체 게바라: 2부 게릴라,장편,독일,16,23799160,3252,14245160,1733,드라마,15세이상관람가,17634.493694334535,2019,6,해외,53.290282902829034
리마인더스 오브 힘,장편,미국,24,23316300,3248,10432800,1452,드라마,12세이상관람가,17297.985043622768,2026,5,해외,44.70443349753695
"위대한 계약: 파주, 책, 도시",장편,한국,30,27535700,3247,19360000,2156,다큐멘터리,전체관람가,20434.580947751583,2022,4,국내,66.39975361872497
모리의 정원,장편,일본,66,27215720,3245,16980280,1918,드라마,전체관람가,20209.56801009895,2020,3,해외,59.10631741140215
삼례,장편,한국,26,24086600,3243,17267300,2182,드라마,15세이상관람가,17897.008942337343,2016,6,국내,67.28337958680234
은빛살구,장편,한국,25,26435100,3242,15290000,1725,드라마,12세이상관람가,19648.067903941494,2025,1,국내,53.207896360271434
그르바비차,장편,보스니아,1,22129000,3238,21258000,3055,드라마,15세이상관람가,16467.847920403045,2008,1,해외,94.34836318715256
아워 미드나잇,장편,한국,50,24159470,3235,12909470,1635,드라마,12세이상관람가,17995.54570678386,2021,11,국내,50.540958268933544
킬 스위치,장편,미국,51,16260900,3230,6360900,1250,SF,15세이상관람가,12130.926181506213,2020,7,해외,38.69969040247678
미라클 여행기,장편,한국,12,20562500,3228,13008500,2117,다큐멘터리,전체관람가,15349.502097609771,2015,1,국내,65.5824039653036
새비지 맨,장편,미국,50,25868492,3227,10366498,1289,액션,청소년관람불가,19316.304822637314,2023,1,해외,39.9442206383638
은하수,장편,한국,49,30206600,3225,15206600,1548,드라마,12세이상관람가,22569.60866722705,2024,4,국내,48.0
해피 아워,장편,일본,15,53451800,3221,39337900,2261,드라마,15세이상관람가,39987.43187590474,2021,12,해외,70.19559143123254
튜브펫주식회사,장편,한국,55,25999499,3216,11875699,1460,드라마,전체관람가,19480.53332733921,2022,12,국내,45.398009950248756
더 코브: 슬픈 돌고래의 진실,장편,미국,2,21005834,3215,19490500,2955,다큐멘터리,12세이상관람가,15743.84680245086,2009,10,해외,91.91290824261276
초선,장편,한국,41,25470796,3215,18534996,2505,다큐멘터리,12세이상관람가,19090.330341584067,2022,11,국내,77.91601866251943
스웨그,장편,한국,118,30300660,3214,18971540,1998,드라마,15세이상관람가,22717.373538959822,2020,12,국내,62.16552582451773
큐브,장편,일본,51,30326998,3210,19459100,2061,스릴러,15세이상관람가,22765.452839394962,2022,8,해외,64.20560747663552
약속의 네버랜드,장편,일본,59,23051300,3206,11131500,1673,판타지,12세이상관람가,17325.421461266153,2022,4,해외,52.183406113537124
왕십리 김종분,장편,한국,32,26482600,3203,19988500,2196,다큐멘터리,12세이상관람가,19923.03901839014,2021,11,국내,68.5607243209491
달려라 자전거,장편,한국,4,21392500,3201,15694000,2250,드라마,전체관람가,16103.777810398107,2008,8,국내,70.29053420805998
파리 시청 앞에서의 키스: 로베르 두아노,장편,프랑스,17,23713797,3200,17288397,2178,다큐멘터리,전체관람가,17856.774849397592,2017,8,해외,68.0625
무명인,장편,한국,51,25063600,3199,8701500,1100,미스터리,15세이상관람가,18879.09248748668,2014,5,국내,34.38574554548296
칠중주: 홍콩 이야기,장편,홍콩,70,29305712,3199,15960359,1665,드라마,12세이상관람가,22074.452483268495,2023,5,해외,52.04751484839012
아이돌리쉬 세븐 퍼스트 비트! 극장총집편 후편,장편,일본,38,29969220,3197,14086080,1455,애니메이션,전체관람가,22588.360322742334,2025,12,해외,45.511416953393805
차임,장편,일본,48,31458700,3197,20651300,1975,스릴러,15세이상관람가,23711.009191599052,2026,3,해외,61.77666562402252
붉은 가족,장편,한국,8,22678500,3192,9936500,1289,드라마,15세이상관람가,17119.9836941752,2013,11,국내,40.38220551378446
언더닌자,장편,일본,65,16195620,3191,6081670,1131,드라마,15세이상관람가,12229.893563599431,2026,2,해외,35.4434346599812
마리우폴에서의 20일,장편,미국,50,27683060,3190,16810260,1756,다큐멘터리,15세이상관람가,20911.024662914984,2024,11,해외,55.04702194357367
본 투 플라이,장편,중국,72,25243466,3183,7597628,805,액션,12세이상관람가,19110.156743846263,2023,11,해외,25.29060634621426
노래로 쏘아 올린 기적,장편,팔레스타인,13,20481200,3182,13112200,1836,드라마,12세이상관람가,15509.833173044157,2017,8,해외,57.699560025141416
원 웨이,장편,미국,50,25478197,3176,10833198,1348,액션,15세이상관람가,19330.36706018027,2023,2,해외,42.44332493702771
더스트맨,장편,한국,47,20748280,3175,12784310,1919,드라마,12세이상관람가,15746.726117066693,2021,4,국내,60.44094488188977
매트,장편,한국,9,37835156,3175,23813756,2003,미스터리,12세이상관람가,28714.661607058155,2023,11,국내,63.08661417322835
아수라도,장편,한국,101,27725060,3166,5309570,634,액션,청소년관람불가,21101.50773656851,2021,3,국내,20.025268477574226
미친도시,장편,한국,4,24029500,3165,8129500,1034,드라마,15세이상관람가,18294.600201754885,2018,8,국내,32.669826224328595
노 임팩트 맨,장편,미국,7,22501686,3160,19975400,2760,다큐멘터리,전체관람가,17158.522190025928,2010,6,해외,87.34177215189874
다른 것으로 알려질 뿐이지,장편,한국,31,31595550,3160,23349050,2250,드라마,15세이상관람가,24092.992222052766,2025,8,국내,71.20253164556962
바람의 검심 : 교토 대화재편,장편,일본,26,25230000,3160,15243300,1856,액션,15세이상관람가,19238.98124142138,2015,2,해외,58.734177215189874
양양,장편,한국,30,28862260,3158,18896760,1963,다큐멘터리,12세이상관람가,22022.677155741396,2025,10,국내,62.159594680177335
10분,장편,한국,23,24284400,3158,12884400,1640,드라마,12세이상관람가,18529.647405327454,2014,4,국내,51.93160227992401
레슬리에게,장편,미국,32,27298086,3153,18982378,2065,드라마,15세이상관람가,20862.201231185445,2023,11,해외,65.49318109736758
백발마녀전: 명월천국,장편,중국,20,15699000,3151,8408000,1711,판타지,12세이상관람가,12005.368347397844,2014,10,해외,54.300222151697874
피드백,장편,스페인,38,24000200,3151,11471300,1663,공포(호러),청소년관람불가,18353.477381439436,2022,1,해외,52.77689622342113
마마 앤드 파파,장편,한국,1,22468773,3149,20344000,2640,드라마,전체관람가,17193.274590900917,2010,5,국내,83.8361384566529
너는 나를 불태워,장편,아르헨티나,30,30082900,3147,21220300,2107,드라마,15세이상관람가,23034.291599189895,2025,8,해외,66.95265332062282
"모모세, 여기를 봐",장편,일본,31,24662500,3144,15659500,1920,멜로/로맨스,전체관람가,18901.943652472488,2014,10,해외,61.06870229007634
달려라 루디,장편,독일,11,18158000,3143,5234000,897,코미디,전체관람가,13921.163495854242,2008,8,해외,28.539611835825646
살아있는 야생탐험,장편,이스라엘,1,35687192,3135,35154000,3088,다큐멘터리,전체관람가,27430.05860763629,2009,5,해외,98.50079744816587
세븐 싸이코패스,장편,영국,24,22319841,3135,15088841,2115,코미디,청소년관람불가,17155.581945004902,2014,9,해외,67.46411483253588
송 오브 러브,장편,기타,48,16134080,3133,5667600,1069,드라마,12세이상관람가,12408.969423817196,2020,9,해외,34.120651133099265
관계의 가나다에 있는 우리는,장편,한국,39,24380140,3131,15877940,1939,드라마,전체관람가,18763.118908082026,2021,1,국내,61.92909613541999
위 섬온 더 다크니스,장편,미국,49,16101320,3131,5432800,1053,공포(호러),청소년관람불가,12391.683630080848,2020,9,해외,33.63142765889492
"알레고리, 잇츠 낫 미",옴니버스,프랑스,29,30291100,3122,23144500,2224,기타,15세이상관람가,23379.437030633748,2024,12,해외,71.2363869314542
실: 인연의 시작,장편,일본,74,30913390,3116,18010320,1739,드라마,12세이상관람가,23905.679199467962,2021,10,해외,55.808729139922974
더 그레이트 샤크,장편,헝가리,106,30678650,3114,9578150,927,공포(호러),12세이상관람가,23739.3891558527,2021,8,해외,29.76878612716763
갓랜드,장편,덴마크,24,25015530,3113,15511500,1662,드라마,15세이상관람가,19363.438979174007,2024,2,해외,53.389013813042084
완벽한 거짓말,장편,프랑스,21,22442600,3112,14879500,1990,스릴러,15세이상관람가,17377.427447579525,2017,8,해외,63.94601542416453
할로윈 엔드,장편,미국,14,18055992,3111,7907295,1199,공포(호러),청소년관람불가,13985.346980980818,2022,10,해외,38.540662166505946
와일드 카드,장편,미국,69,23712000,3109,6754500,903,범죄,청소년관람불가,18378.047409967952,2015,3,해외,29.04470890961724
네 번,장편,이탈리아,10,23444000,3107,19943000,2539,드라마,전체관람가,18182.029695867473,2011,10,해외,81.7186997103315
그들은 피아노 연주자를 쐈다,장편,스페인,35,29472900,3104,19528200,1978,애니메이션,12세이상관람가,22879.844118743014,2025,1,해외,63.72422680412371
볼케이노: 삶의 전환점에 선 남자,장편,아이슬란드,10,19982500,3103,12271500,1900,드라마,15세이상관람가,15517.435517124897,2012,11,해외,61.23106670963584
미피의 동물원 보물찾기,장편,네덜란드,5,20782000,3102,12873500,1960,애니메이션,전체관람가,16143.490791017068,2014,3,해외,63.18504190844616
가을 우체국,장편,한국,74,23270700,3099,14316900,1792,멜로/로맨스,12세이상관람가,18094.216167671657,2017,10,국내,57.82510487253953
샘,장편,한국,68,24757750,3098,17191650,1996,멜로/로맨스,12세이상관람가,19256.69106380331,2018,11,국내,64.4286636539703
쿠엔틴 타란티노 8,장편,미국,21,22762500,3093,14673500,1960,다큐멘터리,청소년관람불가,17733.39721641172,2019,10,해외,63.368897510507594
아름다운 별,장편,일본,29,26082500,3092,19926000,2272,SF,청소년관람불가,20326.45458937951,2018,1,해외,73.47994825355757
파울라,장편,독일,22,23578200,3091,15002100,1898,드라마,15세이상관람가,18380.763428999075,2017,11,해외,61.40407635069557
멋진 인생,장편,한국,17,23575200,3089,16869700,2149,드라마,12세이상관람가,18390.324002387017,2011,6,국내,69.56943994820331
조이랜드,장편,기타,34,28504686,3082,20576006,2012,드라마,15세이상관람가,22286.17467924912,2023,12,해외,65.28228423101882
해피엔딩 프로젝트,장편,캐나다,16,20429500,3073,14503000,2143,드라마,12세이상관람가,16019.4307983643,2014,2,해외,69.7364139277579
턴: 더 스트릿,장편,한국,34,18293000,3072,9300000,1389,드라마,12세이상관람가,14348.801455823295,2021,3,국내,45.21484375
우리 둘 사이에,장편,한국,32,26046100,3071,14017400,1487,드라마,12세이상관람가,20436.889204489726,2025,7,국내,48.420709866493
귀신,장편,한국,31,26790200,3070,13304500,1547,공포(호러),청소년관람불가,21027.589184097957,2021,8,국내,50.390879478827365
하얀 정글,장편,한국,15,22831700,3070,17726200,2305,다큐멘터리,전체관람가,17920.56826655155,2011,12,국내,75.0814332247557
이 안에 외계인이 있다,장편,한국,121,27123130,3069,10293650,1072,코미디,12세이상관람가,21295.84221539138,2021,2,국내,34.929944607363964
궁지에 몰린 쥐는 치즈 꿈을 꾼다,장편,일본,66,34624752,3065,26932589,2285,드라마,청소년관람불가,27221.251990015528,2023,2,해외,74.55138662316476
이민자,장편,미국,16,20901700,3063,15858700,2200,드라마,12세이상관람가,16443.206715205582,2012,4,해외,71.82500816193274
패신저,장편,미국,85,32977800,3063,12727950,1168,공포(호러),15세이상관람가,25943.381754245187,2026,6,해외,38.13254978778975
내추럴 바이스,장편,미국,49,15492600,3061,3366300,662,범죄,청소년관람불가,12195.872677249345,2022,11,해외,21.626919307415875
귀멸의 칼날: 도공 마을 적습편,장편,일본,100,31499300,3060,8021800,759,애니메이션,15세이상관람가,24804.551539491298,2025,7,해외,24.80392156862745
제프 맥페트리지: 드로잉 라이프,장편,미국,24,28394300,3057,24159800,2540,다큐멘터리,전체관람가,22381.419692508996,2025,8,해외,83.08799476611057
6 웨이 투 다이,장편,미국,1,15285000,3057,15285000,3057,액션,15세이상관람가,12048.192771084337,2017,9,해외,100.0
도쿄 오아시스,장편,일본,8,23935700,3052,21833200,2718,드라마,"12세이상관람가,전체관람가",18897.898277250548,2011,12,해외,89.05635648754915
소리굽쇠,장편,한국,46,24048800,3051,15391400,1858,드라마,15세이상관람가,18993.41712967899,2014,10,국내,60.89806620780072
철의 심장을 가진 남자,장편,미국,51,22631450,3051,12115000,1605,액션,15세이상관람가,17874.01326051502,2018,11,해외,52.60570304818093
흐르다,장편,한국,43,25201597,3051,14491797,1669,드라마,12세이상관람가,19903.8806158755,2023,3,국내,54.70337594231399
겁쟁이 페달: 리로드,장편,일본,7,21326808,3050,16748676,2405,애니메이션,전체관람가,16849.14714596089,2016,1,해외,78.85245901639344
브라더,장편,한국,131,25349450,3049,4174100,423,범죄,15세이상관람가,20033.785519249846,2021,10,국내,13.87340111511971
그댄 나의 뱀파이어,장편,한국,13,22393000,3048,9265200,1192,드라마,15세이상관람가,17703.095847958764,2014,6,국내,39.107611548556434
엔드 오브 디 어스,장편,캐나다,32,24762700,3047,14547200,1775,공포(호러),청소년관람불가,19582.919798656392,2015,1,해외,58.25402034788316
넌센스,장편,한국,42,28476850,3046,10894250,1045,스릴러,15세이상관람가,22527.54946245916,2025,11,국내,34.30728824688116
우리 연애의 이력,장편,한국,26,24084800,3043,14466000,1803,멜로/로맨스,15세이상관람가,19071.857591390868,2016,6,국내,59.25073940190602
울프 하운드,장편,미국,50,24209397,3043,9793800,1235,액션,15세이상관람가,19170.521322886023,2023,2,해외,40.584949063424254
잠자는 바보,장편,일본,110,32181780,3043,13470440,1204,드라마,12세이상관람가,25483.554988933716,2025,9,해외,39.566217548471904
정글,장편,호주,45,24788300,3043,6257700,772,액션,15세이상관람가,19628.933083632593,2018,5,해외,25.3697009530069
귀멸의 칼날: 환락의 거리 잠입편,장편,일본,106,30743500,3038,6614400,648,애니메이션,15세이상관람가,24384.701412628794,2025,7,해외,21.329822251481236
귀멸의 칼날: 합동 강화 훈련 주집결편,장편,일본,92,32379200,3036,9125900,825,애니메이션,15세이상관람가,25699.00153975586,2025,8,해외,27.173913043478258
제인 구달,장편,독일,29,22857000,3035,11908300,1440,다큐멘터리,전체관람가,18147.31744109883,2014,11,해외,47.44645799011532
밀레니엄 제 1부 : 여자를 증오한 남자들,장편,스웨덴,6,24060000,3033,18722000,2241,스릴러,청소년관람불가,19115.035810899386,2012,1,해외,73.88724035608308
페이퍼보이: 사형수의 편지,장편,미국,12,22677500,3030,16753500,2178,스릴러,청소년관람불가,18034.514294802975,2013,8,해외,71.88118811881188
리벤져,장편,한국,57,22088100,3028,5707000,658,액션,15세이상관람가,17577.39014180898,2018,12,국내,21.730515191545575
뮤턴트 이스케이프,장편,캐나다,116,25897800,3025,7362000,861,액션,15세이상관람가,20629.533008065322,2023,4,해외,28.46280991735537
4월은 너의 거짓말,장편,일본,109,30639200,3025,16991900,1627,멜로/로맨스,전체관람가,24406.412426565767,2022,4,해외,53.78512396694215
바세코의 아이들,장편,한국,7,18034500,3024,4255000,665,다큐멘터리,전체관람가,14370.577548288393,2014,8,국내,21.99074074074074
샷 콜러,장편,미국,59,20491100,3021,10027000,1607,범죄,청소년관람불가,16344.304726353279,2018,5,해외,53.19430652101953
완벽한 축사를 준비하는 방법,장편,프랑스,51,28249000,3019,21698800,2227,코미디,15세이상관람가,22547.161152061046,2022,5,해외,73.76614773103677
헬렌: 내 영혼의 자화상,장편,기타,40,23901100,3015,15343140,1808,드라마,12세이상관람가,19102.15988331435,2021,2,해외,59.96683250414594
케이트 맥콜,장편,미국,24,23062500,3014,13524000,1808,스릴러,15세이상관람가,18438.052142211847,2014,5,해외,59.98672859986729
선종 무문관,장편,한국,3,25023800,3012,10186800,1168,드라마,전체관람가,20019.360309764957,2018,12,국내,38.778220451527226
머슴바울,장편,한국,23,29099600,3004,14199100,1330,사극,전체관람가,23342.049957486404,2022,11,국내,44.27430093209054
"피아노, 솔로",장편,이탈리아,4,20566707,3002,17751200,2546,드라마,15세이상관람가,16508.437748328426,2008,10,해외,84.81012658227847
피기,장편,스페인,69,27463417,3000,17345019,1903,스릴러,15세이상관람가,22058.969477911647,2023,4,해외,63.43333333333333
데솔레이트,장편,미국,49,15059599,2999,3244000,645,액션,15세이상관람가,12100.096819421737,2022,12,해외,21.50716905635212
호타루의 빛,장편,일본,13,23127500,2989,18339500,2330,멜로/로맨스,12세이상관람가,18644.66900724343,2012,9,해외,77.95249247239879
극장판 헌터X헌터 : 팬텀루즈,장편,일본,47,18568000,2988,9744500,1588,애니메이션,15세이상관람가,14973.952033031726,2013,6,해외,53.14591700133868
광인옥한흠,장편,한국,18,22537200,2985,6341000,893,다큐멘터리,전체관람가,18193.13434643095,2017,12,국내,29.916247906197658
더 커널,장편,아일랜드,44,23722100,2982,10643600,1296,공포(호러),청소년관람불가,19168.909036548608,2015,8,해외,43.460764587525155
다이빙벨 그후,장편,한국,48,23524000,2981,11889000,1347,다큐멘터리,12세이상관람가,19015.208772022004,2018,5,국내,45.18617913451862
하이 라이프,장편,영국,28,24500580,2978,17981480,2043,SF,청소년관람불가,19824.560835686603,2019,10,해외,68.60308932169241
태양의 소녀들,장편,프랑스,103,25580970,2971,13742370,1501,드라마,15세이상관람가,20747.523246807494,2020,10,해외,50.521709861999334
라이브 인 3D 휘성 : 잇츠 리얼,장편,한국,30,40389134,2967,26837000,2014,다큐멘터리,전체관람가,32801.89230125761,2010,9,국내,67.88001348163128
숨,장편,한국,35,25208900,2965,17867100,1935,다큐멘터리,12세이상관람가,20487.12895426563,2025,3,국내,65.26138279932546
나인스 라이프,장편,영국,74,22545500,2964,9996500,1247,미스터리,15세이상관람가,18328.78070988407,2017,9,해외,42.071524966261805
살인자의 기억법 : 새로운 기억,장편,한국,24,19563000,2958,9579500,1379,범죄,청소년관람불가,15936.36208118478,2017,11,국내,46.619337390128464
런 보이 런,장편,한국,25,20893740,2956,11386020,1536,드라마,15세이상관람가,17031.922004662763,2020,5,국내,51.96211096075778
이태원,장편,한국,15,24592760,2956,21105660,2392,다큐멘터리,15세이상관람가,20047.2471754406,2019,12,국내,80.92016238159675
드림 홈,장편,홍콩,34,24807900,2954,12017500,1405,공포(호러),청소년관람불가,20236.31424819114,2026,2,해외,47.562626946513205
공수도,장편,한국,79,25089500,2950,7524500,930,액션,15세이상관람가,20493.771696957323,2020,4,국내,31.52542372881356
우리는 언제나 성에 살았다,장편,미국,27,24015480,2950,18450620,2236,미스터리,15세이상관람가,19616.4835613641,2019,7,해외,75.79661016949153
말이야 바른 말이지,옴니버스,한국,34,24610082,2943,14309082,1515,코미디,전체관람가,20149.983829302942,2023,5,국내,51.47808358817533
패닉 런,장편,미국,53,29729495,2943,18261398,1814,스릴러,12세이상관람가,24341.602904994084,2023,1,해외,61.63778457356439
"굿바이, 평양",장편,한국,11,20656500,2940,14153500,1934,다큐멘터리,전체관람가,16930.16965822474,2011,3,국내,65.78231292517007
노 어더 랜드,장편,팔레스타인,30,26340800,2939,17589600,1768,다큐멘터리,15세이상관람가,21596.395790716455,2026,3,해외,60.15651582170807
전국: 천하영웅의 시대,장편,중국,5,13958000,2938,8210000,1510,액션,15세이상관람가,11447.833539740992,2013,5,해외,51.395507147719535
실버벨,장편,미국,21,21802000,2935,13449000,1797,코미디,전체관람가,17899.468401715894,2016,12,해외,61.226575809199325
나와 봄날의 약속,장편,한국,86,22032500,2929,13894400,1855,미스터리,15세이상관람가,18125.763552674336,2018,6,국내,63.33219528849436
삼국-무영자,장편,중국,38,15548500,2927,7750000,1080,액션,15세이상관람가,12800.227215661416,2018,12,해외,36.89784762555517
"사비나: 그리스도를 위한 고난, 나치 시대",장편,미국,44,29425840,2914,12441340,1264,드라마,12세이상관람가,24332.751734460147,2021,11,해외,43.37680164722031
더 원 아이 러브,장편,미국,58,22910500,2910,10575500,1294,판타지,15세이상관람가,18971.142301163418,2015,11,해외,44.46735395189003
서바이브 더 나잇,장편,미국,11,14424140,2908,7110360,1449,액션,15세이상관람가,11952.188395949686,2021,2,해외,49.82806052269601
풍기,장편,한국,48,21426755,2908,3148500,633,코미디,12세이상관람가,17754.72315672594,2024,8,국내,21.767537826685007
히치콕 트뤼포,장편,프랑스,18,23264100,2901,18436500,2189,다큐멘터리,15세이상관람가,19323.70640784441,2016,8,해외,75.4567390554981
오장군의 발톱,장편,한국,9,16370600,2894,1179000,323,전쟁,12세이상관람가,13630.694165743833,2018,8,국내,11.161022805805114
여기는 아미코,장편,일본,40,25897330,2893,16542500,1755,가족,전체관람가,21570.413003552407,2024,2,해외,60.66367092983063
폴링 스노우,장편,영국,22,20078000,2892,15755000,2145,멜로/로맨스,15세이상관람가,16729.15729307271,2017,2,해외,74.1701244813278
엽문4: 종극일전,장편,홍콩,5,16017000,2888,16017000,2888,드라마,15세이상관람가,13363.98224476855,2013,6,해외,100.0
밤의 문이 열린다,장편,한국,20,22690100,2887,16635400,1916,판타지,12세이상관람가,18938.32343575897,2019,8,국내,66.36647038448216
기동전사 건담 F91,장편,일본,41,30194900,2886,15502400,1477,애니메이션,12세이상관람가,25210.947741068223,2025,5,해외,51.17810117810117
시간을 달리는 소녀,장편,일본,13,21057000,2886,15109500,2054,판타지,전체관람가,17581.344087368183,2011,3,해외,71.17117117117117
임파서블 러브,장편,프랑스,30,27178900,2885,19893400,1950,드라마,청소년관람불가,22700.63268672611,2022,7,해외,67.59098786828423
집의 시간들,장편,한국,20,24646950,2882,21579950,2435,다큐멘터리,전체관람가,20607.300820213542,2018,10,국내,84.48993754337266
내일의 죠,장편,일본,22,22219000,2881,14365000,1834,드라마,15세이상관람가,18583.74142177875,2011,6,해외,63.658451926414436
라라의 신비한 모험,장편,기타,165,23773050,2875,4668900,535,애니메이션,전체관람가,19925.028810895757,2021,3,해외,18.608695652173914
사랑의 고고학,장편,한국,42,26188958,2874,19479300,2033,드라마,15세이상관람가,21957.523622674416,2023,4,국내,70.73764787752262
바비,장편,미국,17,22454545,2867,18138000,2265,드라마,15세이상관람가,18872.4580918722,2010,2,해외,79.00244157656087
고양이 장례식,장편,한국,46,23200900,2865,17496200,2146,멜로/로맨스,12세이상관람가,19513.362349923253,2015,1,국내,74.90401396160559
디 아더 사이드,장편,기타,20,17184130,2863,9164470,1528,공포(호러),12세이상관람가,14462.990628248237,2021,3,해외,53.37059028990569
요정,장편,한국,32,24918497,2861,15404497,1688,드라마,12세이상관람가,20987.267068974958,2022,12,국내,59.00034952813702
재키 앤 라이언,장편,미국,62,22080000,2860,11856000,1483,드라마,12세이상관람가,18603.08366332463,2015,11,해외,51.85314685314686
당신을 오랫동안 사랑했어요,장편,프랑스,3,20401309,2858,16676000,2243,드라마,15세이상관람가,17200.763024104817,2010,1,해외,78.48145556333101
"람빅, 시간과 열정의 맥주",장편,스페인,26,20525578,2856,14449678,1766,다큐멘터리,전체관람가,17317.65549593331,2023,10,해외,61.83473389355743
레벨 16,장편,캐나다,137,25928300,2856,10058250,1066,스릴러,15세이상관람가,21875.99136039958,2020,12,해외,37.324929971988794
윤시내가 사라졌다,장편,한국,51,26351700,2853,15107000,1549,드라마,12세이상관람가,22256.597367387534,2022,6,국내,54.29372590255871
기도의 숨결,장편,프랑스,14,23966100,2852,19206600,2079,다큐멘터리,전체관람가,20248.82137244631,2022,8,해외,72.89621318373072
"안녕, 미누",장편,한국,25,22966500,2850,16308000,2020,다큐멘터리,12세이상관람가,19417.882054533926,2020,5,국내,70.87719298245614
어프렌티스,장편,캐나다,67,27562500,2849,18277200,1886,드라마,청소년관람불가,23311.92090228235,2024,10,해외,66.1986661986662
라스트 버스,장편,영국,27,22207091,2848,10540997,1058,드라마,12세이상관람가,18788.996717205904,2023,2,해외,37.14887640449438
우리가 들려줄 이야기,장편,캐나다,3,21933400,2847,19727400,2506,다큐멘터리,15세이상관람가,18563.95021603802,2014,3,해외,88.02247980330172
나이트 오브 컵스,장편,미국,37,21438500,2844,12453100,1551,드라마,청소년관람불가,18164.218053649198,2015,11,해외,54.53586497890295
에반게리온 신극장판: 파,장편,일본,12,34454000,2842,20535000,1645,애니메이션,12세이상관람가,29212.41616713158,2022,10,해외,57.88177339901478
에벌리,장편,미국,47,18036500,2839,7677000,1056,액션,청소년관람불가,15308.71637306535,2015,6,해외,37.19619584360691
썰,장편,한국,104,24994780,2838,7409530,769,코미디,청소년관람불가,21222.123164964298,2021,6,국내,27.096546863988724
밀양 아리랑,장편,한국,14,17209000,2837,9042000,1442,다큐멘터리,15세이상관람가,14616.661924398333,2015,7,국내,50.82833979555868
글로리아를 위하여,장편,프랑스,36,22875400,2833,17453100,2179,드라마,15세이상관람가,19456.916972514133,2020,10,해외,76.91493116837275
세컨드 마더,장편,브라질,18,20646000,2830,15170500,1944,가족,12세이상관람가,17579.292434756695,2015,11,해외,68.69257950530036
자마,장편,아르헨티나,34,23372050,2826,15904550,1829,드라마,15세이상관람가,19928.589090971105,2021,8,해외,64.72045293701345
기동전사 건담 디 오리진Ⅵ: 탄생 붉은 혜성,장편,일본,51,25656500,2821,15540500,1585,애니메이션,12세이상관람가,21915.239832068437,2018,6,해외,56.185749734136834
두 사람,장편,한국,27,25970300,2818,18805000,1904,다큐멘터리,12세이상관람가,22206.897141440142,2025,2,국내,67.56564939673527
퍼스널 이펙츠,장편,미국,12,20879000,2816,14918500,1943,드라마,15세이상관람가,17866.066538882806,2012,1,해외,68.99857954545455
러브 라이프,장편,일본,30,24645670,2813,18692110,1997,드라마,12세이상관람가,21111.68027959688,2023,7,해외,70.99182367579097
제7의 봉인,장편,스웨덴,1,23433000,2808,23433000,2808,드라마,12세이상관람가,20108.63968695294,2012,5,해외,100.0
시간의 종말,장편,한국,33,19339400,2807,9157800,1239,다큐멘터리,전체관람가,16601.697134101065,2016,11,국내,44.13965087281795
스크림 7,장편,미국,105,31917350,2804,13427100,1145,공포(호러),청소년관람불가,27428.415516559824,2026,4,해외,40.834522111269614
플래티나 데이터,장편,일본,7,16974500,2802,15929000,2606,SF,15세이상관람가,14597.576601910856,2013,12,해외,93.00499643112062
레인보우,장편,한국,10,20582634,2800,15315100,2018,드라마,12세이상관람가,17713.11015490534,2010,11,국내,72.07142857142857
리틀 엘렌: 외계인과 안테나 대소동,장편,덴마크,140,26067894,2798,4810399,500,애니메이션,전체관람가,22449.679202872965,2023,3,해외,17.8699070764832
설해,장편,한국,34,20767500,2796,10191000,1317,멜로/로맨스,12세이상관람가,17897.77134288226,2015,1,국내,47.103004291845494
언 애듀케이션,장편,영국,3,21358842,2794,20371500,2651,드라마,15세이상관람가,18420.57593293719,2010,3,해외,94.88188976377953
불청객,장편,한국,1,19755168,2792,16061500,2268,SF,12세이상관람가,17049.71864535506,2010,9,국내,81.23209169054442
파리 투 마르세유: 2주간의 여행,장편,프랑스,33,20947500,2792,16851000,2209,드라마,12세이상관람가,18078.76203956226,2017,9,해외,79.1189111747851
바쿠만,장편,일본,73,22348700,2791,13167500,1642,드라마,12세이상관람가,19294.979991625405,2016,4,해외,58.83195987101397
에반게리온 신극장판: Q,장편,일본,14,33521000,2791,15818000,1262,애니메이션,15세이상관람가,28940.700098854755,2022,10,해외,45.216768183446796
다잉,장편,독일,32,25147100,2790,18170900,1889,드라마,15세이상관람가,21718.789135034764,2025,12,해외,67.70609318996415
간이역,장편,한국,48,24607340,2789,20392270,2254,드라마,12세이상관람가,21260.2349159996,2021,2,국내,80.81749731086411
토리노의 말,장편,헝가리,1,21396500,2786,17990500,2171,드라마,15세이상관람가,18506.041394580476,2012,2,해외,77.92534099066762
미 앤 유,장편,이탈리아,15,20864900,2780,17974900,2227,드라마,15세이상관람가,18085.204125855944,2014,2,해외,80.10791366906474
옹알스,장편,한국,68,22163230,2772,14240600,1622,코미디,전체관람가,19266.007753959562,2019,5,국내,58.513708513708515
그녀가 부른다,장편,한국,32,16314000,2768,8707000,1268,멜로/로맨스,15세이상관람가,14201.89428233164,2013,12,국내,45.809248554913296
나부야 나부야,장편,한국,18,14895400,2765,7792800,1550,다큐멘터리,전체관람가,12981.023551711367,2018,9,국내,56.05786618444847
부모님과 이혼하는 방법,장편,미국,37,19960500,2758,13331500,1756,드라마,15세이상관람가,17439.300348602534,2016,5,해외,63.669325598259604
쇼콜라,장편,프랑스,52,20408000,2757,10772500,1371,드라마,12세이상관람가,17836.74414742758,2017,3,해외,49.727965179542984
"앵두야, 연애하자",장편,한국,9,19430700,2754,13303200,1785,드라마,15세이상관람가,17001.07620022574,2013,6,국내,64.81481481481481
신입기자 토롯코,장편,일본,57,23931500,2752,14351200,1645,드라마,전체관람가,20954.311431773607,2025,9,해외,59.774709302325576
십계,장편,미국,81,24315040,2752,3982500,405,애니메이션,전체관람가,21290.137293359483,2021,12,해외,14.716569767441861
언더 더 스킨,장편,영국,20,14167000,2750,10520000,2037,SF,청소년관람불가,12413.581599123769,2014,7,해외,74.07272727272726
콜드 워,장편,홍콩,18,16668500,2749,12176000,1988,범죄,15세이상관람가,14610.789465610715,2013,9,해외,72.31720625682067
하우 투 비,장편,영국,19,19801390,2746,8050000,1054,코미디,12세이상관람가,17375.88957432059,2010,1,해외,38.38310269482884
블랙아웃 : 인베이젼 어스,장편,러시아,51,23281420,2744,12986940,1420,SF,15세이상관람가,20444.53616214128,2020,8,해외,51.74927113702624
굿타임,장편,미국,19,20722500,2743,15682500,1970,범죄,15세이상관람가,18204.05940202663,2018,1,해외,71.81917608457893
리암 갤러거,장편,영국,54,27115800,2743,19487500,1837,다큐멘터리,15세이상관람가,23820.370801470555,2020,3,해외,66.97047028800583
막다른 골목의 추억,장편,한국,17,21257740,2741,16199240,1869,멜로/로맨스,12세이상관람가,18687.876643384923,2019,4,국내,68.18679314118936
용루각: 비정도시,장편,한국,22,16308210,2740,6068750,1024,액션,청소년관람불가,14341.93122856389,2020,12,국내,37.372262773722625
분장,장편,한국,17,20242300,2737,15855500,2017,드라마,15세이상관람가,17821.200769464413,2017,9,국내,73.69382535622945
산타 앤 컴퍼니,장편,프랑스,57,21524900,2735,12238600,1417,판타지,전체관람가,18964.251888724917,2019,12,해외,51.80987202925046
밍크코트,장편,한국,13,20356600,2731,15443100,1988,드라마,15세이상관람가,17961.20402518165,2012,1,국내,72.79384840717685
도미노,장편,덴마크,113,24285360,2730,11597360,1293,범죄,15세이상관람가,21435.50906924401,2020,6,해외,47.36263736263736
괴물들,장편,한국,56,22584500,2725,9275800,1087,드라마,청소년관람불가,19970.819056040677,2018,3,국내,39.88990825688074
번개맨: 더 비기닝,장편,한국,181,24776167,2725,4994800,487,애니메이션,전체관람가,21908.846689510337,2023,9,국내,17.871559633027523
상견니 대만판 13화,장편,기타,88,19520550,2724,10938080,1515,드라마,12세이상관람가,17267.79364152646,2021,9,해외,55.61674008810573
아이엠 호프맨,장편,한국,7,19892000,2724,17143500,2236,다큐멘터리,전체관람가,17596.376696212163,2017,11,국내,82.08516886930984
이웃집 좀비,옴니버스,한국,12,19933671,2721,12856700,1715,공포(호러),15세이상관람가,17652.679959086625,2010,2,국내,63.028298419698636
토미카 무비,장편,일본,33,17586000,2719,7092000,1065,애니메이션,전체관람가,15585.106147281293,2014,12,해외,39.16881206325855
고스트랜드,장편,미국,48,21826800,2717,10629800,1274,액션,15세이상관람가,19357.636656305014,2022,6,해외,46.889952153110045
말아,장편,한국,33,22826900,2714,16683400,1836,드라마,12세이상관람가,20266.978007830883,2022,8,국내,67.64922623434046
씨그널: 바다의 마지막 신호,장편,한국,22,24994360,2711,9083260,1016,다큐멘터리,전체관람가,22215.92530209366,2025,7,국내,37.476945776466245
더 초즌: 선택받은 자,장편,미국,53,22146100,2710,9934300,1201,드라마,12세이상관람가,19691.548481749876,2024,5,해외,44.31734317343173
우리는 매일매일,장편,한국,30,21284670,2710,15058370,1639,다큐멘터리,12세이상관람가,18925.59462944027,2021,6,국내,60.47970479704797
에브리띵 윌 체인지,장편,독일,15,15452900,2708,6661400,1011,SF,12세이상관람가,13750.333683330071,2022,11,해외,37.33382570162482
진저 앤 로사,장편,영국,17,19507500,2699,14970500,2000,드라마,15세이상관람가,17416.088957534474,2014,5,해외,74.10151908114116
나의 사소한 슬픔,장편,캐나다,73,21751950,2698,11855150,1336,드라마,15세이상관람가,19427.107987174793,2023,6,해외,49.51816160118606
리틀 뱀파이어,장편,프랑스,116,22761560,2698,3757440,418,애니메이션,전체관람가,20328.81116757616,2021,12,해외,15.492957746478872
겁쟁이 페달: 리라이드,장편,일본,7,18320192,2697,13914324,2062,애니메이션,전체관람가,16368.202062979395,2016,1,해외,76.4553207267334
사랑이 눈뜰 때,장편,미국,92,20322070,2695,9157640,1195,드라마,12세이상관람가,18170.25728144489,2020,8,해외,44.34137291280148
트웬티 해커,장편,한국,74,15435500,2691,6428000,953,액션,15세이상관람가,13821.61869327925,2021,3,국내,35.41434410999628
속물들,장편,한국,95,20122240,2686,6042200,739,드라마,15세이상관람가,18051.870923754588,2019,12,국내,27.513030528667166
썸머 블루 아워,장편,대만,67,33115300,2686,24832900,1873,멜로/로맨스,12세이상관람가,29708.080273439253,2025,9,해외,69.7319434102755
주희에게,장편,한국,20,24124900,2684,4201700,470,다큐멘터리,12세이상관람가,21658.82606431688,2026,4,국내,17.51117734724292
팬텀: 라스트 커맨더,장편,미국,46,19102500,2684,6006000,802,액션,15세이상관람가,17149.821341999894,2013,7,해외,29.880774962742173
존 레논 컨피덴셜,장편,미국,3,17945300,2681,14689300,2138,다큐멘터리,12세이상관람가,16128.93948041326,2008,7,해외,79.74636329727713
이머시브 시네마: 뽀로로 극장판 스위트캐슬 대모험,장편,한국,1,44992000,2679,44992000,2679,애니메이션,전체관람가,40468.25600273435,2025,12,국내,100.0
디테일스,장편,미국,12,20148500,2669,13812000,1753,코미디,청소년관람불가,18190.559164345657,2013,4,해외,65.68002997377295
베카신!,장편,프랑스,16,19910210,2666,13672610,1793,가족,전체관람가,17995.65252758973,2019,4,해외,67.2543135783946
리프레쉬,장편,한국,44,18819100,2664,12656700,1706,드라마,12세이상관람가,17022.233076449946,2022,2,국내,64.03903903903904
테인티드 러브,장편,중국,116,21811100,2664,8810800,1098,드라마,12세이상관람가,19728.55385505988,2024,9,해외,41.21621621621622
깨끗하고 연약한,장편,일본,12,18232600,2661,13821300,2084,멜로/로맨스,12세이상관람가,16510.325405341773,2014,10,해외,78.31642239759489
노조키메,장편,일본,49,20793900,2661,7902000,930,공포(호러),15세이상관람가,18829.681748414176,2016,8,해외,34.94926719278467
더 요트,장편,미국,53,19273895,2660,8070699,1020,스릴러,15세이상관람가,17459.819730048013,2022,10,해외,38.34586466165413
스프링 블라썸,장편,프랑스,36,23111000,2651,15301100,1633,드라마,12세이상관람가,21006.8489726541,2022,5,해외,61.59939645416824
피쉬 스토리,장편,일본,8,18279103,2649,17083500,2397,코미디,12세이상관람가,16627.41839384719,2009,7,해외,90.48697621744054
바람의 검심,장편,일본,7,20105500,2648,13487500,1719,액션,청소년관람불가,18295.690314126598,2013,1,해외,64.91691842900302
사이즈의 문제,장편,이스라엘,12,20086567,2647,16672400,2169,드라마,12세이상관람가,18285.366930510103,2010,4,해외,81.94182092935398
플레이그라운드,장편,벨기에,43,22802100,2647,15720000,1743,드라마,12세이상관람가,20757.393002307683,2022,5,해외,65.84812995844352
조류인간,장편,한국,21,20120700,2640,16765700,2129,드라마,15세이상관람가,18365.00547645126,2015,2,국내,80.64393939393939
백설공주의 마지막 키스,장편,스페인,10,21592400,2635,17837400,2064,드라마,12세이상관람가,19745.6848265929,2014,5,해외,78.33017077798861
빈폴,장편,러시아,33,23274440,2635,18391260,1991,드라마,15세이상관람가,21283.866395372763,2020,2,해외,75.55977229601518
카라바조. 영혼과 피,장편,이탈리아,22,21399960,2634,11425560,1198,다큐멘터리,전체관람가,19577.133133902353,2025,2,해외,45.48215641609719
히어 애프터,장편,폴란드,26,20268037,2633,16573037,2048,드라마,15세이상관람가,18548.668201099117,2016,5,해외,77.78199772123054
부기,장편,미국,13,13945000,2625,13649000,2589,드라마,15세이상관람가,12800.917957544463,2021,4,해외,98.62857142857143
광주비디오: 사라진 4시간,장편,한국,70,19897980,2623,8339980,1036,다큐멘터리,12세이상관람가,18279.428043856708,2020,7,국내,39.49675943576058
온 더 로드,장편,미국,11,20155500,2622,17585500,2207,어드벤처,청소년관람불가,18523.06250172314,2014,3,해외,84.1723874904653
더 크로니클: 뮤턴트의 반격,장편,일본,41,20126500,2613,17107500,2205,SF,15세이상관람가,18560.118775907304,2015,11,해외,84.3857634902411
스텔라,장편,독일,30,22985460,2610,13242260,1347,드라마,15세이상관람가,21220.9389281263,2024,5,해외,51.609195402298845
엔드게임: 나는 킬러다,장편,홍콩,41,17642360,2609,9620520,1460,액션,15세이상관람가,16294.254826896702,2022,1,해외,55.96013798390188
나이트 레이더스,장편,뉴질랜드,72,22237600,2607,10941600,1270,스릴러,15세이상관람가,20554.115194957045,2022,3,해외,48.714998082086694
하우스 오브 다이너마이트,장편,미국,32,25763750,2605,16312450,1620,스릴러,12세이상관람가,23831.602802765767,2025,10,해외,62.18809980806142
돌들이 말할 때까지,장편,한국,54,23852199,2604,11014660,1153,다큐멘터리,12세이상관람가,22071.881072677807,2024,4,국내,44.27803379416282
바람에 젖은 여자,장편,일본,10,19174000,2602,16085000,2124,코미디,청소년관람불가,17756.498708129984,2017,5,해외,81.62951575710991
잔챙이,장편,한국,31,22199100,2601,16752000,1857,드라마,12세이상관람가,20565.86206417365,2025,6,국내,71.39561707035756
내 아내와 결혼해 주세요,장편,일본,49,20128000,2600,12139500,1529,멜로/로맨스,전체관람가,18654.309545875814,2017,5,해외,58.80769230769231
오마르,장편,팔레스타인,16,18043400,2597,11419400,1486,드라마,15세이상관람가,16741.652787507366,2015,2,해외,57.21986907970735
초록밤,장편,한국,31,22363327,2595,16069027,1693,기타,15세이상관람가,20765.9094180189,2022,7,국내,65.24084778420038
아이카,장편,기타,38,22881210,2590,13049910,1427,드라마,12세이상관람가,21287.816904684376,2021,3,해외,55.0965250965251
THE 자연인,장편,한국,23,21965800,2590,12752300,1417,코미디,12세이상관람가,20436.153881937014,2025,8,국내,54.71042471042471
소리아이,장편,한국,13,17321000,2588,10819500,1530,다큐멘터리,전체관람가,16127.260199996277,2008,9,국내,59.119010819165375
미스테리어스 스킨,장편,미국,33,19650558,2587,16308158,2111,드라마,청소년관람불가,18303.340614099227,2017,11,해외,81.60030923850019
제비,장편,한국,28,24598397,2586,14652997,1402,드라마,15세이상관람가,22920.822035240733,2023,4,국내,54.21500386697602
파밍 보이즈,장편,한국,24,17564200,2586,10077500,1369,다큐멘터리,전체관람가,16366.347058768719,2017,7,국내,52.93890177880897
남으로 가는 길,장편,한국,40,25563200,2583,13611800,1366,드라마,15세이상관람가,23847.492175438107,2025,4,국내,52.88424312814557
이노센트,장편,노르웨이,60,25864329,2582,15629545,1463,공포(호러),15세이상관람가,24137.75535915933,2023,9,해외,56.661502711076686
리틀 제이콥,장편,한국,9,11336000,2581,7510000,1710,애니메이션,전체관람가,10583.364064549558,2012,11,국내,66.25339015885315
죽은 자의 제국,장편,일본,43,19453500,2581,10268000,1306,애니메이션,15세이상관람가,18161.915387236666,2016,2,해외,50.600542425416506
단델리온 더스트,장편,미국,31,17482000,2579,9325500,1269,드라마,12세이상관람가,16333.96712090705,2012,5,해외,49.2051182628926
매니악 : 슬픈 살인의 기록,장편,미국,34,19046000,2578,7401500,989,공포(호러),청소년관람불가,17802.162879602194,2013,7,해외,38.363072148952675
고양이와 할아버지,장편,일본,71,21749340,2577,12309140,1445,드라마,전체관람가,20336.844467509152,2020,4,해외,56.07295304617773
"직사각형, 삼각형",장편,한국,16,22583500,2577,19898500,2140,드라마,15세이상관람가,21116.830535179135,2026,1,국내,83.04229724485836
컨택트 2020,장편,미국,1,13017000,2576,4917000,956,SF,12세이상관람가,12176.345132081118,2020,7,해외,37.11180124223603
플러스 원,장편,미국,35,19587100,2569,8217600,1037,스릴러,청소년관람불가,18372.063575438384,2014,9,해외,40.36590112884391
피어썸,장편,한국,45,15714800,2569,4055800,638,공포(호러),15세이상관람가,14739.971954771207,2021,10,국내,24.834565978980148
극장판 뿌이뿌이 모루카 MOLMAX (모루맥스),장편,일본,15,32082000,2566,21257800,1628,애니메이션,전체관람가,30127.05537661167,2026,1,해외,63.445050662509736
마법안개의 비밀: 황금 보물선을 찾아라,장편,에스토니아,85,18025960,2564,4769100,582,애니메이션,전체관람가,16940.736424637707,2019,11,해외,22.698907956318255
코마,장편,러시아,46,18739450,2563,12110950,1652,SF,15세이상관람가,17618.143271486257,2020,11,해외,64.45571595786188
언포기버블,장편,미국,41,20383800,2561,10122900,1196,드라마,15세이상관람가,19179.066911927286,2021,11,해외,46.7005076142132
악몽,장편,한국,165,21953720,2553,4537180,497,미스터리,청소년관람불가,20720.928366816268,2020,3,국내,19.46729338033686
히어 앤 데어,장편,미국,9,17857000,2553,12872000,1797,멜로/로맨스,15세이상관람가,16854.25603707427,2011,12,해외,70.38777908343125
사토상과 사토상,장편,일본,30,24591850,2552,18428050,1856,드라마,12세이상관람가,23220.011708275106,2026,4,해외,72.72727272727273
우주 수호대: 하하하 행성의 대모험,장편,중국,102,17613500,2547,4342800,705,애니메이션,전체관람가,16663.591941381546,2026,3,해외,27.67962308598351
사랑은 부엉부엉,장편,프랑스,21,19766200,2546,15084000,1904,드라마,12세이상관람가,18707.5402947217,2016,12,해외,74.78397486252946
사무라이 타임슬리퍼,장편,일본,34,20833770,2541,11718120,1374,드라마,12세이상관람가,19756.73176768467,2026,6,해외,54.07319952774499
프리키 데스데이 순한맛,장편,미국,159,23273230,2541,5965220,637,코미디,15세이상관람가,22070.079610057706,2020,12,해외,25.068870523415974
택시,장편,이란,17,17804100,2540,12344500,1625,드라마,전체관람가,16890.33298548525,2015,11,해외,63.976377952755904
미세스 하이드,장편,프랑스,31,21460300,2536,16788700,1843,드라마,15세이상관람가,20390.99616130136,2018,5,해외,72.67350157728707
파티51,장편,한국,9,18934900,2536,15047400,1932,다큐멘터리,청소년관람불가,17991.42944015811,2014,12,국내,76.18296529968454
"바다 쪽으로, 한 뼘 더",장편,한국,6,16884926,2529,12340000,1780,드라마,전체관람가,16088.006593396125,2009,5,국내,70.38355081059707
태양을 덮다,장편,일본,21,16966420,2525,9647600,1412,드라마,전체관람가,16191.263270905403,2021,3,해외,55.92079207920793
웰컴 투 사우스,장편,이탈리아,16,19349000,2524,13912000,1761,코미디,전체관람가,18472.30443167281,2012,12,해외,69.77020602218701
"동물, 원",장편,한국,25,17878980,2522,9725180,1205,다큐멘터리,전체관람가,17082.426454429933,2019,9,국내,47.779540047581285
부활 그 소망,장편,한국,26,27648600,2521,6636000,626,다큐멘터리,전체관람가,26427.26399449444,2024,3,국내,24.83141610472035
카일리 블루스,장편,중국,20,24551479,2521,20091279,1942,드라마,12세이상관람가,23466.95373321927,2023,5,해외,77.03292344307813
피가로~피가로~피가로,장편,영국,28,21966400,2521,14163300,1515,코미디,12세이상관람가,20996.066774037845,2022,11,해외,60.095200317334395
꺼져버려 종양군,장편,중국,73,20091000,2519,12578000,1555,드라마,12세이상관람가,19218.756725990905,2016,5,해외,61.73084557364034
옥스포드 살인사건,장편,스페인,91,23552070,2519,9388660,1022,범죄,15세이상관람가,22529.565662411456,2021,7,해외,40.571655418816995
더 테러 라이브 : 라스트 쇼,장편,일본,38,14779400,2516,7522100,1285,범죄,12세이상관람가,14154.615281475664,2025,4,해외,51.0731319554849
하우치,장편,한국,50,20558400,2516,13002500,1442,멜로/로맨스,15세이상관람가,19689.313693565997,2024,11,국내,57.313195548489674
살인의 강,장편,한국,14,19238557,2515,8153500,1014,미스터리,청소년관람불가,18432.591918369304,2010,9,국내,40.31809145129225
라리랑,장편,한국,26,20494700,2513,9142300,938,가족,12세이상관람가,19651.73866976062,2025,10,국내,37.32590529247911
맹글혼,장편,미국,42,17543500,2511,9382000,1276,드라마,15세이상관람가,16835.32217280112,2015,11,해외,50.81640780565512
우키시마호,장편,한국,65,20838940,2508,7084900,792,다큐멘터리,전체관람가,20021.656001998428,2019,9,국내,31.57894736842105
일주일간 친구,장편,일본,30,18679300,2508,9743800,1240,멜로/로맨스,12세이상관람가,17946.715090025173,2017,12,해외,49.441786283891545
캐리비안 해적과 마법 다이아몬드,장편,노르웨이,138,19680980,2507,3569540,430,애니메이션,전체관람가,18916.652649689306,2020,8,해외,17.151974471479857
양의 나무,장편,일본,24,22541500,2505,17431300,1779,스릴러,15세이상관람가,21683.380227496815,2018,10,해외,71.01796407185628
하나식당,장편,한국,40,21398450,2505,14701300,1653,드라마,12세이상관람가,20583.844359473827,2018,11,국내,65.98802395209582
뷰티풀 레이디스,장편,프랑스,39,18699400,2501,11850400,1514,드라마,15세이상관람가,18016.311547670088,2016,11,해외,60.535785685725706
인퍼머스,장편,미국,135,23058650,2499,9517970,998,범죄,청소년관람불가,22234.098458660574,2020,11,해외,39.9359743897559
래시 컴 홈,장편,독일,13,15022450,2498,8405300,1392,가족,전체관람가,14491.062729701833,2021,1,해외,55.72457966373099
생명의 은인,장편,한국,27,22951800,2494,15099300,1545,드라마,12세이상관람가,22175.437918474217,2025,11,국내,61.94867682437851
다슬이,장편,한국,15,18282400,2492,7921400,1037,드라마,전체관람가,17678.160474965673,2011,11,국내,41.613162118780096
아워즈,장편,미국,29,13626700,2492,4408700,1184,드라마,15세이상관람가,13176.332940107139,2014,4,해외,47.512038523274484
열혈형사,장편,한국,121,20539960,2492,7381000,850,코미디,12세이상관람가,19861.10735075132,2020,6,국내,34.10914927768861
역으로 가는 길을 알려줘,장편,일본,25,19281300,2491,12719800,1572,드라마,전체관람가,18651.531053962943,2022,2,해외,63.10718586912887
영하의 바람,장편,한국,26,20635700,2490,14385300,1580,드라마,12세이상관람가,19969.71016596507,2019,11,국내,63.45381526104418
레드 툼,장편,한국,13,15690000,2487,4915000,725,다큐멘터리,15세이상관람가,15201.941662912206,2015,7,국내,29.15158825894652
더 엑소시즘,장편,미국,117,25128800,2484,5029200,469,공포(호러),15세이상관람가,24376.539976330445,2025,1,해외,18.88083735909823
감동주의보,장편,한국,28,21009000,2483,14318000,1564,멜로/로맨스,전체관람가,20388.278850399587,2022,6,국내,62.98832057994361
물 좀 주소,장편,한국,10,16496662,2483,10937500,1620,코미디,15세이상관람가,16009.260076957044,2009,6,국내,65.24365686669351
어거스트 버진,장편,스페인,49,20966600,2483,13343800,1417,드라마,15세이상관람가,20347.13157907506,2022,3,해외,57.06806282722513
톰 오브 핀란드,장편,핀란드,17,20583500,2482,16240700,1794,드라마,15세이상관람가,19983.398541790044,2018,8,해외,72.28041901692184
용루각2: 신들의 밤,장편,한국,20,14792790,2475,7799180,1302,액션,15세이상관람가,14402.132165023731,2021,2,국내,52.6060606060606
브레이킹,장편,미국,20,12002000,2474,1770000,354,액션,청소년관람불가,11689.766341031062,2014,8,해외,14.308811641067098
한낮의 피크닉,옴니버스,한국,21,18734310,2460,12105810,1434,드라마,12세이상관람가,18350.778724654716,2019,7,국내,58.292682926829265
나의 흑역사 로맨티카,장편,이탈리아,41,21949270,2458,16485570,1818,멜로/로맨스,12세이상관람가,21517.41547148725,2021,9,해외,73.96257119609439
계몽영화,장편,한국,9,18400702,2456,13785300,1774,드라마,15세이상관람가,18053.355441309213,2010,9,국내,72.23127035830619
나의 마음은 지지 않았다,장편,한국,6,15881405,2456,12046100,1825,다큐멘터리,12세이상관람가,15581.61473254582,2009,2,국내,74.30781758957656
숏버스 이별행,장편,한국,53,21261000,2455,9742600,1062,코미디,15세이상관람가,20868.15694550095,2021,7,국내,43.258655804480654
그레타 툰베리,장편,미국,30,20773100,2454,15453100,1743,다큐멘터리,전체관람가,20397.580542217773,2021,6,해외,71.02689486552566
52헤르츠 고래들,장편,일본,49,23959700,2453,14846200,1394,드라마,15세이상관람가,23536.166680582908,2024,9,해외,56.82837342030167
달이 지는 밤,장편,한국,47,22102396,2451,14882596,1354,드라마,15세이상관람가,21729.410665919495,2022,9,국내,55.24275805793554
판결,장편,한국,41,21709500,2444,12401300,1299,드라마,15세이상관람가,21404.275037958712,2026,2,국내,53.150572831423894
모든 것은 아르망에서 시작되었다,장편,노르웨이,24,21383600,2439,15104900,1623,드라마,12세이상관람가,21126.177526835512,2024,12,해외,66.54366543665436
노크: 더 하우스,장편,미국,92,22589750,2437,6250600,694,공포(호러),15세이상관람가,22336.12331970475,2023,9,해외,28.477636438243742
죽고 싶지만 사랑은 하고 싶어,장편,미국,40,24131800,2434,17602100,1657,드라마,12세이상관람가,23890.26937660255,2024,9,해외,68.0772391125719
22,장편,한국,31,18668000,2434,15406200,1911,다큐멘터리,전체관람가,18481.15551771589,2018,8,국내,78.5127362366475
텔 잇 투 더 비즈,장편,영국,22,21144480,2433,16909780,1873,드라마,15세이상관람가,20941.452616879353,2019,10,해외,76.98314837648994
컨트롤,장편,영국,7,15598078,2427,13374600,2043,드라마,15세이상관람가,15486.497783470099,2008,10,해외,84.17799752781211
12번째 솔저,장편,노르웨이,44,17777000,2427,7950020,1032,전쟁,12세이상관람가,17649.83295356953,2019,4,해외,42.52163164400494
나오코,장편,일본,5,15787000,2418,13939000,2121,멜로/로맨스,전체관람가,15732.408542358018,2008,9,해외,87.71712158808933
내가 찍은 그녀는 최고의 슈퍼스타,장편,미국,6,16246500,2417,15364500,2253,코미디,15세이상관람가,16197.018109674946,2008,7,해외,93.21472900289616
열대왕사,장편,중국,25,15868160,2417,11197760,1683,범죄,15세이상관람가,15819.830418072788,2022,4,해외,69.6317749275962
겁쟁이 페달: 스페어 바이크,장편,일본,29,18060000,2415,9564000,1222,애니메이션,전체관람가,18019.905709795705,2016,11,해외,50.60041407867495
로크,장편,미국,36,17832000,2412,5068000,686,드라마,15세이상관람가,17814.541749085896,2014,6,해외,28.441127694859038
아메리칸 패스토럴,장편,미국,24,18127900,2412,12395400,1587,가족,15세이상관람가,18110.152050990033,2017,5,해외,65.79601990049751
그리드,장편,영국,66,21409500,2411,14451700,1546,코미디,15세이상관람가,21397.410463088356,2020,10,해외,64.12277063459145
막걸스,장편,한국,20,15993500,2410,12334000,1930,코미디,15세이상관람가,15991.101334799781,2015,5,국내,80.08298755186722
영화의 거리,장편,한국,26,18163200,2409,7791200,1241,멜로/로맨스,12세이상관람가,18168.014523848822,2021,9,국내,51.515151515151516
호박과 마요네즈,장편,일본,55,20060750,2406,11028850,1276,멜로/로맨스,15세이상관람가,20091.087542188707,2018,9,해외,53.034081463009144
가족의 비밀,장편,한국,31,23058500,2404,11422800,1192,드라마,12세이상관람가,23112.583445261913,2025,9,국내,49.58402662229617
여름의 카메라,장편,한국,37,20919620,2404,14762220,1615,가족,전체관람가,20968.686726941043,2026,6,국내,67.17970049916805
제이티 르로이,장편,미국,93,18703700,2404,10125900,1318,드라마,15세이상관람가,18747.569312190528,2021,1,해외,54.82529118136439
일렉트릭 미스트,장편,미국,14,19082305,2400,14588500,1798,미스터리,15세이상관람가,19158.94076305221,2009,12,해외,74.91666666666667
임신한 나무와 도깨비,장편,한국,20,15292300,2400,10943800,1807,드라마,15세이상관람가,15353.714859437752,2022,1,국내,75.29166666666667
고양이 집사,장편,한국,49,20472240,2399,11396820,1287,다큐멘터리,전체관람가,20563.02575872477,2020,5,국내,53.64735306377657
헝그리 하트,장편,이탈리아,15,17326800,2398,13451000,1791,드라마,15세이상관람가,17410.894621019524,2016,6,해외,74.68723936613844
별나라 몰리 몬스터,장편,독일,63,17796300,2395,3378050,403,애니메이션,전체관람가,17905.07332042156,2018,11,해외,16.82672233820459
더 렛지,장편,영국,30,20010900,2394,10634100,1303,액션,15세이상관람가,20141.619108010993,2022,6,해외,54.42773600668338
독도의 영웅들,장편,한국,4,10933000,2384,10808000,2364,다큐멘터리,12세이상관람가,11050.578151532305,2016,2,국내,99.16107382550335
사일런트 웨딩,장편,루마니아,3,17256322,2383,14835000,2029,드라마,15세이상관람가,17449.223162056536,2009,8,해외,85.14477549307595
백자의 사람 : 조선의 흙이 되다,장편,일본,21,16063500,2377,9904500,1536,드라마,전체관람가,16284.067696955259,2012,7,해외,64.61926798485486
기동전사 건담 쿠쿠루스 도안의 섬,장편,일본,47,26004476,2374,14623485,1320,애니메이션,12세이상관람가,26394.855919042642,2022,10,해외,55.60235888795282
디피컬트,장편,프랑스,31,21805100,2374,18251100,1948,코미디,15세이상관람가,22132.438769399418,2024,5,해외,82.05560235888795
아빠는 예쁘다,장편,한국,29,19853980,2372,13644180,1520,가족,15세이상관람가,20169.02009386619,2019,11,국내,64.08094435075886
존경하고 사랑하는 국민여러분,장편,한국,22,21491700,2372,9505400,1044,다큐멘터리,12세이상관람가,21832.727198845976,2022,1,국내,44.01349072512647
디브,장편,아랍에미리트연합국정부,5,12870400,2371,11545000,2165,어드벤처,15세이상관람가,13080.140045631706,2016,9,해외,91.31168283424715
뉴타입 히어로 얏타맨,장편,일본,39,14417500,2368,6137000,985,애니메이션,전체관람가,14671.015141647673,2012,6,해외,41.59628378378378
땅의 여자,장편,한국,14,16398974,2368,9762000,1354,다큐멘터리,전체관람가,16687.33108108108,2010,9,국내,57.179054054054056
가치 캅시다,장편,한국,43,20543250,2365,10623810,1312,드라마,15세이상관람가,20930.996714129244,2021,10,국내,55.47568710359408
셰이프 오브 뮤직: 알렉상드르 데스플라,장편,프랑스,30,20510480,2365,14897420,1638,다큐멘터리,전체관람가,20897.60819175221,2020,8,해외,69.26004228329809
행복까지 30일,장편,인도,18,16914700,2359,7831500,936,드라마,전체관람가,17277.792816028847,2016,6,해외,39.67782958880882
206: 사라지지 않는,장편,한국,26,22619406,2359,14625928,1435,다큐멘터리,12세이상관람가,23104.95666430027,2023,6,국내,60.83086053412463
작은정원,장편,한국,20,16574800,2357,9703500,1374,다큐멘터리,전체관람가,16944.962710408883,2023,7,국내,58.29444208739923
아기와 나,장편,한국,62,17949800,2356,10957100,1345,드라마,15세이상관람가,18358.459304109478,2017,11,국내,57.08828522920204
마이 페어 웨딩,장편,한국,39,17980000,2353,14705500,1856,다큐멘터리,12세이상관람가,18412.792692230887,2015,6,국내,78.87802804929876
위험사회,장편,한국,17,19143700,2353,13174500,1604,드라마,15세이상관람가,19604.503863307033,2025,12,국내,68.16829579260518
레나,장편,한국,14,14706700,2349,6821300,890,멜로/로맨스,12세이상관람가,15086.347946062668,2016,5,국내,37.888463175819496
마이 플레이스,장편,한국,21,16589800,2349,10847800,1421,다큐멘터리,전체관람가,17018.059466473813,2014,1,국내,60.49382716049383
보통의 카스미,장편,일본,24,20963084,2349,15002834,1560,드라마,12세이상관람가,21504.23815312335,2023,7,해외,66.41123882503193
부기나이트,장편,한국,23,15353370,2340,9897070,1516,코미디,15세이상관람가,15810.287303058387,2022,4,국내,64.78632478632478
5시부터 7시까지의 주희,장편,한국,41,19741547,2340,11324767,1281,드라마,12세이상관람가,20329.05673977963,2023,11,국내,54.74358974358975
로그시티,장편,프랑스,10,13990180,2338,7603240,1268,범죄,청소년관람불가,14418.852484360024,2021,2,해외,54.2343883661249
마이 보이,장편,한국,34,15899800,2338,4839000,600,가족,12세이상관람가,16386.985066012552,2014,4,국내,25.66295979469632
나를 구하지 마세요,장편,한국,79,20403800,2334,10538220,1140,드라마,12세이상관람가,21065.031333560462,2020,9,국내,48.84318766066838
고스트라이트,장편,미국,19,22622450,2332,16757750,1648,드라마,15세이상관람가,23375.612225919114,2025,12,해외,70.66895368782161
극장판 꽃이 피는 첫걸음 : 홈 스위트 홈,장편,일본,15,17171000,2329,9250000,1230,애니메이션,12세이상관람가,17765.523235061326,2014,7,해외,52.812365822241304
듄: 드리프터,장편,영국,28,12048000,2322,6024000,1177,SF,12세이상관람가,12502.724074592945,2021,4,해외,50.68906115417743
새벽의 Tango,장편,한국,23,22038700,2322,16398950,1588,드라마,15세이상관람가,22870.50008820813,2026,4,국내,68.38931955211025
그 누구도 아닌,장편,프랑스,74,19051000,2319,12730680,1537,드라마,15세이상관람가,19795.611943245167,2020,3,해외,66.27856834842605
냇 지오 주니어 무비,장편,미국,11,11756000,2318,5886000,1192,다큐멘터리,전체관람가,12220.755325010135,2008,10,해외,51.423641069887836
노란 코끼리,장편,일본,10,12299500,2317,10808500,2020,멜로/로맨스,15세이상관람가,12791.259990328168,2013,11,해외,87.18170047475184
바빌론의 아들,장편,영국,5,17088500,2317,14707000,1926,드라마,전체관람가,17771.73432616959,2011,2,해외,83.12473025463962
알피니스트 - 어느 카메라맨의 고백,장편,한국,21,18762430,2316,11944030,1451,다큐멘터리,12세이상관람가,19521.016709324344,2020,10,국내,62.65112262521589
블로우백,장편,미국,50,17771699,2315,7990300,994,액션,15세이상관람가,18498.216451117645,2022,11,해외,42.937365010799134
못,장편,한국,18,16657100,2313,10613200,1448,드라마,15세이상관람가,17353.043822501422,2014,11,국내,62.602680501513184
아쉬람,장편,캐나다,2,17892926,2313,15847000,1964,드라마,15세이상관람가,18640.50338839144,2010,2,해외,84.91137051448335
오늘영화,장편,한국,17,17045200,2309,12933700,1681,멜로/로맨스,15세이상관람가,17788.120868054288,2015,8,국내,72.80207882200087
다른 길이 있다,장편,한국,30,17281700,2305,8922700,1098,드라마,15세이상관람가,18066.22585787837,2017,1,국내,47.635574837310195
파이어버드,장편,에스토니아,38,22672891,2304,16243192,1559,멜로/로맨스,15세이상관람가,23712.444569946452,2022,11,해외,67.66493055555556
남자와 여자,장편,한국,1,18760700,2297,18489700,2174,드라마,12세이상관람가,19680.673062297075,2018,5,국내,94.64518937744884
얼론,장편,미국,189,19474290,2294,7069010,794,액션,15세이상관람가,20455.972101133393,2020,11,해외,34.612031386224935
나만 보이니,장편,한국,84,20393410,2289,6766600,699,공포(호러),15세이상관람가,21468.21624637475,2021,7,국내,30.53735255570118
인터뷰,장편,미국,6,15890000,2289,15890000,2289,드라마,15세이상관람가,16727.460299915256,2008,3,해외,100.0
마터스,장편,미국,73,18720500,2287,7624000,916,공포(호러),청소년관람불가,19724.371908271478,2016,10,해외,40.05247048535199
그래도 내가 하지 않았어,장편,일본,4,14628985,2285,10815000,1652,드라마,12세이상관람가,15426.943660857874,2008,12,해외,72.29759299781182
피원에이치 : 새로운 세계의 시작,장편,한국,87,21109200,2284,12031200,1223,드라마,15세이상관람가,22270.377481906613,2020,10,국내,53.54640980735552
내언니전지현과 나,장편,한국,36,19671300,2283,14509030,1583,다큐멘터리,12세이상관람가,20762.471700204234,2020,12,국내,69.33858957512045
버든: 세상을 바꾸는 힘,장편,미국,82,18780570,2281,11070770,1294,드라마,15세이상관람가,19839.713082932343,2020,11,해외,56.729504603244195
악인은 너무 많다 2 - 제주 실종사건의 전말,장편,한국,26,12935770,2281,7889400,1530,스릴러,청소년관람불가,13665.291591618558,2021,11,국내,67.0758439281017
슈퍼피쉬 - 끝없는 여정,장편,한국,15,24475500,2280,17677500,1619,다큐멘터리,전체관람가,25867.15282181357,2013,7,국내,71.00877192982456
리스펙트,장편,한국,41,18974250,2279,14015400,1565,다큐멘터리,15세이상관람가,20061.906247191488,2018,11,국내,68.6704695041685
라이어트: 기계들의 역습,장편,미국,52,11950900,2278,10350900,1958,SF,15세이상관람가,12641.505442313593,2020,12,해외,85.95258999122038
카라멜,장편,프랑스,5,16300500,2278,12875000,1736,멜로/로맨스,12세이상관람가,17242.455334948223,2008,9,해외,76.2071992976295
호세마리아 신부의 길,장편,미국,5,13931000,2274,8688000,1311,드라마,15세이상관람가,14761.950175371672,2013,11,해외,57.65171503957783
모라토리움기의 다마코,장편,일본,11,17270900,2273,12851000,1622,코미디,12세이상관람가,18309.118568422393,2014,9,해외,71.35943686757588
양치기,장편,한국,24,20058039,2272,12582239,1259,드라마,15세이상관람가,21273.162014254198,2024,6,국내,55.4137323943662
두만강,장편,한국,16,16245600,2270,11554600,1542,드라마,15세이상관람가,17244.944535852665,2011,3,국내,67.9295154185022
누에치던 방,장편,한국,22,18195800,2267,14405000,1663,드라마,15세이상관람가,19340.67102109364,2018,1,국내,73.3568592853992
생각의 여름,장편,한국,41,19589050,2265,13250950,1446,드라마,12세이상관람가,20839.969148115644,2021,8,국내,63.84105960264901
폴리스,장편,프랑스,10,13607460,2265,7222080,1202,드라마,15세이상관람가,14476.406287401262,2021,2,해외,53.06843267108168
고양이 살인사건,장편,미국,20,11247000,2263,5660000,1132,코미디,15세이상관람가,11975.786486644767,2015,9,해외,50.022094564737074
사운드 오브 데스,장편,미국,21,13593880,2263,8033970,1333,범죄,청소년관람불가,14474.740322314445,2021,9,해외,58.9041095890411
전장의 유산,장편,한국,16,25392400,2263,15665600,1374,다큐멘터리,12세이상관람가,27037.784367696153,2025,5,국내,60.71586389748121
언더 더 실버레이크,장편,미국,33,19910152,2261,15375272,1634,범죄,청소년관람불가,21219.049040034533,2019,9,해외,72.26890756302521
두 개의 선,장편,한국,6,14931800,2259,12438800,1824,다큐멘터리,15세이상관람가,15927.50817346411,2012,2,국내,80.74369189907038
산이 부른다,장편,프랑스,31,18230000,2259,9547600,1039,드라마,12세이상관람가,19445.644463644752,2024,9,해외,45.99380256750775
우리가 이별 뒤에 알게 되는 것들,장편,캐나다,37,18579740,2257,11946340,1353,드라마,12세이상관람가,19836.268423272177,2020,9,해외,59.946832077979614
이그잼,장편,영국,9,17358536,2253,8801500,1124,스릴러,15세이상관람가,18565.378424483555,2010,11,해외,49.8890368397692
한나,장편,이탈리아,16,16323200,2253,9972900,1232,드라마,15세이상관람가,17458.061273054936,2018,7,해외,54.6826453617399
회오리 바람,장편,한국,11,16581337,2253,10642500,1417,드라마,15세이상관람가,17734.145102380226,2010,2,국내,62.89391921881935
디아스포라의 노래 : 아리랑 로드,장편,한국,7,12674500,2250,2951000,322,다큐멘터리,전체관람가,13573.761713520751,2019,12,국내,14.31111111111111
소녀는 졸업하지 않는다,장편,일본,42,20364299,2243,13129512,1359,멜로/로맨스,12세이상관람가,21877.21801159162,2024,1,해외,60.58849754792688
노리개: 그녀의 눈물,장편,한국,50,18961950,2237,7323100,825,드라마,15세이상관람가,20425.322209715032,2019,6,국내,36.87974966472955
나인스 게이트: 아홉 번째 살인,장편,러시아,93,19943650,2235,8840380,962,어드벤처,15세이상관람가,21502.008032128517,2020,11,해외,43.04250559284116
된장이,장편,한국,31,17661700,2234,11929100,1380,코미디,12세이상관람가,19050.274508957944,2025,7,국내,61.77260519247986
밤섬해적단 서울불바다,장편,한국,27,17319700,2234,14011600,1704,다큐멘터리,15세이상관람가,18681.386243272103,2017,8,국내,76.27573858549687
칙 파이트,장편,미국,21,13441210,2234,7668640,1273,액션,15세이상관람가,14497.966800056089,2021,2,해외,56.98299015219338
더 서치,장편,프랑스,17,17034200,2230,10980400,1307,드라마,15세이상관람가,18406.396888000432,2019,1,해외,58.60986547085202
핀란드 메탈밴드,장편,핀란드,59,18022180,2227,13146740,1634,코미디,15세이상관람가,19500.19746701219,2020,4,해외,73.37224966322407
그들이 죽었다,장편,한국,17,16054000,2221,14055000,1931,판타지,15세이상관람가,17417.531449526155,2015,12,국내,86.94281855020262
보이콰이어,장편,미국,74,18509080,2220,11368220,1319,드라마,전체관람가,20090.176923911862,2020,5,해외,59.414414414414416
아침이 오면 공허해진다,장편,일본,48,20783034,2220,14062817,1500,드라마,12세이상관람가,22558.37837837838,2024,5,해외,67.56756756756756
강호아녀,장편,프랑스,45,18315770,2219,9960270,1113,드라마,15세이상관람가,19889.312997822748,2021,6,해외,50.1577287066246
마크로스 플러스 -무비 에디션-,장편,일본,43,20993782,2219,11466104,1173,애니메이션,15세이상관람가,22797.398155035644,2023,11,해외,52.861649391617846
올파의 딸들,장편,프랑스,23,20445600,2216,15227500,1497,다큐멘터리,15세이상관람가,22232.17780870776,2025,4,해외,67.55415162454874
펭귄-위대한 모험 2,장편,프랑스,70,17254300,2215,4830300,598,다큐멘터리,전체관람가,18770.486007234358,2018,3,해외,26.997742663656886
첫키스만 50번째,장편,일본,117,18336560,2212,8316200,975,코미디,12세이상관람가,19974.901413974163,2020,3,해외,44.07775768535262
틴토 브라스의 모든 것,장편,이탈리아,20,10846000,2207,4538000,925,다큐멘터리,청소년관람불가,11841.839492087061,2014,10,해외,41.912097870412325
메이트,장편,한국,22,18270150,2204,13869650,1532,멜로/로맨스,15세이상관람가,19974.799379004224,2019,1,국내,69.50998185117967
마이 백 페이지,장편,일본,9,16543600,2202,13808600,1758,드라마,15세이상관람가,18103.58600614994,2012,3,해외,79.83651226158038
반딧불이 딘딘과 용감한 곤충 탐험대,장편,중국,99,18642040,2202,6446700,737,애니메이션,전체관람가,20399.899324819715,2021,3,해외,33.46957311534968
"집에 돌아오면, 언제나 아내가 죽은 척을 하고있다",장편,일본,34,19013020,2201,16730020,1896,멜로/로맨스,12세이상관람가,20815.31395915329,2020,2,해외,86.14266242616992
극장판: 타이거 앤 버니 -더 라이징-,장편,일본,6,16573000,2197,13653000,1825,애니메이션,전체관람가,18177.032207117045,2014,6,해외,83.06781975421028
메이플쏘프,장편,미국,12,18783800,2197,16227300,1835,다큐멘터리,청소년관람불가,20601.80640632626,2018,6,해외,83.52298588984979
실크 로드,장편,미국,106,18393710,2196,8231340,944,범죄,15세이상관람가,20183.14789211491,2021,6,해외,42.98724954462659
프리 철수 리,장편,한국,59,20795000,2196,15257400,1589,다큐멘터리,12세이상관람가,22818.048148879672,2023,10,국내,72.35883424408016
인디애니박스:셀마의 단백질 커피,옴니버스,한국,3,12983419,2192,9456000,1516,애니메이션,12세이상관람가,14272.51231202181,2008,6,국내,69.16058394160584
"X를 담아, 당신에게",장편,영국,27,19647300,2191,13649800,1430,코미디,15세이상관람가,21607.892088665023,2024,12,해외,65.26700136923779
그 남자는 타이타닉을 보고 싶지 않았다,장편,핀란드,43,19716640,2190,13219240,1306,드라마,12세이상관람가,21694.052924024865,2022,3,해외,59.634703196347026
달리랜드,장편,영국,68,16553550,2189,9655700,1253,코미디,15세이상관람가,18222.052210669997,2023,10,해외,57.240749200548194
모든 것을 벗어던진 특별한 여행,장편,호주,51,17677660,2188,12128700,1472,코미디,15세이상관람가,19468.3597277593,2020,7,해외,67.27605118829982
치어 댄스,장편,일본,64,16060500,2186,9700300,1223,코미디,전체관람가,17703.568161024705,2017,9,해외,55.94693504117109
리틀 포레스트: 사계절,장편,일본,13,16757700,2185,11379700,1425,드라마,12세이상관람가,18480.549199084668,2018,3,해외,65.21739130434783
드롭박스,장편,한국,17,16225800,2180,13110500,1657,다큐멘터리,전체관람가,17935.006079363324,2016,5,국내,76.00917431192661
푸치니의 여인,장편,이탈리아,11,16209500,2177,11316000,1444,드라마,15세이상관람가,17941.679441698812,2011,11,해외,66.32981166743225
미스터 앤 미세스 아델만,장편,프랑스,44,19075560,2175,10588760,1202,코미디,청소년관람불가,21133.427503115916,2022,1,해외,55.264367816091955
"안녕, 나의 소녀 시절이여",장편,한국,11,13883500,2175,9679200,1278,다큐멘터리,전체관람가,15381.249134468912,2018,12,국내,58.758620689655174
너의 새는 노래할 수 있어,장편,일본,37,19761900,2172,15342040,1590,멜로/로맨스,15세이상관람가,21924.049790321507,2020,4,해외,73.20441988950276
드림스,장편,미국,44,19085700,2171,11011500,1157,드라마,청소년관람불가,21183.61978545227,2026,3,해외,53.293413173652695
엘 불리: 요리는 진행 중,장편,독일,2,16269000,2171,14736000,1896,다큐멘터리,전체관람가,18057.305222733405,2012,9,해외,87.33302625518195
다이노 어드벤처: 먹이사슬의 제왕,장편,영국,37,14319500,2168,1393000,190,애니메이션,전체관람가,15915.507046636732,2017,4,해외,8.763837638376385
스틸 플라워,장편,한국,22,15208300,2168,9801400,1293,드라마,15세이상관람가,16903.369937313833,2016,4,국내,59.640221402214024
케이온,장편,일본,9,14604331,2168,10880331,1544,애니메이션,전체관람가,16232.08442626595,2013,6,해외,71.21771217712177
뷰티풀 보이스,장편,한국,67,19487900,2167,13248000,1294,코미디,전체관람가,21669.956243988414,2019,5,국내,59.713890170742964
아녜스 V에 의한 제인 B,장편,프랑스,33,19509900,2164,14263600,1549,판타지,청소년관람불가,21724.495022604282,2024,1,해외,71.5804066543438
잔고: 분노의 적자,장편,한국,42,18928045,2163,13595906,1473,서부극(웨스턴),12세이상관람가,21086.33702633001,2023,9,국내,68.0998613037448
서바이벌리스트,장편,미국,15,13208600,2160,8105600,1316,액션,15세이상관람가,14735.16287371709,2022,2,해외,60.92592592592593
셧 인,장편,미국,19,13762370,2160,7529900,1177,기타,15세이상관람가,15352.93395805444,2022,5,해외,54.49074074074074
로또쉐어,장편,한국,20,13407000,2156,8061000,1295,스릴러,15세이상관람가,14984.24123208977,2021,11,국내,60.064935064935064
복수는 나의것,장편,일본,14,21907300,2155,17863000,1743,범죄,청소년관람불가,24495.904732619576,2024,11,해외,80.88167053364269
도리안 그레이,장편,영국,53,14780500,2153,4304000,626,드라마,청소년관람불가,16542.342150767494,2013,5,해외,29.075708313980492
디어스킨,장편,프랑스,15,15327280,2153,9980280,1093,스릴러,청소년관람불가,17154.298569102233,2020,1,해외,50.76637250348352
고양이는 불러도 오지 않는다,장편,일본,32,15839000,2150,9564000,1271,드라마,전체관람가,17751.75119080975,2016,6,해외,59.116279069767444
위풍당당 질리 홉킨스,장편,미국,35,14167500,2146,4839700,646,코미디,전체관람가,15907.99357729146,2016,10,해외,30.102516309412863
장인과 사위,장편,한국,49,19514660,2146,3875500,447,코미디,12세이상관람가,21912.058298431377,2024,2,국내,20.829450139794968
마틸다: 황제의 연인,장편,러시아,26,17348650,2145,11784300,1418,드라마,15세이상관람가,19489.033055298118,2018,11,해외,66.1072261072261
푸른노을,장편,한국,24,14558200,2144,5250500,769,드라마,12세이상관람가,16361.940298507465,2017,11,국내,35.867537313432834
밀레니엄 : 제2부 불을 가지고 노는 소녀,장편,스웨덴,5,15641500,2139,10122000,1357,스릴러,청소년관람불가,17620.552335569486,2012,3,해외,63.44086021505376
시칠리아 햇빛아래,장편,홍콩,63,15523900,2139,6113500,829,멜로/로맨스,12세이상관람가,17488.072908745784,2017,6,해외,38.756428237494156
화이트 갓,장편,헝가리,23,16073700,2135,11140200,1440,드라마,15세이상관람가,18141.361699726305,2015,4,해외,67.44730679156909
히든 아이덴티티,장편,미국,35,15610000,2134,6093500,823,미스터리,15세이상관람가,17626.268899402672,2017,10,해외,38.56607310215558
아이히만 쇼,장편,영국,21,16279000,2133,11848000,1510,드라마,15세이상관람가,18390.298182886258,2017,3,해외,70.79231129864041
메이크 어 걸,장편,일본,78,20895300,2132,9088500,853,멜로/로맨스,12세이상관람가,23616.37921291169,2025,9,해외,40.009380863039404
여자들,장편,한국,40,15376800,2129,8823000,1080,드라마,15세이상관람가,17403.72480999621,2017,8,국내,50.72804133395961
"뭉크. 사랑, 영혼 그리고 뱀파이어 여인",장편,이탈리아,22,16107139,2128,7138139,829,다큐멘터리,15세이상관람가,18238.90184799348,2024,8,해외,38.95676691729324
차별,장편,한국,24,19088398,2127,10463698,1135,다큐멘터리,전체관람가,21624.889402461755,2023,3,국내,53.36154207804419
"그녀, 잉그리드 버그만",장편,스웨덴,15,14068900,2124,9035000,1270,다큐멘터리,전체관람가,15960.905769972547,2015,10,해외,59.792843691148775
세나: F1의 신화,장편,미국,24,16570500,2123,9463000,1203,다큐멘터리,전체관람가,18807.779398328123,2011,10,해외,56.66509656146962
쇼미더고스트,장편,한국,43,13720210,2123,7818870,1334,코미디,12세이상관람가,15572.65519922365,2021,9,국내,62.835609985869056
뮤직 샤펠,장편,벨기에,39,19020506,2122,12248506,1254,드라마,12세이상관람가,21598.7486231448,2023,9,해외,59.0951932139491
7인의 황후,장편,한국,5,20527500,2122,11371500,1203,코미디,15세이상관람가,23310.016692595073,2025,2,국내,56.69180018850142
망국전쟁 : 뉴라이트의 시작,장편,한국,28,19215700,2119,12820300,1325,다큐멘터리,12세이상관람가,21851.29380191839,2025,7,국내,62.52949504483247
레쓰링,장편,한국,33,16073000,2116,7471000,934,코미디,청소년관람불가,18303.459585032,2014,9,국내,44.139886578449904
베팅 위드 고스트: 보석 사냥꾼,장편,베트남,14,23042940,2116,8464300,756,드라마,15세이상관람가,26240.622224246705,2025,10,해외,35.72778827977316
킬링 오브 투 러버스,장편,미국,49,18327120,2114,12832350,1366,멜로/로맨스,12세이상관람가,20890.130056650443,2021,10,해외,64.61684011352885
질투,장편,프랑스,14,15961000,2113,10985000,1351,멜로/로맨스,15세이상관람가,18201.72312534568,2015,4,해외,63.937529578797914
하프웨이,장편,일본,9,14973591,2113,8192500,1119,드라마,전체관람가,17075.69435337184,2010,4,해외,52.95787979176526
루브르박물관 기획특별전,장편,프랑스,22,27408000,2110,13646500,1050,다큐멘터리,전체관람가,31300.17701136299,2020,9,해외,49.763033175355446
풍경,장편,한국,14,14110800,2106,10167800,1436,다큐멘터리,전체관람가,16145.264819963617,2013,12,국내,68.18613485280152
"사랑, 우유, 그리고 치즈",장편,프랑스,19,18303950,2099,12316550,1304,코미디,청소년관람불가,21012.817348479195,2026,3,해외,62.124821343496905
줄리아의 인생극장,장편,프랑스,24,18232179,2099,9707879,1022,드라마,12세이상관람가,20930.424700230174,2023,5,해외,48.689852310624104
강남좀비,장편,한국,51,21235695,2098,10516298,1085,드라마,15세이상관람가,24390.06167663983,2023,1,국내,51.7159199237369
엔조,장편,프랑스,30,18995700,2098,14430950,1528,드라마,15세이상관람가,21817.336074517327,2026,5,해외,72.83126787416587
망원동 인공위성,장편,한국,21,15697200,2097,12145200,1601,다큐멘터리,12세이상관람가,18037.471775514074,2015,2,국내,76.34716261325704
플라워즈,장편,일본,7,16445600,2097,12689600,1576,드라마,15세이상관람가,18897.449598106305,2011,5,해외,75.15498330948974
송송송 가족여행 : 전기차 지구횡단,장편,한국,23,17648900,2094,6541300,608,다큐멘터리,전체관람가,20309.202425748845,2025,9,국내,29.03533906399236
에덴 : 동물원 사수 대작전,장편,일본,55,14451600,2093,2139900,270,애니메이션,전체관람가,16637.903741099133,2015,9,해외,12.900143334925943
레트리뷰션 : 응징의 날,장편,스페인,32,13781500,2092,6089500,801,스릴러,15세이상관람가,15874.012301596445,2016,3,해외,38.2887189292543
이상한 나라의 달빛요정,장편,기타,68,17208956,2091,2011900,195,판타지,전체관람가,19831.355263233712,2023,10,해외,9.32568149210904
리브 어게인,장편,미국,20,16028000,2090,11909000,1549,코미디,15세이상관람가,18479.27595549663,2018,4,해외,74.11483253588517
어떤이의 꿈,장편,한국,20,16971600,2090,13942200,1692,드라마,12세이상관람가,19567.187409926788,2015,11,국내,80.95693779904306
청춘선거,장편,한국,27,13910000,2087,5880500,1035,다큐멘터리,12세이상관람가,16060.4083800463,2021,6,국내,49.592716818399616
에이프릴의 딸,장편,멕시코,24,16949860,2086,12602860,1475,미스터리,청소년관람불가,19579.595467199575,2019,5,해외,70.70949185043145
식물도감,장편,일본,48,17304100,2085,12178400,1433,멜로/로맨스,12세이상관람가,19998.382017277745,2018,6,해외,68.72901678657074
박하경 여행기,장편,한국,34,21235800,2084,10589200,1029,드라마,전체관람가,24554.03186642925,2023,6,국내,49.37619961612284
쉿! 그녀에겐 비밀이에요,장편,한국,32,12929000,2083,4080500,648,드라마,12세이상관람가,14956.417123125244,2008,9,국내,31.10897743638982
백설공주 살인사건,장편,일본,18,15046500,2079,10621500,1458,미스터리,15세이상관람가,17439.45478885238,2015,2,해외,70.12987012987013
아나이스 인 러브,장편,프랑스,39,18106800,2079,11541200,1217,멜로/로맨스,15세이상관람가,20986.45664910725,2022,10,해외,58.537758537758535
어떤 방문,옴니버스,한국,7,14783954,2079,11221100,1550,드라마,15세이상관람가,17135.154180937316,2009,11,국내,74.55507455507455
히에로니무스 보쉬의 기이한 세계,장편,영국,23,22333000,2078,15349000,1458,다큐멘터리,전체관람가,25897.236684949614,2018,1,해외,70.16361886429259
여배우들의 티타임,장편,영국,22,16859160,2073,12066960,1341,다큐멘터리,12세이상관람가,19596.952208254144,2019,10,해외,64.6888567293777
가족시네마,옴니버스,한국,12,14885000,2068,9991000,1316,드라마,15세이상관람가,17344.03765934143,2012,11,국내,63.63636363636363
반도에 살어리랏다,장편,한국,14,15259000,2068,13521500,1733,애니메이션,15세이상관람가,17779.82335531682,2018,1,국내,83.80077369439071
그녀가 좋아하는 것은,장편,일본,69,19288800,2067,9318650,1034,멜로/로맨스,15세이상관람가,22486.22938779793,2023,7,해외,50.024189646831154
크리미널 게임: 보석 사기단,장편,캐나다,92,16964760,2065,8664800,1043,범죄,청소년관람불가,19796.096735610725,2019,1,해외,50.50847457627119
웰컴 투 X-월드,장편,한국,23,16522400,2064,12760900,1444,다큐멘터리,전체관람가,19289.250023349214,2020,10,국내,69.96124031007753
브레이븐,장편,캐나다,56,16147600,2063,5626400,674,액션,15세이상관람가,18860.82380905104,2018,9,해외,32.67086766844402
하루,장편,일본,11,11305500,2063,9756500,1756,애니메이션,12세이상관람가,13205.122963983906,2013,11,해외,85.11875908870576
벨빌의 세 쌍둥이,장편,프랑스,13,16128100,2062,13298800,1580,애니메이션,12세이상관람가,18847.183106821078,2016,10,해외,76.62463627546072
닥치고 피아노!,장편,독일,22,18289730,2060,14277930,1483,다큐멘터리,15세이상관람가,21393.999298163526,2019,6,해외,71.99029126213591
인피니티 포스 : 독수리오형제 최후의 심판,장편,일본,124,15653800,2059,5371900,613,애니메이션,전체관람가,18319.572608062164,2018,10,해외,29.77173385138417
벌룬,장편,독일,24,17339500,2058,12292000,1424,드라마,12세이상관람가,20302.200053859757,2020,1,해외,69.19339164237124
굿바이 홈런,장편,한국,7,13659400,2057,8773400,1293,다큐멘터리,전체관람가,16001.07771875055,2013,2,국내,62.858531842489064
뮤지엄,장편,일본,65,16312000,2056,9092000,1103,범죄,청소년관람불가,19117.71600018752,2017,5,해외,53.64785992217899
졸트,장편,미국,83,17813740,2056,7817300,842,액션,15세이상관람가,20877.760067507385,2021,10,해외,40.95330739299611
우리들의 완벽한 세계,장편,일본,38,15938080,2054,7356750,921,멜로/로맨스,전체관람가,18697.66896211917,2019,4,해외,44.839337877312566
함께 있을 수 있다면,장편,프랑스,30,15876610,2053,9277210,1185,멜로/로맨스,12세이상관람가,18634.62813748907,2020,12,해외,57.720409157330735
극장판 시티헌터: 신주쿠 프라이빗 아이즈,장편,일본,64,14319000,2052,6595500,912,애니메이션,12세이상관람가,16814.626928767702,2020,6,해외,44.44444444444444
싱글 에이트,장편,일본,57,18370400,2052,9951400,1031,드라마,전체관람가,21572.136499213226,2024,10,해외,50.24366471734892
비바 프랑스,장편,프랑스,6,14325000,2050,14220000,2035,코미디,15세이상관람가,16838.08404349104,2013,8,해외,99.26829268292683
크라이시스,장편,독일,50,10482500,2050,5832500,1120,드라마,15세이상관람가,12321.481046135763,2021,5,해외,54.63414634146342
반칙왕 몽키,장편,한국,28,17525400,2049,13488550,1591,다큐멘터리,전체관람가,20609.994884369105,2026,5,국내,77.64763299170328
헬 페스트,장편,미국,82,16378800,2047,5523450,616,공포(호러),15세이상관람가,19280.4044708389,2018,12,해외,30.092818759159744
귀신들,장편,한국,40,17136600,2046,9696700,954,SF,12세이상관람가,20182.312829028728,2025,4,국내,46.62756598240469
초이스,장편,미국,62,17280100,2046,6915500,802,멜로/로맨스,12세이상관람가,20351.317292630934,2018,11,해외,39.19843597262952
파라다이스 힐스,장편,스페인,109,17855200,2046,10360520,1103,판타지,12세이상관람가,21028.630651638814,2020,3,해외,53.910068426197455
지옥의 화원,장편,일본,25,19961496,2044,16054996,1578,코미디,15세이상관람가,23532.284912644707,2022,12,해외,77.20156555772995
기도의 힘,장편,미국,69,16193200,2042,7236540,923,드라마,12세이상관람가,19108.598940325457,2020,4,해외,45.20078354554358
소성리,장편,한국,18,13146000,2042,4223500,621,다큐멘터리,12세이상관람가,15512.78571681437,2018,8,국내,30.411361410381975
학교 가는길,장편,한국,22,12702000,2041,6232500,799,다큐멘터리,전체관람가,14996.192511348678,2014,11,국내,39.14747672709456
스파이 넥스트 도어,장편,미국,19,14737000,2039,3304000,450,코미디,전체관람가,17415.813326872965,2011,12,해외,22.069641981363414
어느 독재자,장편,프랑스,20,14102700,2039,9331000,1274,드라마,15세이상관람가,16666.213653042774,2017,4,해외,62.48160863168219
영화로운 나날,장편,한국,17,16053480,2039,12439480,1411,멜로/로맨스,12세이상관람가,18971.596045781953,2019,12,국내,69.20058852378617
갓즈 포켓,장편,미국,38,14621500,2037,7615500,1004,드라마,청소년관람불가,17296.283809760396,2016,1,해외,49.288168875797744
여기보다 어딘가에,장편,한국,4,14180000,2036,12844000,1792,드라마,15세이상관람가,16782.2567282884,2008,8,국내,88.01571709233792
그리스도 디 오리진,장편,기타,71,18872800,2035,9203700,940,드라마,12세이상관람가,22347.236612296856,2022,4,해외,46.19164619164619
울브스 오브 워,장편,영국,50,20215900,2025,9598000,961,액션,15세이상관람가,24055.80841886063,2023,1,해외,47.45679012345679
선희와 슬기,장편,한국,39,15958780,2024,9979330,1200,드라마,12세이상관람가,18999.452354874044,2019,3,국내,59.28853754940712
반드시 크게 들을 것,장편,한국,5,14979893,2023,15586400,2023,다큐멘터리,15세이상관람가,17842.87084075303,2010,4,국내,100.0
레드 아워,장편,미국,2,10192000,2022,4941000,976,액션,15세이상관람가,12145.91302897048,2021,9,해외,48.269040553907026
태백권,장편,한국,62,14307800,2018,6001000,950,코미디,15세이상관람가,17084.55228246982,2020,8,국내,47.07631318136769
세이브 어 라이프,장편,미국,6,8645263,2017,7057000,1684,드라마,15세이상관람가,10328.18990388923,2010,11,해외,83.49033217649975
비트윈 랜드 앤 씨,장편,아일랜드,22,15617300,2016,9219000,1079,어드벤처,전체관람가,18666.690571811054,2018,8,해외,53.52182539682539
얼굴들,장편,한국,19,14908000,2016,11862500,1493,드라마,12세이상관람가,17818.894626123543,2019,1,국내,74.05753968253968
하빗,장편,미국,50,10122000,2012,5322000,1052,기타,청소년관람불가,12122.446046611896,2022,4,해외,52.286282306163024
나는 갱년기다,장편,한국,17,15103500,2011,9664000,1294,드라마,12세이상관람가,18097.45196599426,2026,1,국내,64.3460964694182
역할들,장편,한국,5,12200000,2011,7007000,968,드라마,12세이상관람가,14618.394013647829,2022,3,국내,48.13525609149677
청킹맨션,장편,홍콩,50,10078000,2010,5278000,1050,액션,15세이상관람가,12081.759875322185,2022,4,해외,52.23880597014925
당신의 세상은 지금 몇 시?,장편,프랑스,9,15229200,2007,11191200,1313,드라마,12세이상관람가,18284.438201235436,2015,11,해외,65.42102640757349
외사경찰,장편,일본,20,14553000,2006,11678000,1593,액션,청소년관람불가,17481.29106655936,2012,11,해외,79.41176470588235
습도 다소 높음,장편,한국,51,19838760,2005,13606750,1302,코미디,15세이상관람가,23842.51419643662,2021,9,국내,64.93765586034912
인드림,장편,한국,45,14933750,2005,11607750,1611,액션,청소년관람불가,17947.600877324763,2023,6,국내,80.34912718204488
로그북,장편,한국,15,18705800,2004,11670800,1171,다큐멘터리,전체관람가,22492.12418536421,2021,11,국내,58.43313373253493
메이지가 알고 있었던 일,장편,미국,22,13981500,2003,9521500,1377,드라마,15세이상관람가,16819.95079669652,2014,3,해외,68.74687968047928
무사 노보우: 최후의 결전,장편,일본,20,12901000,2003,7131000,1070,전쟁,15세이상관람가,15520.093353944985,2014,6,해외,53.41987019470794
파리 오페라,장편,프랑스,20,16069600,2002,11975500,1477,다큐멘터리,전체관람가,19341.6222331885,2018,5,해외,73.77622377622379
바다의 뚜껑,장편,일본,20,15488400,2001,10636000,1286,드라마,전체관람가,18651.39719296978,2016,9,해외,64.26786606696652
반드시 크게 들을 것 2 : Wild Days,장편,한국,16,14639800,1999,11610800,1552,다큐멘터리,12세이상관람가,17647.136821422762,2012,11,국내,77.63881940970485
루비콘,장편,오스트리아,5,15963197,1993,7084000,883,SF,12세이상관람가,19300.318584926765,2023,2,해외,44.30506773707978
다니엘 바렌보임과 서동시집 오케스트라,장편,독일,3,13727500,1992,9961500,1321,다큐멘터리,전체관람가,16605.578942275126,2012,9,해외,66.31526104417671
미스진은 예쁘다,장편,한국,17,13989500,1991,4889000,630,드라마,12세이상관람가,16931.008816783964,2013,3,국내,31.64239075841286
하루,장편,이란,13,13649500,1990,6279000,744,드라마,15세이상관람가,16527.819822001577,2015,8,해외,37.38693467336683
아이윌 송,장편,한국,34,17416200,1985,9584200,1110,드라마,12세이상관람가,21141.938029194866,2021,7,국내,55.91939546599496
살아남은 사람들,장편,헝가리,35,14998200,1982,8277980,1061,드라마,15세이상관람가,18234.2285387767,2021,2,해외,53.53178607467205
샤인,장편,한국,31,15260800,1982,8213800,910,드라마,12세이상관람가,18553.48741079353,2024,7,국내,45.91321897073663
까칠한 그녀의 달콤한 연애비법,장편,미국,21,14101439,1980,4349000,562,멜로/로맨스,15세이상관람가,17161.298527443105,2009,10,해외,28.383838383838384
두부요괴,장편,일본,27,12517000,1980,4839000,728,애니메이션,전체관람가,15233.05342582451,2013,11,해외,36.76767676767677
알제리 전투,장편,이탈리아,1,10500681,1980,8888000,1691,전쟁,15세이상관람가,12779.215041986128,2009,10,해외,85.4040404040404
리턴드,장편,스페인,21,10610500,1978,4035000,722,공포(호러),15세이상관람가,12925.920060423698,2014,10,해외,36.5015166835187
쇼트피스,장편,일본,6,13992000,1975,8007000,1125,애니메이션,12세이상관람가,17071.22159524173,2014,4,해외,56.9620253164557
아프리칸 닥터,장편,프랑스,12,12629500,1975,7391500,980,코미디,12세이상관람가,15408.876010370595,2016,11,해외,49.62025316455696
우리 만난 적 있나요,장편,한국,8,14997797,1974,8425000,1095,멜로/로맨스,12세이상관람가,18307.634184153027,2010,11,국내,55.471124620060785
나미야 잡화점의 기적: 또 하나의 이야기,장편,중국,47,14871350,1966,6860450,893,판타지,12세이상관람가,18227.150718846904,2018,11,해외,45.42217700915565
땡큐 포 유어 서비스,장편,미국,72,14249000,1965,5708000,767,드라마,15세이상관람가,17473.25178576903,2017,12,해외,39.033078880407125
벨라 키스,장편,독일,19,11276000,1964,2270000,454,공포(호러),청소년관람불가,13834.564326552647,2014,7,해외,23.116089613034625
브라더후드,장편,미국,11,15553598,1963,12791400,1580,액션,청소년관람불가,19092.485683948224,2010,11,해외,80.4890473764646
장마,장편,한국,1,12096000,1962,12079000,1945,다큐멘터리,전체관람가,14855.75328838289,2020,2,국내,99.13353720693169
미친개들,장편,프랑스,46,15622100,1961,6134000,766,액션,청소년관람불가,19196.131798996088,2016,7,해외,39.061703212646606
시선 사이,옴니버스,한국,28,14749200,1961,10536500,1314,드라마,12세이상관람가,18123.529303342897,2016,6,국내,67.00662927078021
배드 캅,장편,미국,2,9800000,1960,9800000,1960,코미디,15세이상관람가,12048.192771084337,2017,11,해외,100.0
킹스글레이브: 파이널 판타지 XV,장편,일본,4,16319300,1960,16319300,1960,애니메이션,12세이상관람가,20063.06860093435,2016,8,해외,100.0
한강에게,장편,한국,31,14372160,1959,8865180,984,드라마,12세이상관람가,17678.259746489788,2019,4,국내,50.22970903522205
불안한 외출,장편,한국,7,12845600,1958,8599000,1227,다큐멘터리,15세이상관람가,15808.60725845158,2015,12,국내,62.66598569969356
거꾸로 된 파테마,장편,일본,35,15357000,1957,8179500,1057,애니메이션,12세이상관람가,18908.95210889547,2014,4,해외,54.0112416964742
오슬로의 이상한 밤,장편,노르웨이,4,14199000,1955,11124500,1435,코미디,15세이상관람가,17501.001448248237,2011,2,해외,73.40153452685422
행복의 단추를 채우는 완벽한 방법,장편,영국,55,16250120,1955,10844080,1280,코미디,12세이상관람가,20029.112870921028,2020,4,해외,65.47314578005115
투 라이프,장편,프랑스,13,13145000,1954,6710000,835,드라마,15세이상관람가,16210.18362087038,2015,5,해외,42.73285568065507
스시 장인: 지로의 꿈,장편,미국,5,14561000,1952,10344000,1251,다큐멘터리,전체관람가,17974.76792415564,2012,9,해외,64.08811475409836
바르샤 드림스,장편,스페인,31,14331000,1951,7378000,987,다큐멘터리,12세이상관람가,17699.91292695127,2016,5,해외,50.58944131214762
파파 오랑후탄,장편,한국,3,14655000,1951,3949000,456,다큐멘터리,12세이상관람가,18100.078427497792,2018,4,국내,23.37262942080984
아이돌리쉬 세븐 퍼스트 비트! 극장총집편 전편,장편,일본,86,18780840,1945,9832200,1004,애니메이션,전체관람가,23267.37076842073,2025,10,해외,51.61953727506427
스크림,장편,미국,29,18685600,1944,12941800,1381,공포(호러),청소년관람불가,23161.287123803857,2022,2,해외,71.03909465020575
은어,장편,한국,1,15241000,1944,14981000,1892,멜로/로맨스,15세이상관람가,18891.615846100452,2011,9,국내,97.32510288065843
지휘자를 위한 1분,장편,이탈리아,8,13925500,1940,8796500,1114,다큐멘터리,전체관람가,17296.609116879892,2014,12,해외,57.42268041237113
피로 지켜낸 대한민국,장편,한국,20,14549600,1939,2227000,228,다큐멘터리,15세이상관람가,18081.112485009664,2025,10,국내,11.758638473439916
수학영재 형주,장편,한국,33,16547100,1938,8809000,970,드라마,12세이상관람가,20574.06094968108,2025,10,국내,50.0515995872033
커튼 레이저,단편,프랑스,4,10762500,1933,4215000,845,드라마,15세이상관람가,13416.31398849407,2008,3,해외,43.71443352302121
드리프트,장편,호주,3,13721000,1932,11982000,1660,드라마,15세이상관람가,17113.173189653022,2013,8,해외,85.92132505175984
열화청춘 리마스터링,장편,홍콩,52,19092300,1932,11876400,1138,드라마,청소년관람불가,23812.39242685026,2025,3,해외,58.90269151138716
레이징 피닉스,장편,태국,15,10134110,1929,5027000,988,액션,15세이상관람가,12659.17167893971,2010,3,해외,51.218247796785896
원초적 본능,장편,미국,32,12946000,1927,6591500,975,미스터리,청소년관람불가,16188.469498127435,2021,3,해외,50.59678256357032
작은 빛,장편,한국,21,15038960,1926,12428960,1427,드라마,12세이상관람가,18815.398666316356,2020,1,국내,74.09138110072689
애즈 갓 커맨즈,장편,이탈리아,10,13690446,1920,8952000,1230,드라마,15세이상관람가,17181.784638554218,2010,4,해외,64.0625
류이치 사카모토: 도쿄 멜로디,장편,프랑스,34,18884980,1917,13186930,1261,다큐멘터리,전체관람가,23738.1199288547,2026,4,해외,65.77986437141367
극장판 여성향 게임의 파멸 플래그밖에 없는 악역 영애로 환생해버렸다...,장편,일본,43,17751148,1914,7947102,802,애니메이션,전체관람가,22347.884327277763,2024,4,해외,41.901776384535005
아줌마,장편,한국,30,15777781,1914,9538873,1078,드라마,12세이상관람가,19863.505432387858,2023,11,국내,56.32183908045977
웨이스트 랜드,장편,브라질,13,13832000,1909,9844000,1272,다큐멘터리,전체관람가,17459.465941292674,2014,4,해외,66.63174436877947
백사대전,장편,중국,2,9612000,1908,9612000,1908,액션,15세이상관람가,12139.12252784724,2011,11,해외,100.0
삼손,장편,미국,16,14298400,1908,6185800,745,액션,12세이상관람가,18057.639362481375,2018,4,해외,39.0461215932914
나는 아들을 사랑하지 않는다,장편,노르웨이,15,14196900,1904,10797900,1397,드라마,12세이상관람가,17967.12058317303,2017,11,해외,73.37184873949579
홀리워킹데이,장편,한국,18,13526500,1901,9055000,1228,다큐멘터리,전체관람가,17145.700107109133,2016,6,국내,64.59758022093635
올 리브 올리브,장편,한국,24,12137800,1900,7588500,1168,다큐멘터리,전체관람가,15393.532022828156,2017,7,국내,61.473684210526315
리메인,장편,한국,45,14930600,1897,5689100,632,드라마,청소년관람불가,18965.392407796713,2020,8,국내,33.31576172904586
도약선생,장편,한국,8,13904000,1892,11242500,1479,멜로/로맨스,12세이상관람가,17708.041468198375,2011,6,국내,78.17124735729386
전장의 피아니스트,장편,기타,29,16450400,1892,9626200,1059,드라마,12세이상관람가,20951.119488524928,2022,1,해외,55.97251585623678
용문비갑,장편,중국,1,9450000,1890,9450000,1890,액션,15세이상관람가,12048.192771084337,2012,3,해외,100.0
마법 숲 동물 친구들 대모험,장편,아랍에미리트연합국정부,87,17495200,1889,3177400,330,애니메이션,전체관람가,22317.156396895152,2026,4,해외,17.469560614081526
마리오 보타 : 영혼을 위한 건축,장편,스위스,10,14659720,1888,11777220,1409,다큐멘터리,전체관람가,18710.077598529715,2020,1,해외,74.6292372881356
바람의 춤꾼,장편,한국,10,11531100,1887,2602000,314,다큐멘터리,12세이상관람가,14724.845327254967,2017,6,국내,16.64016958134605
기억의 전쟁,장편,한국,14,15925340,1882,14002940,1571,다큐멘터리,12세이상관람가,20390.177073864,2020,2,국내,83.47502656748141
바얌섬,장편,한국,26,17817900,1881,11974900,1232,미스터리,15세이상관람가,22825.464537576143,2025,10,국내,65.49707602339181
굿 포 낫씽,장편,일본,37,18165500,1880,12795500,1204,드라마,15세이상관람가,23283.13253012048,2026,1,해외,64.04255319148936
"아이,애나",장편,영국,13,13879000,1878,9933000,1264,멜로/로맨스,15세이상관람가,17807.97310648344,2013,6,해외,67.30564430244942
만찬,장편,한국,20,12932000,1877,6579500,826,가족,15세이상관람가,16601.729239814882,2014,1,국내,44.00639318060735
핸즈 오브 스톤,장편,미국,69,14047000,1876,6598000,868,드라마,15세이상관람가,18042.746679682485,2016,12,해외,46.26865671641791
화이트 온 화이트,장편,스페인,34,14210010,1875,7349010,858,드라마,12세이상관람가,18261.860240963855,2021,6,해외,45.76
천사의 숨소리,장편,한국,4,13842000,1873,7257500,934,드라마,12세이상관람가,17807.91076746924,2012,2,국내,49.86652429257875
프린세스 에미: 마법 책의 비밀,장편,독일,133,14555780,1871,1460400,181,애니메이션,전체관람가,18746.215218973168,2020,11,해외,9.673971138428648
라스트 프론티어,장편,러시아,20,10974500,1870,8991900,1636,전쟁,15세이상관람가,14141.485729012307,2021,1,해외,87.48663101604278
배드 헤어,장편,미국,30,13857140,1869,7267810,1010,공포(호러),15세이상관람가,17865.542426527943,2021,5,해외,54.03959336543607
위시 아이 워즈 히어,장편,미국,32,14391500,1868,9025000,1139,코미디,15세이상관람가,18564.407523025722,2015,9,해외,60.974304068522486
스퀴즈,장편,미국,40,14809000,1866,9141500,1106,코미디,15세이상관람가,19123.439093996567,2016,11,해외,59.27116827438371
황금을 안고 튀어라,장편,일본,8,13696000,1866,12135500,1659,범죄,청소년관람불가,17686.178798796474,2013,10,해외,88.90675241157557
우리는 썰매를 탄다,장편,한국,58,13450900,1863,4587200,537,다큐멘터리,전체관람가,17397.642098183394,2018,3,국내,28.824476650563607
라라,장편,한국,28,14798800,1860,12846400,1600,멜로/로맨스,15세이상관람가,19171.913460292784,2018,2,국내,86.02150537634408
움베르토 에코. 세계의 도서관,장편,이탈리아,18,15474600,1860,9142600,937,다큐멘터리,전체관람가,20047.415468324914,2024,12,해외,50.376344086021504
행맨,장편,미국,63,14972890,1860,7980600,965,미스터리,15세이상관람가,19397.44785593989,2019,1,해외,51.88172043010753
영혼의 순례길,장편,중국,17,14559200,1859,9673800,1193,드라마,전체관람가,18871.656610303507,2018,5,해외,64.17428725121033
연인들,옴니버스,한국,2,12149584,1855,11587000,1739,드라마,12세이상관람가,15782.26739843471,2008,12,국내,93.7466307277628
바람의 검심 : 전설의 최후편,장편,일본,23,14666100,1851,7137000,889,액션,15세이상관람가,19092.382495948135,2015,3,해외,48.02809292274446
트레이터,장편,영국,33,14026500,1850,8112000,1057,범죄,15세이상관람가,18269.61901660697,2017,8,해외,57.13513513513514
밤치기,장편,한국,27,14483450,1845,9865250,1170,멜로/로맨스,15세이상관람가,18915.923858033762,2018,11,국내,63.41463414634146
극장판 테니스의 왕자 : 영국식 테니스성 결전,장편,일본,5,13521000,1842,8388500,1103,애니메이션,12세이상관람가,17687.688866214045,2011,12,해외,59.880564603691646
돈 슬립,장편,미국,1,14378500,1839,4116700,510,공포(호러),15세이상관람가,18840.12395421818,2017,7,해외,27.732463295269167
작은 형,장편,한국,19,11651500,1839,6535500,905,드라마,15세이상관람가,15266.940519009153,2016,11,국내,49.21152800435019
24 시티,장편,중국,1,12946429,1839,12529000,1778,드라마,전체관람가,16963.683772610835,2009,1,해외,96.68297988036977
우리를 갈라놓는 것들,장편,한국,15,15448580,1836,12808280,1457,다큐멘터리,12세이상관람가,20275.32351628737,2019,11,국내,79.35729847494554
라보엠,장편,독일,5,28246000,1835,24246000,1587,멜로/로맨스,전체관람가,37091.3627261088,2014,12,해외,86.4850136239782
악질경찰,장편,미국,25,13370500,1835,3797000,487,스릴러,청소년관람불가,17557.532582646665,2011,11,해외,26.53950953678474
스카이 크롤러,장편,일본,2,13792041,1833,13470500,1787,애니메이션,12세이상관람가,18130.84219036539,2010,10,해외,97.49045280960175
괜찮아 3반,장편,일본,21,11202000,1832,4364000,650,드라마,전체관람가,14734.045351712526,2013,9,해외,35.480349344978166
난 엄청 창의적인 휴머니스트 뱀파이어가 될 거야,장편,캐나다,28,17562556,1832,13072356,1343,코미디,12세이상관람가,23100.115746830117,2024,5,해외,73.30786026200873
피카소. 파리에서의 반란,장편,이탈리아,11,11931500,1831,3726800,459,기타,15세이상관람가,15702.131299638751,2026,4,해외,25.06826870562534
개에게 처음 이름을 지어준 날,장편,일본,53,13226000,1828,6715500,930,드라마,전체관람가,17434.28857662598,2017,4,해외,50.87527352297593
립반윙클의 신부: 스페셜 에디션,장편,일본,4,15519000,1828,14930000,1735,드라마,15세이상관람가,20456.882233529304,2016,10,해외,94.9124726477024
타히티의 고갱. 잃어버린 낙원,장편,이탈리아,13,13583400,1823,7302400,858,다큐멘터리,전체관람가,17954.516915715525,2025,8,해외,47.06527701590784
나만의 비밀,장편,일본,80,18140490,1821,5889150,570,드라마,전체관람가,24004.406423056313,2026,1,해외,31.30148270181219
달걀 원정대,장편,미국,12,15577500,1821,9656000,1054,드라마,12세이상관람가,20612.92947738235,2026,4,해외,57.880285557386046
악인은 살아 있다,장편,한국,11,13976000,1821,10062000,1219,스릴러,청소년관람불가,18493.74433483522,2015,7,국내,66.94124107633168
소꿉놀이,장편,한국,14,14052500,1815,11861200,1483,다큐멘터리,전체관람가,18656.44395764878,2016,2,국내,81.70798898071625
벤다 빌릴리,장편,프랑스,4,13589800,1814,11083800,1412,다큐멘터리,전체관람가,18052.09813897265,2013,10,해외,77.83902976846747
식스 빌로우,장편,미국,20,15173000,1813,6584500,789,드라마,12세이상관람가,20166.269047508293,2018,1,해외,43.519029233314946
바람의 색,장편,일본,46,13662900,1812,7194100,933,판타지,12세이상관람가,18169.23322428788,2018,4,해외,51.49006622516556
잠자는 숲속의 미녀와 야수,장편,미국,21,8769000,1811,2600000,520,판타지,15세이상관람가,11667.653496370907,2014,7,해외,28.713418001104362
변태 가면,장편,일본,9,12521000,1810,4008500,572,액션,15세이상관람가,16669.107368701327,2013,11,해외,31.60220994475138
영 피카소,장편,영국,17,18302000,1810,12730000,1202,다큐멘터리,전체관람가,24365.306529987352,2019,5,해외,66.40883977900552
퀸카가 아니어도 좋아,장편,미국,20,10009000,1810,3691000,685,멜로/로맨스,15세이상관람가,13324.901817213608,2016,2,해외,37.84530386740331
거룩한 술꾼의 전설,장편,이탈리아,18,16289700,1807,11631200,1227,드라마,15세이상관람가,21722.351497856394,2023,8,해외,67.90260099612617
디어 마이 지니어스,장편,한국,14,10582400,1807,4748900,711,다큐멘터리,전체관람가,14111.654142858097,2020,10,국내,39.346983951300494
블러드샷,장편,미국,8,13568000,1806,8676000,1212,액션,15세이상관람가,18102.976690816424,2020,5,해외,67.109634551495
동그라미,장편,일본,32,17149300,1805,9529200,963,드라마,12세이상관람가,22893.969228715414,2025,10,해외,53.35180055401661
파리 오페라 발레단,장편,프랑스,18,14287540,1805,10958040,1341,다큐멘터리,전체관람가,19073.577412141643,2020,6,해외,74.29362880886427
허니,장편,터키,2,14619000,1805,13427000,1619,드라마,전체관람가,19516.069819443983,2013,9,해외,89.69529085872577
견왕: 이누오,장편,일본,28,18372084,1801,15289585,1438,애니메이션,12세이상관람가,24580.833940983255,2022,12,해외,79.84453081621321
만해 한용운 님의침묵,장편,한국,10,21566949,1799,10715099,905,드라마,15세이상관람가,28887.466263051094,2023,6,국내,50.30572540300167
대치동 스캔들,장편,한국,71,17076878,1797,9390778,907,드라마,15세이상관람가,22898.77774872445,2024,6,국내,50.473010573177525
티빙 오리지널 운수 오진 날,장편,한국,9,20822500,1797,20822500,1797,스릴러,청소년관람불가,27921.3682777856,2023,11,국내,100.0
여섯 개의 밤,장편,한국,34,15038597,1796,10071297,1070,드라마,12세이상관람가,20176.828024794057,2023,3,국내,59.57683741648106
선데이리그,장편,한국,40,13195099,1795,8236400,1096,코미디,전체관람가,17713.325502567375,2022,10,국내,61.05849582172702
공포체험라디오 4DX,장편,한국,37,16604000,1794,6099500,650,공포(호러),15세이상관람가,22301.916696887885,2020,9,국내,36.231884057971016
바람의 언덕,장편,한국,28,12605900,1794,7511400,1079,드라마,전체관람가,16931.807497548725,2020,4,국내,60.14492753623188
로지,장편,아일랜드,25,13212110,1793,9962580,1270,드라마,12세이상관람가,17755.945141413395,2019,5,해외,70.83100948131623
귀멸의 칼날: 합동 강화 훈련 개막편,장편,일본,87,18092300,1792,4525900,444,애니메이션,15세이상관람가,24328.071213425133,2025,8,해외,24.776785714285715
씨앗의 시간,장편,한국,13,14925300,1792,12505700,1476,다큐멘터리,전체관람가,20069.519148020652,2024,11,국내,82.36607142857143
투 올드 힙합 키드,장편,한국,12,12537000,1792,8808000,1215,다큐멘터리,12세이상관람가,16858.057228915663,2012,9,국내,67.80133928571429
포가튼 : 잊혀진 소녀,장편,독일,12,12920500,1792,7056500,885,드라마,15세이상관람가,17373.736015490536,2013,9,해외,49.386160714285715
울보 권투부,장편,한국,13,11052100,1790,6385700,952,다큐멘터리,12세이상관람가,14877.969980480582,2015,10,국내,53.18435754189944
싱 오버 미,장편,미국,2,13169000,1788,13153000,1785,다큐멘터리,12세이상관람가,17747.50006738363,2015,9,해외,99.83221476510067
"바르도, 약간의 진실을 섞은 거짓된 연대기",장편,미국,24,17229300,1787,12453000,1233,드라마,15세이상관람가,23232.44854066518,2022,11,해외,68.99832120872972
성혜의 나라,장편,한국,28,14491980,1785,11110280,1275,드라마,12세이상관람가,19563.268198845803,2020,1,국내,71.42857142857143
메모리,장편,미국,46,14058100,1784,5115100,539,범죄,15세이상관람가,18988.19493219515,2022,7,해외,30.213004484304935
키퍼스,장편,영국,97,16431340,1784,5434750,584,미스터리,15세이상관람가,22193.716570317145,2021,5,해외,32.73542600896861
괴테스쿨의 사고뭉치들,장편,독일,12,12379800,1783,8751300,1260,코미디,15세이상관람가,16730.70295765226,2014,11,해외,70.6674144699944
온 더 로드,장편,한국,18,24999000,1783,13888500,991,다큐멘터리,전체관람가,33784.94347552859,2021,7,국내,55.580482333146385
두 세계 사이에서,장편,프랑스,35,15157027,1778,8029167,906,드라마,12세이상관람가,20541.59540298427,2024,1,해외,50.95613048368954
극장판 푸른 강철의 아르페지오 - 아르스 노바 - DC,장편,일본,13,13434000,1777,8402000,1122,애니메이션,12세이상관람가,18216.704748086326,2015,6,해외,63.14012380416432
트릭스,장편,폴란드,7,13248949,1776,11332000,1486,드라마,12세이상관람가,17975.888689894717,2009,11,해외,83.67117117117117
사랑은 사라지지 않는다,장편,프랑스,26,14940000,1775,10008300,1090,드라마,12세이상관람가,20281.69014084507,2025,2,해외,61.408450704225345
우주의 크리스마스,장편,한국,50,13683500,1775,7458500,907,판타지,15세이상관람가,18575.937553029016,2016,10,국내,51.09859154929578
메이킹 다큐멘터리 `스즈메의 문단속`을 따라가다,장편,일본,42,16115218,1774,9206116,977,다큐멘터리,전체관람가,21889.431004740498,2024,1,해외,55.07328072153326
투 헤븐,장편,한국,13,18570500,1774,3563500,329,다큐멘터리,전체관람가,25224.460412110675,2025,11,국내,18.5456595264938
하늘의 황금마차,장편,한국,30,13309300,1774,6364000,784,드라마,12세이상관람가,18078.129881419707,2014,9,국내,44.193912063134164
허니문,장편,미국,20,9996000,1774,3240000,568,공포(호러),15세이상관람가,13577.647682047242,2015,7,해외,32.01803833145434
레드마리아,장편,한국,14,12677400,1773,9847900,1323,다큐멘터리,15세이상관람가,17229.527246039997,2012,4,국내,74.61928934010153
비념,장편,한국,22,12465200,1773,8666700,1156,다큐멘터리,15세이상관람가,16941.13170108522,2013,4,국내,65.20022560631698
링,장편,한국,20,12398000,1771,6060500,809,다큐멘터리,12세이상관람가,16868.830488526666,2013,7,국내,45.68040654997177
100미터,장편,스페인,41,12841500,1770,6587300,861,코미디,15세이상관람가,17482.131917500512,2017,7,해외,48.644067796610166
어시스턴트,장편,미국,28,14954910,1763,8529410,938,드라마,12세이상관람가,20440.117816700724,2021,9,해외,53.20476460578559
조용한 이주,장편,덴마크,27,15556800,1757,11858000,1242,드라마,12세이상관람가,21335.381366101858,2024,3,해외,70.68867387592486
코끼리와 나비,장편,프랑스,27,15215000,1757,10615800,1178,드라마,전체관람가,20866.619580198996,2021,9,해외,67.04610130904952
소년 파르티잔,장편,호주,20,12195100,1754,8558700,1158,드라마,15세이상관람가,16753.582173620365,2016,3,해외,66.02052451539339
할매꽃,장편,한국,7,10575639,1752,7394700,1210,다큐멘터리,12세이상관람가,14545.358144908401,2009,3,국내,69.06392694063926
종이 울리는 순간,장편,한국,17,15614800,1750,9716800,1051,다큐멘터리,전체관람가,21500.585197934597,2025,11,국내,60.05714285714285
극장판 폴 프린세스!!,장편,일본,35,16366707,1749,10799290,1119,애니메이션,전체관람가,22548.798280600964,2024,7,해외,63.979416809605496
도쿄 트라이브,장편,일본,14,13940397,1748,12679397,1567,액션,청소년관람불가,19217.001185520112,2015,6,해외,89.64530892448512
독친,장편,한국,52,15702811,1748,5253506,496,공포(호러),15세이상관람가,21646.50960822696,2023,11,국내,28.37528604118993
우리 지금 만나,옴니버스,한국,16,12643600,1748,8713300,1082,드라마,12세이상관람가,17429.351272366355,2019,5,국내,61.89931350114416
프레셔스 카고: 프로 범죄단,장편,미국,50,10241000,1745,3296000,570,범죄,15세이상관람가,14141.609417613146,2016,9,해외,32.664756446991404
천화,장편,한국,11,13873900,1743,9214500,1148,드라마,15세이상관람가,19180.197554417326,2018,1,국내,65.86345381526104
늦더위,장편,한국,23,14689300,1741,9149100,940,드라마,12세이상관람가,20330.78898015958,2024,5,국내,53.991958644457206
범털,장편,한국,48,14023560,1741,3009260,340,드라마,15세이상관람가,19409.368663626363,2020,5,국내,19.529006318207927
오토마타,장편,스페인,21,12157200,1738,5022000,668,SF,15세이상관람가,16855.269177977734,2014,10,해외,38.43498273878021
모놀리스,장편,이탈리아,62,13327600,1732,4597500,585,드라마,12세이상관람가,18541.97390021982,2017,4,해외,33.775981524249424
파리의 피아니스트: 후지코 헤밍의 시간들,장편,일본,17,14431000,1732,10468400,1127,다큐멘터리,전체관람가,20077.075043824258,2022,4,해외,65.06928406466513
22년 후의 고백,장편,일본,41,12993500,1732,8701000,1085,스릴러,15세이상관람가,18077.158518600965,2018,1,해외,62.644341801385686
시선 너머,옴니버스,한국,8,12885900,1729,11154900,1467,드라마,12세이상관람가,17958.566481077578,2011,4,국내,84.84673221515327
고야 : 살과 피의 환상,장편,영국,20,17911500,1728,11622500,1162,다큐멘터리,전체관람가,24976.991298527442,2017,11,해외,67.24537037037037
몽키킹: 손오공의 탄생,장편,중국,21,13032900,1725,5762500,775,판타지,12세이상관람가,18205.552645364067,2014,12,해외,44.927536231884055
바비 IMAX,장편,미국,20,28875000,1724,14094000,785,드라마,12세이상관람가,40358.65037877729,2023,11,해외,45.53364269141532
슬랩스틱 브라더스,장편,일본,13,12994500,1724,8758500,1150,코미디,15세이상관람가,18162.440947082996,2012,2,해외,66.70533642691416
에반게리온 신극장판: 서,장편,일본,13,20471000,1724,13599000,1112,애니메이션,12세이상관람가,28612.361278058874,2022,10,해외,64.50116009280742
컴퍼니 유 킵,장편,미국,27,11020000,1724,5555000,860,스릴러,15세이상관람가,15402.67799737232,2013,12,해외,49.88399071925754
동경의 황혼,장편,일본,15,14883700,1722,11251200,1169,드라마,15세이상관람가,20827.14131788478,2024,10,해외,67.88617886178862
캄포스,장편,스페인,29,13725500,1722,10426000,1286,공포(호러),15세이상관람가,19206.442494717547,2016,5,해외,74.68060394889663
신 울트라맨,장편,일본,53,15625989,1721,7099096,713,SF,전체관람가,21878.550576507077,2023,12,해외,41.429401510749564
"어느 날, 사랑이 걸어왔다",장편,프랑스,10,12482000,1719,7307000,927,멜로/로맨스,15세이상관람가,17496.86354493016,2012,12,해외,53.92670157068062
가슴이 떨리는 건 너 때문,장편,일본,53,16550370,1717,9545900,990,멜로/로맨스,12세이상관람가,23226.796527987317,2022,2,해외,57.658707047175305
바디 브로커,장편,미국,52,8596000,1716,5000000,1000,범죄,15세이상관람가,12070.660263431348,2021,7,해외,58.27505827505828
포에버 퍼스트 러브,장편,호주,19,10639350,1716,6644940,1080,멜로/로맨스,15세이상관람가,14939.969668885333,2021,12,해외,62.93706293706294
메타모르포제의 툇마루,장편,일본,39,16247800,1714,9447050,1003,기타,12세이상관람가,22842.080105720433,2023,7,해외,58.51808634772462
그녀들을 도와줘,장편,미국,20,13862500,1712,9722200,1145,코미디,15세이상관람가,19511.457043125774,2019,7,해외,66.88084112149532
토막살인범의 고백,장편,독일,60,13523000,1712,6906340,807,드라마,청소년관람불가,19033.611079833354,2019,10,해외,47.137850467289724
트랜스머신: 만테라,장편,말레이시아,20,8370000,1711,2600000,520,SF,12세이상관람가,11787.653243012965,2014,7,해외,30.391583869082407
가족의 색깔,장편,일본,20,13454070,1710,9730870,1255,드라마,전체관람가,18958.740224054112,2021,10,해외,73.39181286549707
기동전사 건담: 섬광의 하사웨이,장편,일본,12,19228100,1710,9693500,844,애니메이션,15세이상관람가,27095.187768618332,2026,4,해외,49.35672514619883
딱따구리와 비,장편,일본,9,12382000,1703,9888000,1284,드라마,전체관람가,17519.75606477584,2012,5,해외,75.39635936582502
엄마와 나 그리고 나의 커밍아웃,장편,프랑스,15,13247500,1701,9605000,1186,코미디,15세이상관람가,18766.423719569637,2014,6,해외,69.72369194591417
엘리자벳과 나,장편,독일,23,15659144,1700,11330294,1199,드라마,15세이상관람가,22195.810063784553,2023,12,해외,70.52941176470588
아이 엠 낫 유어 니그로,장편,프랑스,16,12478700,1696,8169000,979,다큐멘터리,15세이상관람가,17729.455558081383,2018,2,해외,57.72405660377359
네 멋대로 해라: 장 뤽 고다르,장편,프랑스,93,13829600,1690,8029660,978,코미디,15세이상관람가,19718.542810294435,2020,3,해외,57.8698224852071
너와 극장에서,옴니버스,한국,16,11880600,1689,9018000,1219,드라마,12세이상관람가,16949.645830212503,2018,6,국내,72.17288336293664
국경의 왕,장편,한국,5,11978500,1688,9525000,1261,드라마,15세이상관람가,17099.440415691202,2019,2,국내,74.70379146919431
그때 거기 있었습니까?,장편,루마니아,1,11277000,1687,10938000,1608,드라마,12세이상관람가,16107.583862420639,2008,1,해외,95.31713100177831
블랙 워터: 어비스,장편,호주,56,14254975,1687,3656200,351,액션,15세이상관람가,20361.19582062691,2023,6,해외,20.80616478956728
"컴, 투게더",장편,한국,16,13118200,1687,7984400,960,드라마,15세이상관람가,18737.475093021763,2017,5,국내,56.90574985180794
"[마이 아티 필름] 루시: 개화, 히어로 그리고 낙화",장편,한국,1,20216000,1687,20216000,1687,판타지,전체관람가,28875.668649702548,2024,8,국내,100.0
봉명주공,장편,한국,24,15192600,1684,9580400,1071,다큐멘터리,전체관람가,21739.11799215866,2022,5,국내,63.59857482185273
이 세상의 한구석에,장편,일본,25,13338500,1682,11448500,1428,애니메이션,12세이상관람가,19108.777559703736,2017,11,해외,84.89892984542212
프리즈너,장편,한국,49,13642360,1681,4075480,490,액션,15세이상관람가,19555.71482837955,2020,7,국내,29.14931588340274
[마이 아티 필름] 보이넥스트도어 : 부모님 관람 불가,장편,한국,1,20128000,1679,20128000,1679,드라마,전체관람가,28886.959392064986,2024,9,국내,100.0
울림의 탄생,장편,한국,7,12174900,1677,2486900,257,다큐멘터리,전체관람가,17493.80347867319,2021,10,국내,15.324985092426951
펫,장편,미국,45,13078000,1676,7453000,911,스릴러,청소년관람불가,18802.65692842971,2016,11,해외,54.35560859188544
10 아이템 오어 레스,장편,미국,13,8207000,1676,1425000,227,코미디,15세이상관람가,11799.465163757655,2013,6,해외,13.544152744630072
사울 레이터: 인 노 그레이트 허리,장편,헝가리,14,14857500,1675,11511500,1235,다큐멘터리,전체관람가,21373.85362344902,2021,12,해외,73.73134328358208
오버드라이브,장편,프랑스,62,12853100,1675,5054100,643,액션,15세이상관람가,18490.343463405865,2017,12,해외,38.38805970149254
부산포니아,장편,한국,45,15588600,1674,6737100,718,드라마,12세이상관람가,22439.00332512847,2025,10,국내,42.89127837514934
키사라기 미키짱,장편,일본,7,12004983,1672,7835500,1030,코미디,12세이상관람가,17301.23796621894,2010,2,해외,61.602870813397125
진주의 진주,장편,한국,26,13606500,1671,6329400,669,드라마,12세이상관람가,19621.033505656378,2024,7,국내,40.035906642728904
히든,장편,한국,51,12574990,1671,4299900,564,액션,15세이상관람가,18133.56117468077,2022,5,국내,33.75224416517056
보드랍게,장편,한국,20,13789300,1670,8475500,969,다큐멘터리,전체관람가,19896.54426087584,2022,2,국내,58.02395209580838
크리스마스 별장,장편,미국,9,10430500,1670,7209500,1143,가족,전체관람가,15050.140682490442,2008,12,해외,68.44311377245509
신의 손,장편,미국,42,16571700,1669,10887200,1032,드라마,청소년관람불가,23925.588513430597,2021,12,해외,61.83343319352906
스노우맨,장편,미국,3,12746200,1668,12746200,1668,범죄,청소년관람불가,18413.510155730837,2017,12,해외,100.0
걸즈 앤 판처 제​ 63회 전차도 전국 고교생 대회,장편,일본,11,15465500,1667,10414500,1102,애니메이션,12세이상관람가,22355.287978548873,2020,4,해외,66.10677864427115
김일성의 아이들,장편,한국,13,13076500,1667,9519500,1233,다큐멘터리,전체관람가,18902.002731983725,2020,6,국내,73.96520695860828
와인스타인,장편,미국,47,13054500,1667,9288440,1143,다큐멘터리,15세이상관람가,18870.20186324181,2019,9,해외,68.56628674265147
설마 그럴리가 없어,장편,한국,6,13150400,1664,12169400,1468,드라마,12세이상관람가,19043.09545875811,2012,6,국내,88.22115384615384
얼굴없는 보스: 못다한 이야기 감독판,장편,한국,50,12157200,1662,2287840,332,범죄,15세이상관람가,17626.027576008004,2020,5,국내,19.975932611311674
숫호구,장편,한국,14,13006500,1660,8744000,1085,코미디,청소년관람불가,18880.098708085356,2014,8,국내,65.36144578313254
레인보우: 나의 사랑,장편,이탈리아,20,12440350,1656,7103950,819,멜로/로맨스,12세이상관람가,18101.900355043363,2019,1,해외,49.45652173913043
009 사이보그,장편,일본,26,13154500,1656,9494000,1116,애니메이션,12세이상관람가,19141.056981549387,2013,5,해외,67.3913043478261
수운잡방,장편,한국,11,21709300,1655,19211600,1425,드라마,12세이상관람가,31608.19713900921,2023,12,국내,86.10271903323263
지옥이 뭐가 나빠,장편,일본,12,10889969,1654,8681969,1331,액션,청소년관람불가,15865.108317186523,2014,11,해외,80.47158403869408
포제서,장편,캐나다,80,15118280,1654,7443910,819,스릴러,청소년관람불가,22025.145321309425,2021,3,해외,49.51632406287787
광대를 위한 슬픈 발라드,장편,스페인,8,11415000,1653,6662000,867,공포(호러),청소년관람불가,16640.06297421993,2012,8,해외,52.45009074410163
그림자 고백,장편,한국,7,16877200,1653,16612700,1627,드라마,15세이상관람가,24602.511680114287,2023,11,국내,98.42710223835451
한강블루스,장편,한국,18,13844100,1652,9856300,1106,드라마,12세이상관람가,20193.267014790395,2016,9,국내,66.94915254237289
사랑의 유효기간은 3년,장편,프랑스,12,11741500,1646,8913000,1228,코미디,청소년관람불가,17188.80381794493,2014,2,해외,74.60510328068044
이윽고 바다에 닿다,장편,일본,19,15349135,1642,11594279,1206,드라마,12세이상관람가,22524.888836711034,2023,6,해외,73.44701583434835
시체 전문 처리반 - 스머글러,장편,일본,6,11507000,1641,11507000,1641,스릴러,청소년관람불가,16896.837808271477,2013,9,해외,100.0
일본패망하루전,장편,일본,7,11980000,1640,8759000,1204,드라마,12세이상관람가,17602.115780193948,2016,8,해외,73.41463414634146
나는 마을 방과후 교사입니다,장편,한국,23,14912599,1639,11102599,1121,다큐멘터리,전체관람가,21924.327940192743,2023,1,국내,68.39536302623551
원피스 : 에피소드 오브 나미 ~항해사의 눈물과 동료의 인연~,장편,일본,33,12319500,1639,4277500,561,애니메이션,15세이상관람가,18111.984239581878,2014,11,해외,34.22818791946309
처음 꽃향기를 만난 순간,장편,대만,32,16952395,1637,12023895,1137,드라마,15세이상관람가,24953.66192933003,2023,1,해외,69.45632254123396
타이치2 히어로,장편,중국,21,7738000,1635,1600000,320,액션,12세이상관람가,11404.14870491139,2014,7,해외,19.571865443425075
현재를 위하여,장편,한국,28,15854750,1635,13549450,1361,드라마,15세이상관람가,23366.493496923475,2026,6,국내,83.24159021406727
"두 번째 여름, 두 번 다시 만날 수 없는 너",장편,일본,31,14298850,1629,11918750,1334,멜로/로맨스,전체관람가,21151.049871678242,2019,1,해외,81.89073050951504
언힐러,장편,미국,19,10008800,1627,5809300,945,SF,15세이상관람가,14823.349945572087,2021,12,해외,58.08236017209588
간츠: 오,장편,일본,47,12687500,1625,6523000,815,애니메이션,청소년관람불가,18813.71640407785,2017,5,해외,50.153846153846146
왼팔의복서 닉,장편,미국,18,9885750,1624,6355840,1045,드라마,15세이상관람가,14668.155380141256,2021,12,해외,64.34729064039408
코끼리는 그곳에 있어,장편,중국,12,20636400,1618,16912700,1158,드라마,12세이상관람가,30733.167527961043,2019,11,해외,71.56983930778739
들개들,장편,한국,7,9795500,1617,3301000,485,스릴러,청소년관람불가,14597.164166871567,2014,1,국내,29.993815708101423
기도하는 남자,장편,한국,34,13444920,1616,9145200,1067,드라마,15세이상관람가,20047.894548490996,2020,2,국내,66.02722772277228
스트레인저 인사이드,장편,덴마크,5,8705000,1612,8705000,1612,스릴러,청소년관람불가,13012.347155370864,2013,9,해외,100.0
필름시대사랑,장편,한국,19,12686000,1611,10114000,1213,드라마,15세이상관람가,18974.968776409176,2015,10,국내,75.29484792054625
로우,장편,미국,1,14016000,1610,11307500,1286,스릴러,청소년관람불가,20977.325450871813,2017,8,해외,79.87577639751552
소년감독,장편,한국,1,9048000,1608,2023000,374,가족,전체관람가,13558.712461787449,2008,10,국내,23.258706467661693
실버맨,장편,한국,10,9213600,1608,5331100,999,드라마,12세이상관람가,13806.869268117245,2023,6,국내,62.126865671641795
[마이 아티 필름] 온앤오프 : 뷰티풀 뷰티풀,장편,한국,1,19276000,1608,19276000,1608,드라마,전체관람가,28885.69202181862,2024,8,국내,100.0
좋아서 만든 영화,장편,한국,5,11573168,1607,9008600,1184,다큐멘터리,전체관람가,17353.54810655191,2009,12,국내,73.67766023646546
누나,장편,한국,14,11874200,1603,6367200,830,드라마,15세이상관람가,17849.363768235762,2013,1,국내,51.77791640673737
청포도 사탕: 17년 전의 약속,장편,한국,20,11294500,1600,6598500,912,드라마,15세이상관람가,17009.789156626506,2012,9,국내,56.99999999999999
홈프론트-하드액션,장편,미국,43,11016000,1598,8354000,1240,액션,청소년관람불가,16611.125352473726,2014,6,해외,77.59699624530664
리볼버,장편,영국,67,15564500,1597,7310500,764,범죄,15세이상관람가,23484.545571138657,2022,8,해외,47.83969943644333
나의 그리스식 웨딩 3,장편,미국,7,14346412,1595,11714512,1299,코미디,12세이상관람가,21673.772708388413,2023,9,해외,81.44200626959248
베이타운 디스코,장편,미국,5,8063000,1593,8063000,1593,액션,청소년관람불가,12196.43167774677,2013,9,해외,100.0
악의교전,장편,일본,21,11340500,1592,5962000,805,스릴러,청소년관람불가,17164.89071865351,2013,8,해외,50.56532663316583
가을 소나타,장편,스웨덴,1,12617000,1589,12617000,1589,드라마,12세이상관람가,19133.045713375846,2012,3,해외,100.0
평일 오후 3시의 연인,장편,일본,20,14010980,1589,9696380,1022,드라마,15세이상관람가,21246.94624944081,2019,6,해외,64.31718061674009
히어로,장편,한국,2,13661494,1589,13447000,1564,드라마,15세이상관람가,20716.96831378377,2010,11,국내,98.42668344870988
히든서스펙트,장편,미국,5,11079000,1584,11079000,1584,범죄,청소년관람불가,16853.778751369115,2013,5,해외,100.0
원피스 : 에피소드 오브 루피 ~핸드 아일랜드의 모험~,장편,일본,17,11342500,1581,4638000,634,애니메이션,15세이상관람가,17287.36578191323,2014,12,해외,40.10120177103099
캅카,장편,미국,20,8838000,1581,3354000,622,스릴러,15세이상관람가,13470.199583914406,2015,12,해외,39.34218848829855
구마수녀 - 들러붙었구나,장편,한국,38,14727700,1580,6684500,710,공포(호러),15세이상관람가,22461.034009455543,2025,7,국내,44.936708860759495
우리는 그곳에 있었다,장편,한국,5,11396000,1574,10102000,1357,다큐멘터리,전체관람가,17446.150548828096,2013,7,국내,86.21346886912326
파라다이스 키스,장편,일본,5,11012000,1572,11012000,1572,드라마,15세이상관람가,16879.73267114259,2013,6,해외,100.0
네버다이 버터플라이,장편,한국,16,11002000,1571,7411000,1004,드라마,15세이상관람가,16875.139002860586,2013,10,국내,63.90833863781032
다이빙: 그녀에 빠지다,장편,프랑스,12,11763350,1571,7196450,817,멜로/로맨스,15세이상관람가,18042.916414224692,2018,11,해외,52.005092297899424
코드네임 : 콜드워,장편,홍콩,56,11813500,1570,4411500,582,범죄,15세이상관람가,18131.379019261763,2016,10,해외,37.07006369426751
10년,장편,일본,16,14203700,1570,12491300,1349,드라마,전체관람가,21799.861867853582,2019,12,해외,85.92356687898089
전야,장편,한국,55,13493800,1568,6317300,787,액션,청소년관람불가,20736.722399803297,2021,6,국내,50.191326530612244
아브릴과 조작된 세계,장편,프랑스,10,11760500,1567,9687000,1257,애니메이션,12세이상관람가,18084.591076494875,2016,12,해외,80.21697511167837
위대한 부재,장편,일본,28,15021500,1567,11084700,1140,드라마,15세이상관람가,23099.161162838976,2024,11,해외,72.75047862156988
북샵,장편,스페인,9,11634000,1566,6388000,767,드라마,전체관람가,17901.491021557496,2021,6,해외,48.97828863346105
하로동선,장편,한국,23,12600400,1565,3239500,330,드라마,15세이상관람가,19400.900727510685,2022,3,국내,21.08626198083067
무용,장편,중국,2,10778500,1564,9063500,1256,다큐멘터리,12세이상관람가,16606.3229901704,2008,5,해외,80.30690537084399
분노의 추격자,장편,미국,85,14473299,1564,6968000,719,액션,15세이상관람가,22298.861430376237,2022,11,해외,45.971867007672635
이월,장편,한국,19,11538180,1560,7457080,893,드라마,15세이상관람가,17822.335495829473,2019,1,국내,57.24358974358974
옴 샨티 옴,장편,인도,12,11958000,1558,7180500,879,멜로/로맨스,15세이상관람가,18494.517221646536,2013,2,해외,56.41848523748395
시간의 숲,장편,한국,5,12000000,1556,9578000,1206,다큐멘터리,12세이상관람가,18583.330752315174,2012,4,국내,77.50642673521851
나의 집은 어디인가,장편,기타,34,14499040,1553,10020040,1017,다큐멘터리,12세이상관람가,22496.74551392951,2022,4,해외,65.48615582743078
테러라인,장편,미국,5,8043000,1553,6559000,1257,스릴러,15세이상관람가,12479.538243120582,2013,10,해외,80.94011590470058
넘버스 스테이션,장편,미국,6,10894000,1551,10894000,1551,스릴러,15세이상관람가,16924.953197703777,2013,6,해외,100.0
당신은 나의 베스트셀러,장편,프랑스,2,10595000,1549,10128000,1463,코미디,15세이상관람가,16481.67881338135,2008,3,해외,94.44803098773403
맘&대드,장편,미국,52,12272600,1549,5059800,603,공포(호러),15세이상관람가,19091.36870269976,2018,7,해외,38.92834086507424
모르는 이야기,장편,한국,24,15019400,1547,12617600,1217,판타지,12세이상관람가,23394.521849518307,2024,4,국내,78.66839043309632
퀸 엘리자베스,장편,영국,20,11372839,1547,7328339,908,다큐멘터리,전체관람가,17714.564528313644,2024,6,해외,58.69424692954105
터질거야,장편,덴마크,5,9519000,1547,5754500,840,코미디,15세이상관람가,14826.987328759122,2008,2,해외,54.29864253393665
굿바이 버클리,장편,미국,16,11534700,1546,8146500,982,드라마,15세이상관람가,17978.303901245345,2016,3,해외,63.518758085381634
비밀의 아코짱,장편,일본,7,7764000,1546,6289000,1251,멜로/로맨스,12세이상관람가,12101.186115743698,2013,10,해외,80.91849935316947
왕자가 된 소녀들,장편,한국,2,9312200,1546,8412200,1372,다큐멘터리,전체관람가,14514.253651085586,2013,4,국내,88.745148771022
도노반스 에코,장편,캐나다,5,7988000,1544,5628000,1072,드라마,12세이상관람가,12466.446095261877,2014,1,해외,69.43005181347151
아담,장편,모로코,29,11523200,1543,6909300,857,드라마,12세이상관람가,17995.299408912382,2021,8,해외,55.54115359688918
천국은 없다,장편,한국,39,14944800,1540,9586400,920,액션,청소년관람불가,23384.13393835081,2025,6,국내,59.74025974025974
건,장편,미국,5,7697000,1539,4667000,933,액션,청소년관람불가,12051.324205202878,2013,12,해외,60.62378167641326
유오성의 7인의 암살단,장편,중국,20,7471000,1537,1600000,320,액션,15세이상관람가,11712.693323717775,2014,7,해외,20.819778789850357
리틀 이태리,장편,캐나다,11,11543800,1536,9619200,1270,코미디,15세이상관람가,18109.626004016067,2018,12,해외,82.68229166666666
살인재능,장편,한국,14,11311000,1536,7362500,1000,스릴러,청소년관람불가,17744.415160642573,2015,7,국내,65.10416666666666
에비던스,장편,미국,5,7664000,1532,5464000,1092,공포(호러),청소년관람불가,12054.484255560099,2013,12,해외,71.27937336814621
사일런트 나잇,장편,미국,65,13712100,1531,5583700,614,액션,청소년관람불가,21581.45318045533,2024,7,해외,40.104506858262575
타임코드 57,장편,미국,47,12162551,1531,5820778,735,SF,12세이상관람가,19142.620383559057,2023,11,해외,48.00783801436969
내가 누워있을 때,장편,한국,25,14215600,1527,11040500,1121,드라마,12세이상관람가,22432.519863343357,2025,5,국내,73.41191879502293
비행사의 아내,장편,프랑스,10,16042900,1527,10963100,1036,기타,12세이상관람가,25316.03821967635,2024,5,해외,67.84544859201048
아들들,장편,덴마크,38,13871300,1526,9011900,942,드라마,15세이상관람가,21903.551295614965,2024,12,해외,61.730013106159895
프레젠스,장편,미국,35,15020900,1525,8328400,812,공포(호러),15세이상관람가,23734.38672723682,2026,2,해외,53.24590163934426
싸커 퀸즈,장편,프랑스,57,11932580,1524,8375740,1075,코미디,12세이상관람가,18866.932296113588,2020,5,해외,70.53805774278216
플라워 쇼,장편,아일랜드,15,10720400,1524,2739000,347,드라마,12세이상관람가,16950.32096891503,2016,10,해외,22.769028871391075
클림트와 쉴레. 에로스와 프시케,장편,이탈리아,12,10889700,1521,3512700,421,다큐멘터리,15세이상관람가,17251.966445664315,2025,9,해외,27.679158448389217
로봇G,장편,일본,9,9948400,1520,8713400,1299,코미디,전체관람가,15771.084337349399,2013,6,해외,85.46052631578948
스왈로우,장편,미국,10,11980000,1520,7486000,951,미스터리,15세이상관람가,18991.756499682942,2020,7,해외,62.565789473684205
토토리! 우리 둘만의 여름,장편,노르웨이,63,14000080,1519,9320920,970,어드벤처,전체관람가,22208.77717585285,2021,5,해외,63.85780118499012
반딧불 언덕에서,장편,일본,14,9519500,1516,1069000,142,애니메이션,전체관람가,15130.972438566934,2012,11,해외,9.366754617414248
디 엔드: 인류 최후의 날,장편,스페인,5,10605000,1515,10605000,1515,스릴러,15세이상관람가,16867.469879518074,2013,3,해외,100.0
디텍티브 나이트: 가면의 밤,장편,미국,51,13000596,1515,3795400,389,범죄,15세이상관람가,20677.714422044617,2023,2,해외,25.676567656765677
울산의 별,장편,한국,21,12960388,1514,9996600,1133,드라마,15세이상관람가,20627.378205026183,2024,1,국내,74.83487450462351
김정일리아,장편,미국,7,10618000,1513,8876000,1256,다큐멘터리,전체관람가,16910.470699718902,2011,6,해외,83.01387970918704
실종2,장편,한국,29,11252500,1513,7880500,1036,스릴러,청소년관람불가,17920.989974438402,2017,11,국내,68.47323198942499
오피서 다운,장편,미국,6,7599000,1513,6434000,1280,범죄,청소년관람불가,12102.341952077975,2013,12,해외,84.60013218770655
이소룡-들,장편,미국,31,15920400,1513,11297600,1049,다큐멘터리,15세이상관람가,25355.194737973707,2024,6,해외,69.33245208195638
"나의 딸, 나의 누나",장편,프랑스,34,11449000,1511,8117000,1048,드라마,15세이상관람가,18258.075319145544,2017,3,해외,69.35804103242886
블라인드 디텍티브,장편,홍콩,5,9146000,1510,5468000,897,드라마,15세이상관람가,14595.069017793028,2014,1,해외,59.40397350993377
K 미싱 킹즈,장편,일본,12,11637000,1509,7571000,927,애니메이션,12세이상관람가,18582.481017509403,2015,4,해외,61.431411530815105
엔하이픈 : 이머전 인 시네마,장편,한국,17,21098000,1507,14098000,1007,기타,전체관람가,33734.93975903615,2026,4,국내,66.821499668215
카메라를 멈추면 안 돼! 프랑스에서도,장편,프랑스,44,14312697,1506,10207799,1064,코미디,15세이상관람가,22900.681610905773,2023,2,해외,70.6507304116866
효자,장편,한국,16,9057300,1506,6017000,962,코미디,15세이상관람가,14491.91187058993,2022,1,국내,63.87782204515272
미쓰 마마,장편,한국,15,11040500,1504,9638500,1283,다큐멘터리,15세이상관람가,17688.573442707,2012,10,국내,85.30585106382979
길,장편,한국,9,10611600,1503,7553600,1040,다큐멘터리,전체관람가,17012.721544862085,2008,11,국내,69.19494344644045
루팡 3세: 칼리오스트로의 성,장편,일본,57,11288000,1503,5482500,701,애니메이션,12세이상관람가,18097.139055222888,2017,5,해외,46.64005322687957
핸썸,장편,한국,37,12043500,1503,6473300,741,코미디,12세이상관람가,19308.371209388453,2022,7,국내,49.30139720558882
대상해,장편,중국,2,9000000,1500,9000000,1500,액션,청소년관람불가,14457.831325301206,2013,4,해외,100.0
무민가족의 한여름 대소동,장편,핀란드,5,7500000,1500,7500000,1500,애니메이션,전체관람가,12048.192771084337,2013,6,해외,100.0
그럼에도 불구하고,장편,한국,5,9113400,1498,1206000,164,다큐멘터리,12세이상관람가,14659.546061415222,2017,8,국내,10.947930574098798
해피엔딩 네버엔딩,장편,프랑스,5,11815000,1498,10416000,1268,코미디,12세이상관람가,19005.260025415413,2014,2,해외,84.64619492656877
대한민국은 국민이 합니다,장편,한국,60,15984600,1495,10013900,850,다큐멘터리,12세이상관람가,25763.95212958859,2026,1,국내,56.85618729096989
로니를 찾아서,장편,한국,6,10072615,1495,6749000,924,드라마,15세이상관람가,16235.024378450258,2009,6,국내,61.80602006688963
머펫 대소동,장편,미국,1,12375000,1495,12375000,1495,코미디,전체관람가,19946.004754805173,2012,5,해외,100.0
스푸트닉,장편,러시아,83,12460640,1492,3164120,367,SF,15세이상관람가,20124.42262346975,2021,2,해외,24.597855227882036
수상한 이웃들,장편,한국,16,10946500,1491,4414500,581,드라마,15세이상관람가,17690.884261391642,2011,4,국내,38.967136150234744
오늘도 평화로운,장편,한국,29,11752060,1491,6271960,728,액션,15세이상관람가,18992.767852092475,2019,4,국내,48.82629107981221
축복의 집,장편,한국,17,9974750,1491,6055750,807,가족,12세이상관람가,16120.417282813347,2022,2,국내,54.12474849094567
나는 예수님이 싫다,장편,일본,22,12565780,1489,10104980,1107,드라마,전체관람가,20335.11615299344,2019,8,해외,74.34519811954333
재혼의 기술,장편,한국,26,12527300,1489,8952300,1014,멜로/로맨스,12세이상관람가,20272.844231189363,2019,10,국내,68.09939556749495
충격과 공포,장편,미국,78,11359200,1489,5067950,649,드라마,12세이상관람가,18382.51596041655,2018,9,해외,43.58629952988583
흔들리는 물결,장편,한국,16,10556000,1489,8286000,1152,멜로/로맨스,12세이상관람가,17082.70287327955,2016,10,국내,77.367360644728
버텨내고 존재하기,장편,한국,28,15141914,1487,8993814,785,다큐멘터리,전체관람가,24537.013960347107,2023,11,국내,52.790854068594484
히트맨 NO.2 : 살인면허,장편,영국,21,8511000,1485,2381000,374,스릴러,청소년관람불가,13810.393087501523,2014,5,해외,25.185185185185183
마치다군의 세계,장편,일본,44,14124170,1483,10592800,1076,멜로/로맨스,전체관람가,22949.524327925323,2020,11,해외,72.55563047875927
붉은 사막,장편,이탈리아,18,11624255,1482,7162455,798,드라마,15세이상관람가,18900.30567614588,2023,7,해외,53.84615384615385
프레데터: 죽음의 땅,장편,미국,953,14528400,1482,4532700,441,SF,15세이상관람가,23622.262328666897,2025,11,해외,29.75708502024291
파리의 별빛 아래,장편,프랑스,34,12838350,1480,9361550,1016,드라마,전체관람가,20902.556170628457,2021,5,해외,68.64864864864865
들개,장편,한국,3,11853700,1479,10656700,1250,범죄,청소년관람불가,19312.46283307673,2014,4,국내,84.51656524678836
자기만의 방,장편,한국,27,16496300,1478,9724000,889,가족,12세이상관람가,26894.5334789768,2024,11,국내,60.148849797023004
포스 오브 네이쳐,장편,미국,46,10180160,1478,5650280,871,액션,15세이상관람가,16597.09473890148,2020,7,해외,58.93098782138024
겨울밤에,장편,한국,49,12423970,1477,7925570,879,드라마,12세이상관람가,20268.975699684317,2020,12,국내,59.51252538930264
마담 B,장편,한국,19,9934200,1477,5456000,678,다큐멘터리,12세이상관람가,16207.062508667032,2018,11,국내,45.903859174001354
어브로드,장편,한국,39,13453100,1475,8338400,816,미스터리,15세이상관람가,21977.700633040637,2025,6,국내,55.32203389830509
20세기 소년-제2장: 마지막 희망,장편,일본,11,10403942,1470,7784000,1058,SF,15세이상관람가,17054.244734038195,2009,12,해외,71.97278911564626
두 개의 연애,장편,한국,16,13282500,1466,12111000,1299,멜로/로맨스,15세이상관람가,21832.212889758215,2016,4,국내,88.60845839017736
슈퍼스타,장편,한국,18,10413400,1463,7802400,1060,코미디,15세이상관람가,17151.42181851123,2012,6,국내,72.45386192754614
우리집 똥멍청이,장편,프랑스,79,11983600,1459,3265200,396,코미디,15세이상관람가,19791.73720240799,2020,7,해외,27.141877998629198
소녀의 세계,장편,한국,14,10440000,1458,9419800,1209,멜로/로맨스,12세이상관람가,17254.201993157818,2018,11,국내,82.92181069958848
명령불복종 교사,장편,한국,10,9686000,1455,3960000,583,다큐멘터리,전체관람가,16041.071502504865,2015,5,국내,40.06872852233677
양자탄비,장편,중국,29,10231000,1454,3288500,448,액션,15세이상관람가,16955.304022140834,2012,3,해외,30.81155433287483
다함께 여름!,장편,프랑스,27,13679940,1453,10708040,1076,코미디,12세이상관람가,22686.655776581898,2021,10,해외,74.05368203716449
5쿼터,장편,미국,19,10233500,1450,5722500,770,드라마,전체관람가,17006.231823847113,2012,8,해외,53.103448275862064
주윤발의 도성풍운,장편,홍콩,19,7927000,1449,1278000,213,액션,15세이상관람가,13182.335969135342,2014,3,해외,14.699792960662524
스롤란 마이러브,장편,독일,11,10671500,1448,7497500,954,멜로/로맨스,15세이상관람가,17758.60347467217,2012,2,해외,65.88397790055248
폭력의 씨앗,장편,한국,28,10254300,1448,6395700,786,드라마,15세이상관람가,17064.334686813552,2017,11,국내,54.28176795580111
파리 36의 기적,장편,프랑스,4,11473000,1447,10829500,1335,드라마,15세이상관람가,19105.58613167251,2011,2,해외,92.25984796129923
세인트 세이야: 더 비기닝,장편,일본,48,8842606,1443,5350926,911,액션,12세이상관람가,14766.101411884545,2023,5,해외,63.13236313236313
도뷔시,장편,우크라이나,9,13702800,1442,8168000,884,액션,15세이상관람가,22897.916214093548,2024,5,해외,61.30374479889043
"서툴지만, 사랑",장편,일본,11,12453000,1442,9243000,1047,멜로/로맨스,전체관람가,20809.45139782431,2015,12,해외,72.60748959778086
노후 대책 없다,장편,한국,18,9751500,1438,6617000,948,다큐멘터리,15세이상관람가,16340.466176248807,2017,6,국내,65.92489568845619
언더그라운드,장편,한국,19,12417300,1438,8460800,915,다큐멘터리,12세이상관람가,20807.513782529284,2021,8,국내,63.63004172461753
왠 유어 스트레인지,장편,미국,2,10736748,1438,10032000,1298,다큐멘터리,15세이상관람가,17991.43388575163,2010,12,해외,90.26425591098747
기억의 조각,장편,한국,14,11799500,1435,8591700,1023,드라마,12세이상관람가,19813.60984005709,2025,5,국내,71.28919860627178
도그,장편,미국,49,14498100,1435,4774400,479,코미디,12세이상관람가,24345.073674488896,2022,10,해외,33.379790940766554
푸드 몬스터,장편,중국,62,11742860,1434,1637000,159,애니메이션,전체관람가,19732.251180454037,2021,5,해외,11.08786610878661
아이 빌리브,장편,미국,75,11757600,1433,5082500,607,드라마,전체관람가,19770.80688420115,2020,11,해외,42.35868806699232
수퍼 디스코,장편,한국,17,12087460,1429,11310460,1332,다큐멘터리,12세이상관람가,20382.37203537734,2019,11,국내,93.21203638908328
"폴킴, 친애하는 당신께",장편,한국,27,28578500,1429,21999500,1100,다큐멘터리,전체관람가,48190.24172266392,2025,5,국내,76.97690692792163
400번의 구타,장편,프랑스,7,8721800,1427,6661200,1071,드라마,"15세이상관람가,전체관람가",14727.670316866626,2016,4,해외,75.05255781359496
킬러들의 비행,장편,미국,28,12887800,1426,6609600,618,액션,청소년관람불가,21777.65761503236,2025,9,해외,43.338008415147264
티치아노. 색채의 제국,장편,이탈리아,16,11139900,1424,6011900,661,다큐멘터리,12세이상관람가,18850.51441721944,2024,9,해외,46.418539325842694
뮤직 앤 리얼리티,장편,한국,38,12381390,1422,8586620,954,드라마,12세이상관람가,20980.783895073968,2020,12,국내,67.08860759493672
에스퍼의 빛,장편,한국,20,14669000,1422,12002100,1122,다큐멘터리,12세이상관람가,24857.234846559233,2025,11,국내,78.90295358649789
엘리스 헤지나,장편,브라질,13,10440000,1422,7667500,980,드라마,15세이상관람가,17691.01723349093,2017,12,해외,68.91701828410689
죽지않아,장편,한국,9,10231700,1422,8769700,1209,스릴러,청소년관람불가,17338.044159761408,2013,8,국내,85.0210970464135
배드 블러드,장편,홍콩,5,7100000,1420,7100000,1420,액션,청소년관람불가,12048.192771084337,2013,4,해외,100.0
블랙 사이트,장편,호주,96,14120699,1420,5016400,487,액션,15세이상관람가,23961.81741048702,2022,11,해외,34.29577464788732
대디오,장편,미국,45,13030300,1419,5792400,614,드라마,15세이상관람가,22127.07065046656,2026,1,해외,43.26990838618745
호흡,장편,한국,22,10661160,1418,8283460,972,드라마,15세이상관람가,18116.74341937567,2019,12,국내,68.5472496473907
#위왓치유,장편,기타,38,12625450,1417,8340950,919,다큐멘터리,청소년관람불가,21469.845507648097,2021,6,해외,64.85532815808045
오늘도 위위,장편,한국,40,11681460,1416,8317280,953,드라마,전체관람가,19878.599142332045,2019,10,국내,67.30225988700565
정브르의 동물일기,장편,한국,51,9597000,1416,2757000,411,다큐멘터리,전체관람가,16331.427404533388,2021,2,국내,29.02542372881356
로망스,장편,한국,16,12030900,1414,8929700,941,코미디,12세이상관람가,20502.20684719074,2025,2,국내,66.54879773691655
에드워드,장편,캐나다,22,10290200,1414,6297000,803,드라마,15세이상관람가,17535.829314428862,2017,12,해외,56.78925035360679
파일 : 4022일의 사육,장편,한국,20,9090000,1414,3164000,461,미스터리,청소년관람불가,15490.53356282272,2015,12,국내,32.6025459688826
덫: 치명적인 유혹,장편,한국,19,8462000,1413,4605000,648,스릴러,청소년관람불가,14430.545963045388,2015,9,국내,45.85987261146497
나는 증인이다,장편,한국,2,7113800,1407,6870000,1369,미스터리,15세이상관람가,12183.146230979355,2016,9,국내,97.29921819474058
어웨이,장편,기타,19,12334400,1407,6515900,743,애니메이션,전체관람가,21123.98420976015,2021,8,해외,52.807391613361766
늑대들,장편,한국,29,10136160,1404,6210560,814,액션,청소년관람불가,17396.354649366698,2022,4,국내,57.97720797720798
제프 쿤스. 그 은밀한 초상,장편,이탈리아,20,10664700,1404,4486300,523,다큐멘터리,12세이상관람가,18303.470291422098,2024,7,해외,37.250712250712255
딜쿠샤,장편,한국,8,10486400,1403,9301000,1185,다큐멘터리,12세이상관람가,18010.287765459558,2016,11,국내,84.46186742694228
진링의 13소녀,장편,중국,6,10261000,1403,7854000,1013,전쟁,청소년관람불가,17623.165505929635,2013,11,해외,72.2024233784747
마지막 야구 경기,장편,미국,26,12935000,1402,7869550,787,드라마,15세이상관람가,22231.579671037933,2026,4,해외,56.13409415121255
친애하는 우리 아이,장편,일본,24,10286500,1402,5052400,604,드라마,15세이상관람가,17679.56275888146,2018,11,해외,43.081312410841655
트러블 메이커,장편,미국,6,7470000,1402,2800000,700,스릴러,청소년관람불가,12838.80171184023,2014,1,해외,49.928673323823105
비밀의 화원,장편,한국,11,8051000,1401,3605500,804,드라마,12세이상관람가,13847.251962883656,2025,7,국내,57.38758029978587
신검전설,장편,중국,8,7000000,1400,7000000,1400,액션,15세이상관람가,12048.192771084337,2013,7,해외,100.0
애월,장편,한국,20,11757360,1400,9024760,974,멜로/로맨스,12세이상관람가,20236.419965576595,2019,9,국내,69.57142857142857
마드모아젤 C,장편,프랑스,6,8617000,1399,7832000,1296,다큐멘터리,전체관람가,14841.926677402966,2014,1,해외,92.63759828448892
스카이와 친구들: 로보시티의 비밀,장편,기타,83,10765680,1394,1259700,145,애니메이션,전체관람가,18609.32395291352,2020,12,해외,10.401721664275467
투 브라더스,장편,한국,7,14136000,1394,10033300,988,다큐멘터리,15세이상관람가,24435.18694577449,2025,1,국내,70.8751793400287
레바논 감정,장편,한국,14,10176400,1393,6614400,818,스릴러,청소년관람불가,17603.335091983154,2014,2,국내,58.72218234027279
브레인 온 파이어,장편,영국,36,10660000,1392,5821500,750,드라마,12세이상관람가,18453.122836172275,2017,12,해외,53.879310344827594
스톰 보이,장편,호주,44,12977896,1392,6071496,566,가족,전체관람가,22465.544938374187,2023,2,해외,40.660919540229884
뱅퀴시,장편,미국,48,7004900,1389,2404900,469,액션,15세이상관람가,12152.107349484331,2021,6,해외,33.765298776097914
리버 로드,장편,중국,17,9381100,1388,3053500,459,드라마,전체관람가,16286.066456025834,2017,3,해외,33.069164265129686
음모자들,장편,홍콩,5,6934000,1385,3214000,617,액션,15세이상관람가,12063.851072158672,2014,6,해외,44.54873646209386
유키와 니나,장편,프랑스,2,9688107,1380,9247000,1305,드라마,전체관람가,16916.54793085385,2010,7,해외,94.56521739130434
브루스 윌리스의 라스트 미션: 데이 투 다이,장편,캐나다,45,11083678,1379,5535539,688,액션,청소년관람불가,19367.40959486969,2023,11,해외,49.891225525743295
성난 화가,장편,한국,8,10595500,1377,9384000,1206,액션,청소년관람불가,18541.267466379682,2015,6,국내,87.58169934640523
공각기동대 신극장판,장편,일본,33,10383500,1376,7942000,1002,애니메이션,15세이상관람가,18183.489773045672,2017,4,해외,72.81976744186046
요절복통 프레드의 사랑찾기,장편,독일,2,9507500,1375,7650500,1065,코미디,12세이상관람가,16661.555312157725,2008,7,해외,77.45454545454545
굿바이 마이 러브NK: 붉은 청춘,장편,한국,19,10266280,1374,7266180,862,다큐멘터리,12세이상관람가,18004.384349625576,2019,5,국내,62.73653566229985
O.J. 심슨 사건 파일,장편,미국,50,6906000,1374,5166000,1026,스릴러,청소년관람불가,12111.32740569264,2020,8,해외,74.67248908296943
술이 깨면 집에 가자,장편,일본,10,9446600,1371,5880600,744,드라마,15세이상관람가,16603.13024526992,2012,7,해외,54.26695842450766
딥씨 챌린지,장편,미국,38,9903600,1369,5874600,798,다큐멘터리,전체관람가,17431.772378043952,2017,11,해외,58.29072315558802
1945: 포인트 오브 노 리턴,장편,영국,47,9344180,1369,2861940,392,전쟁,15세이상관람가,16447.112042032262,2020,6,해외,28.634039444850256
제프 벡 로니스콧 라이브,장편,영국,3,13177898,1367,10590000,1089,다큐멘터리,전체관람가,23228.947391614744,2010,7,해외,79.66349670811998
겨울 이야기,장편,한국,22,6939399,1366,4739899,980,드라마,전체관람가,12241.173772689588,2023,1,국내,71.74231332357247
어쌔신 프리스트 벡맨,장편,미국,50,6961500,1366,3311500,636,액션,15세이상관람가,12280.160172167441,2021,5,해외,46.5592972181552
바후발리 : 더 비기닝,장편,인도,31,10656500,1365,5253500,651,액션,15세이상관람가,18811.951101107727,2016,11,해외,47.69230769230769
호스틸,장편,프랑스,23,9953900,1364,2901300,400,미스터리,15세이상관람가,17584.531675087448,2018,8,해외,29.32551319648094
코드 8,장편,캐나다,82,11241360,1362,3337960,400,SF,15세이상관람가,19888.11634202006,2020,7,해외,29.368575624082233
허밍,장편,한국,9,10228000,1362,6104000,832,드라마,15세이상관람가,18095.28864356103,2026,2,국내,61.08663729809104
굿바이 그레이스,장편,미국,2,10048126,1361,9541000,1279,드라마,전체관람가,17790.118888485613,2009,10,해외,93.97501836884643
그날이 온다,장편,영국,105,12201850,1361,5651000,594,코미디,15세이상관람가,21603.268326797268,2020,12,해외,43.644379132990444
주연,장편,한국,20,8306600,1361,5684700,646,드라마,12세이상관람가,14706.762391225446,2022,9,국내,47.465099191770754
컨버세이션,장편,한국,21,11122198,1361,8129798,920,기타,12세이상관람가,19691.75393712986,2023,2,국내,67.59735488611315
2차 송환,장편,한국,16,10741900,1360,6191800,777,다큐멘터리,12세이상관람가,19032.423812898654,2022,9,국내,57.132352941176464
개: dog eat dog,장편,한국,12,10802000,1359,4437500,535,범죄,청소년관람불가,19152.991657579547,2015,3,국내,39.36718175128771
몸값part.1,장편,한국,54,13274613,1357,7448159,728,스릴러,청소년관람불가,23571.863874066643,2023,7,국내,53.64775239498895
북 오브 러브,장편,미국,31,12448198,1356,8295899,914,멜로/로맨스,12세이상관람가,22120.69161602161,2023,6,해외,67.40412979351032
미생: 더할 나위 없었다,장편,한국,24,16145000,1355,11390000,928,드라마,15세이상관람가,28711.154581425333,2024,12,국내,68.48708487084872
쎄븐 플로어,장편,스페인,17,8272000,1355,1778000,283,스릴러,15세이상관람가,14710.354332458988,2014,9,해외,20.88560885608856
아웃사이더,장편,대만,96,11027280,1355,4497860,548,기타,청소년관람불가,19610.1542702174,2020,4,해외,40.44280442804428
죽어도 좋은 경험: 천사여 악녀가 되라,장편,한국,28,7619270,1355,5285570,1057,드라마,"연소자관람불가,청소년관람불가",13549.584315120259,2021,7,국내,78.00738007380073
브라 이야기,장편,독일,12,10796440,1353,8184440,925,드라마,12세이상관람가,19228.025182770998,2020,1,해외,68.36659275683667
작별,장편,한국,4,8864500,1353,6847500,1001,다큐멘터리,전체관람가,15787.317785554636,2008,3,국내,73.98373983739837
"여름, 속삭임",장편,한국,8,9054500,1351,4581000,643,드라마,전체관람가,16149.572382795432,2008,10,국내,47.59437453737972
바이크 라이더스,장편,미국,19,13871900,1348,8807500,843,액션,15세이상관람가,24796.932537270743,2024,9,해외,62.53709198813057
철의 꿈,장편,한국,9,10019700,1348,8672700,1089,다큐멘터리,전체관람가,17910.871974545065,2014,11,국내,80.78635014836796
버블 패밀리,장편,한국,13,9564400,1347,6504000,840,다큐멘터리,전체관람가,17109.685959875136,2018,12,국내,62.360801781737194
레이징 파이어,장편,홍콩,60,12163160,1346,5719560,605,액션,15세이상관람가,21774.754292056787,2022,1,해외,44.9479940564636
바라: 축복,장편,부탄,8,9240000,1346,5850000,788,드라마,15세이상관람가,16541.649510374336,2014,6,해외,58.54383358098069
바바라,장편,독일,3,9752000,1346,6676000,831,드라마,15세이상관람가,17458.243076317154,2013,3,해외,61.73848439821694
엄마없는 하늘아래,장편,한국,5,6344000,1343,6164000,1313,가족,12세이상관람가,11382.536848809983,2025,9,국내,97.76619508562919
파라노말액티비티-도쿄나이트,장편,일본,16,9656500,1341,3723500,487,공포(호러),12세이상관람가,17351.733556148534,2011,12,해외,36.31618195376585
리틀 디제이,장편,일본,14,9844056,1338,6891000,889,드라마,전체관람가,17728.413204387056,2010,3,해외,66.4424514200299
더 히어로,장편,미국,31,9358400,1336,3558900,482,코미디,15세이상관람가,16879.013058220906,2018,2,해외,36.07784431137724
낭만적 공장,장편,한국,27,12706155,1335,9704455,994,멜로/로맨스,15세이상관람가,22934.262894273725,2023,4,국내,74.45692883895131
우수,장편,한국,19,11479899,1335,9346299,983,드라마,12세이상관람가,20720.904291322597,2022,11,국내,73.63295880149813
슈퍼스톰,장편,미국,21,7823000,1334,2378000,346,SF,15세이상관람가,14130.886364046892,2014,5,해외,25.937031484257872
"줄리엣, 네이키드",장편,미국,24,11646560,1334,8372360,908,멜로/로맨스,15세이상관람가,21037.481259370317,2024,9,해외,68.06596701649175
테레즈 데케루,장편,프랑스,7,9716500,1334,5977000,753,드라마,15세이상관람가,17551.16417694767,2014,12,해외,56.44677661169415
잭 인 더 박스,장편,영국,45,13168200,1330,6343700,620,공포(호러),15세이상관람가,23857.595796720718,2022,5,해외,46.616541353383454
리저너블 다우트,장편,독일,19,8654500,1328,1074000,160,범죄,15세이상관람가,15703.47655682973,2014,10,해외,12.048192771084338
올리 마키의 가장 행복한 날,장편,기타,30,11671800,1322,7538800,734,드라마,12세이상관람가,21274.447259537395,2022,6,해외,55.52193645990923
미지수,장편,한국,30,10837560,1321,6750960,694,드라마,12세이상관람가,19768.81333053638,2024,5,국내,52.53595760787282
너의 순간,장편,한국,26,11297550,1319,6707250,728,멜로/로맨스,12세이상관람가,20639.129680206803,2023,8,국내,55.193328278999246
리브 원 데이,장편,프랑스,27,12344750,1317,9190800,967,멜로/로맨스,15세이상관람가,22586.473456468244,2026,6,해외,73.42444950645405
나의 연기 워크샵,장편,한국,12,10007500,1316,8056500,1014,드라마,15세이상관람가,18324.05610283078,2017,12,국내,77.05167173252279
황무지 5월의 고해,장편,한국,39,10624500,1314,6788000,824,드라마,15세이상관람가,19483.413104472686,2020,10,국내,62.70928462709284
희망의 별 - 이퀘지레템바,장편,한국,5,8679270,1312,4819500,715,다큐멘터리,전체관람가,15940.475315897738,2010,10,국내,54.49695121951219
샤크 스톰,장편,미국,20,6266000,1311,1260000,252,SF,15세이상관람가,11517.006240063229,2014,9,해외,19.221967963386728
어둔 밤,장편,한국,17,10765300,1310,6649100,729,액션,15세이상관람가,19801.894601305987,2018,9,국내,55.648854961832065
극장판 프리! – 타임리스 메들리 - 약속,장편,일본,7,11376100,1309,6776100,763,애니메이션,전체관람가,20941.39736946257,2018,4,해외,58.288770053475936
보이 걸 씽,장편,영국,1,9426844,1309,7898000,1092,코미디,15세이상관람가,17353.160234520972,2009,3,해외,83.42245989304813
샐린저,장편,미국,21,10109180,1308,6894780,853,다큐멘터리,15세이상관람가,18623.447920120852,2019,12,해외,65.21406727828746
"춘천, 춘천",장편,한국,4,8950900,1308,5662000,775,드라마,15세이상관람가,16489.62823772153,2018,9,국내,59.25076452599388
예티: 신비한 동물 탐험대,장편,캐나다,78,10032160,1307,1023000,131,애니메이션,전체관람가,18495.69970778293,2020,10,해외,10.022953328232594
산하고인,장편,중국,26,9468000,1306,6503500,849,드라마,12세이상관람가,17468.956991826417,2016,3,해외,65.00765696784073
모래바람,장편,한국,29,11177600,1303,6566400,677,다큐멘터리,전체관람가,20670.74129210626,2024,11,국내,51.95702225633154
하이 스트렁,장편,미국,66,9281500,1303,3799500,519,드라마,12세이상관람가,17164.28261010273,2018,1,해외,39.83115886415963
나의 연인에게,장편,독일,27,11334898,1299,7363298,767,드라마,15세이상관람가,21026.179544969717,2023,3,해외,59.0454195535027
블링크 트와이스,장편,미국,87,12204500,1299,6177100,640,드라마,청소년관람불가,22639.286939907437,2024,11,해외,49.26866820631255
레일로드 워,장편,중국,45,11013470,1298,5453700,623,액션,12세이상관람가,20445.671747080774,2021,6,해외,47.996918335901384
슬기로운 아내 수업,장편,프랑스,20,10172034,1298,7756184,1011,코미디,12세이상관람가,18883.609631128522,2023,7,해외,77.88906009244992
범죄의 제국,장편,미국,5,6489000,1297,4850000,970,액션,15세이상관람가,12055.624192994026,2015,8,해외,74.78797224363916
평평남녀,장편,한국,30,11446200,1297,7154200,757,드라마,12세이상관람가,21265.385365672406,2022,4,국내,58.36545875096376
일과 날,장편,한국,22,10951900,1294,8185600,884,다큐멘터리,전체관람가,20394.219846930224,2025,7,국내,68.31530139103555
평범한 날들,옴니버스,한국,10,9846400,1290,7496900,966,드라마,15세이상관람가,18392.453535070515,2011,9,국내,74.88372093023256
까치발,장편,한국,27,10054000,1289,4362500,577,다큐멘터리,12세이상관람가,18794.80684569153,2021,6,국내,44.763382467028705
학교 가는 길,장편,이란,1,8070000,1289,7319000,1153,드라마,12세이상관람가,15085.945021357737,2008,6,해외,89.44918541505042
욕창,장편,한국,17,10067580,1288,6470080,736,드라마,12세이상관람가,18834.805058744296,2020,7,국내,57.14285714285714
두 개의 눈을 가진 아일랜드,장편,한국,1,8432500,1286,6312500,911,다큐멘터리,전체관람가,15800.371001892485,2008,9,국내,70.83981337480559
세월: 라이프 고즈 온,장편,한국,25,11046600,1286,6641000,737,다큐멘터리,전체관람가,20698.532856152447,2024,3,국내,57.3094867807154
어트랙션,장편,독일,101,10807570,1286,4452080,522,드라마,12세이상관람가,20250.651127058783,2020,9,해외,40.59097978227061
바람개비,장편,한국,36,11959927,1284,8596500,919,액션,청소년관람불가,22444.782869796945,2023,5,국내,71.57320872274143
피터 본 칸트,장편,프랑스,29,11004796,1283,7327497,762,멜로/로맨스,15세이상관람가,20668.41833428805,2023,2,해외,59.392049883086514
극장판 푸른 강철의 아르페지오 -아르스 노바- 카덴차,장편,일본,26,9482500,1282,5071000,679,애니메이션,12세이상관람가,17823.24305020394,2016,8,해외,52.96411856474259
섀도우 클라우드,장편,미국,71,11512140,1282,3775040,384,SF,15세이상관람가,21638.140706351147,2021,4,해외,29.95319812792512
엣지 오브 타임,장편,캐나다,20,6185000,1281,1330000,266,스릴러,청소년관람불가,11634.35945185896,2014,8,해외,20.76502732240437
기기묘묘,옴니버스,한국,25,12016099,1278,9439300,1001,공포(호러),15세이상관람가,22656.068405075705,2022,9,국내,78.32550860719874
이스케이프 플랜 3,장편,중국,50,6566000,1276,1274000,241,액션,청소년관람불가,12399.441024285228,2019,9,해외,18.887147335423197
구원받은 도둑,장편,미국,50,6375000,1275,1175000,235,드라마,12세이상관람가,12048.192771084337,2021,10,해외,18.43137254901961
크레이지,장편,캐나다,2,8199000,1272,7092000,1035,코미디,15세이상관람가,15531.93907706297,2008,2,해외,81.36792452830188
팔로우드,장편,미국,51,12295988,1272,6475195,664,공포(호러),15세이상관람가,23293.149958323866,2023,3,해외,52.20125786163522
숲의 전설,장편,핀란드,2,8957000,1270,7301000,894,다큐멘터리,전체관람가,16994.592543401955,2014,7,해외,70.39370078740157
크루아상,장편,한국,42,11869450,1270,7256810,764,드라마,12세이상관람가,22520.538848306613,2021,1,국내,60.15748031496063
얼굴도둑,장편,프랑스,5,8996000,1269,6788000,861,드라마,15세이상관람가,17082.039742895933,2016,5,해외,67.84869976359337
프리다. 삶이여 영원하라,장편,이탈리아,15,9677600,1269,3937600,446,다큐멘터리,12세이상관람가,18376.29477721762,2024,11,해외,35.1457840819543
고스팅 글로리아,장편,우루과이,20,11395200,1268,9479700,1017,멜로/로맨스,15세이상관람가,21654.821177454294,2022,4,해외,80.20504731861199
엠티맨,장편,미국,100,11314120,1266,4967810,556,공포(호러),15세이상관람가,21534.707550581472,2020,11,해외,43.91785150078989
헛소동,장편,미국,5,7683000,1266,4648600,815,드라마,15세이상관람가,14623.422600354023,2017,7,해외,64.37598736176935
극장판 프리! – 타임리스 메들리 - 인연,장편,일본,7,10788100,1263,6349100,730,애니메이션,전체관람가,20582.281620543934,2018,4,해외,57.798891528107674
더 트리,장편,프랑스,8,7470500,1263,2410000,316,드라마,12세이상관람가,14252.735407186943,2012,9,해외,25.01979414093428
오목소녀,장편,한국,17,8559800,1263,5019300,651,드라마,전체관람가,16330.977115111278,2018,5,국내,51.543942992874115
망내인: 얼굴 없는 살인자들,장편,한국,11,11932000,1262,8049600,862,스릴러,15세이상관람가,22782.73156015504,2025,12,국내,68.30427892234549
맨 온 와이어,장편,영국,1,8790515,1258,8151500,1155,다큐멘터리,12세이상관람가,16837.809106058576,2010,2,해외,91.81240063593005
좋은 친구들,장편,한국,15,9709500,1258,2256000,282,액션,청소년관람불가,18598.08071714521,2013,3,국내,22.416534181240063
데이빗 린치: 아트 라이프,장편,미국,15,10266700,1257,8180500,949,다큐멘터리,15세이상관람가,19681.015230372566,2017,9,해외,75.49721559268099
그녀의 비밀정원,장편,한국,79,9966880,1254,2905860,375,드라마,15세이상관람가,19151.976326358064,2020,4,국내,29.904306220095695
사스콰치 선셋,장편,미국,40,11231300,1254,5667600,592,코미디,15세이상관람가,21581.63755500471,2025,7,해외,47.208931419457734
푸른 수염,장편,프랑스,4,9475773,1253,7294000,891,판타지,15세이상관람가,18222.815603996194,2010,4,해외,71.10933758978452
체르노빌 다이어리,장편,미국,8,6250000,1250,6250000,1250,공포(호러),15세이상관람가,12048.192771084337,2014,2,해외,100.0
할리우드 폭로전,장편,미국,8,6250000,1250,6250000,1250,코미디,15세이상관람가,12048.192771084337,2014,2,해외,100.0
"열여덟, 열아홉",장편,한국,17,8585000,1249,5131500,659,멜로/로맨스,15세이상관람가,16562.647708528268,2012,3,국내,52.76220976781425
고양이에게 밥을 주지 마세요,장편,한국,16,8549440,1248,5593000,818,다큐멘터리,전체관람가,16507.259808464627,2021,11,국내,65.5448717948718
뽕똘,장편,한국,13,9299000,1247,6459000,804,드라마,12세이상관람가,17968.90851296123,2011,8,국내,64.4747393744988
바다로 가자,장편,한국,15,8370500,1246,6458500,977,가족,전체관람가,16187.704268115804,2020,6,국내,78.41091492776886
더하우스,장편,한국,48,7631000,1245,3937000,510,스릴러,15세이상관람가,14769.439202593507,2019,12,국내,40.963855421686745
도우터 오브 마인,장편,이탈리아,14,8692460,1245,5988760,835,드라마,15세이상관람가,16823.84477669715,2019,4,해외,67.06827309236948
관념의 남자 김철수,장편,한국,12,11052600,1244,6963000,690,가족,12세이상관람가,21408.979971332275,2026,4,국내,55.466237942122184
특수부대 전랑2,장편,중국,19,8148500,1244,6111500,939,액션,15세이상관람가,15783.713632665711,2017,11,해외,75.48231511254019
크로스 더 라인,장편,스페인,34,12147600,1243,6953500,715,스릴러,청소년관람불가,23548.934272892053,2022,5,해외,57.52212389380531
벤트: 마약의 도시,장편,미국,50,6204000,1240,1800000,360,범죄,15세이상관람가,12055.965798678586,2019,7,해외,29.03225806451613
비홀드 마이 하트,장편,미국,47,10467300,1240,7731480,911,드라마,12세이상관람가,20340.652934317917,2020,5,해외,73.46774193548387
카이츠,장편,인도,5,6311000,1239,6311000,1239,액션,청소년관람불가,12273.792506588097,2013,10,해외,100.0
히치하이크,장편,한국,24,8757350,1239,5898150,745,가족,12세이상관람가,17031.515894084816,2019,3,국내,60.129136400322835
해원,장편,한국,22,7110460,1238,1468800,198,다큐멘터리,15세이상관람가,13839.772660918312,2018,5,국내,15.993537964458804
스톰 둠스데이,장편,미국,20,5374000,1237,900000,198,액션,12세이상관람가,10468.389321229948,2014,10,해외,16.006467259498788
나비와 바다,장편,한국,13,7456000,1235,3433500,511,다큐멘터리,12세이상관람가,14547.583044729527,2013,1,국내,41.37651821862348
늦봄2020,장편,한국,12,9152470,1228,2596570,343,다큐멘터리,전체관람가,17959.40112240493,2022,2,국내,27.931596091205215
노아-40일간의 기적,장편,미국,20,5915000,1227,1060000,212,액션,12세이상관람가,11616.146738543417,2014,8,해외,17.27791361043195
피케이: 별에서 온 얼간이 감독판,장편,인도,2,9391000,1227,9391000,1227,코미디,15세이상관람가,18442.474052689977,2015,9,해외,100.0
훈련사,장편,한국,26,10910400,1227,7065000,757,스릴러,12세이상관람가,21426.34106106578,2026,5,국내,61.69519152404238
셰터드,장편,미국,50,6224000,1226,2924000,566,스릴러,청소년관람불가,12232.944829890526,2022,2,해외,46.166394779771615
검은 령,장편,한국,40,10441000,1225,4773000,524,공포(호러),15세이상관람가,20537.988689451682,2025,8,국내,42.775510204081634
모두의 천사 가디,장편,기타,18,8439000,1225,3470500,470,코미디,12세이상관람가,16599.950823702977,2015,5,해외,38.36734693877551
이고르와 학의 여행,장편,이스라엘,3,8093000,1224,6139000,793,가족,전체관람가,15932.356878494369,2013,8,해외,64.7875816993464
기동전사 건담 디 오리진Ⅴ: 격돌 루움 전투,장편,일본,42,10636500,1221,6893500,726,애니메이션,12세이상관람가,20991.089665788462,2018,6,해외,59.45945945945946
다니엘 이즌 리얼,장편,미국,36,10914000,1221,5942000,635,스릴러,청소년관람불가,21538.73479174684,2020,4,해외,52.006552006552006
면접교섭,장편,한국,11,10602800,1221,5856300,618,다큐멘터리,전체관람가,20924.582852293697,2024,12,국내,50.61425061425061
붕대클럽,장편,일본,3,7838000,1221,5910000,860,드라마,15세이상관람가,15468.261251393782,2008,1,해외,70.43407043407043
재즈처럼 더 무비,장편,한국,11,24418000,1221,23358000,1168,드라마,15세이상관람가,48188.82409243855,2024,10,국내,95.65929565929567
노블,장편,영국,34,8597500,1220,4055500,548,드라마,청소년관람불가,16981.03890973731,2015,10,해외,44.91803278688525
모터웨이: 분노의 질주,장편,홍콩,1,6149000,1220,6149000,1220,액션,15세이상관람가,12144.973335966819,2012,12,해외,100.0
빙봉협: 중생지문,장편,홍콩,20,5819000,1219,1060000,212,액션,15세이상관람가,11502.614230506933,2014,8,해외,17.391304347826086
끌로끌로,장편,프랑스,7,8913000,1218,6940000,879,드라마,15세이상관람가,17633.093952163334,2012,10,해외,72.16748768472905
안개 속 소녀,장편,이탈리아,31,9633900,1218,5776600,717,미스터리,12세이상관람가,19059.29135260253,2018,12,해외,58.86699507389162
영화판,장편,한국,10,8320500,1217,6722500,981,다큐멘터리,12세이상관람가,16474.443377453943,2012,12,국내,80.60805258833197
폴링,장편,영국,10,7527500,1217,4776000,794,미스터리,청소년관람불가,14904.317351575572,2016,3,해외,65.24239934264585
신해석 삼국지,장편,일본,17,8264640,1213,7103670,1055,코미디,12세이상관람가,16417.80311683668,2021,6,해외,86.97444352844188
영생인,장편,한국,2,8603000,1213,8436000,1186,미스터리,15세이상관람가,17089.9591771869,2025,12,국내,97.77411376751854
퍼머넌트 노바라,장편,일본,5,8249318,1213,4158800,559,드라마,15세이상관람가,16387.36578631095,2010,11,해외,46.0840890354493
만담강호,장편,한국,13,9597000,1211,7695000,946,애니메이션,청소년관람불가,19096.03732850477,2017,3,국내,78.11725846407927
어쩌다 아스널,장편,프랑스,85,9564880,1211,3781240,500,드라마,전체관람가,19032.12519773562,2020,5,해외,41.28819157720891
엔젤페이스,장편,프랑스,20,9122400,1210,7404600,922,드라마,15세이상관람가,18166.683261973514,2019,3,해외,76.19834710743801
컴백트레일,장편,미국,20,6050000,1210,1110000,222,코미디,15세이상관람가,12048.192771084337,2021,10,해외,18.34710743801653
와일드 리벤지: 마지막 한 놈까지,장편,미국,50,6062000,1208,2762000,548,액션,청소년관람불가,12092.07691693928,2022,2,해외,45.36423841059602
내가 사는 세상,장편,한국,19,8002550,1207,3528400,397,드라마,12세이상관람가,15976.183108573483,2019,3,국내,32.89146644573322
루팡 3세 더 무비: 불사신의 혈족,장편,일본,29,12351600,1207,5588700,535,애니메이션,15세이상관람가,24658.5679919346,2026,2,해외,44.32477216238608
간첩사냥,장편,한국,23,10656800,1206,7664900,805,코미디,15세이상관람가,21292.733121540892,2026,2,국내,66.74958540630183
소설의 신,장편,일본,3,6495000,1206,4811500,884,드라마,12세이상관람가,12977.282263381887,2022,5,해외,73.30016583747927
불멸의 여자,장편,한국,22,9788696,1205,6679496,845,드라마,15세이상관람가,19574.45583162526,2023,4,국내,70.12448132780082
아이언 크로스: 노르망디 상륙작전,장편,미국,50,6047000,1205,2447000,485,전쟁,15세이상관람가,12092.186172074189,2022,7,해외,40.24896265560166
벗어날 탈 脫,장편,한국,14,10037000,1204,7499000,851,미스터리,15세이상관람가,20087.659608533806,2024,2,국내,70.68106312292359
볼쇼이 바빌론,장편,영국,12,8230600,1199,4109500,547,다큐멘터리,12세이상관람가,16541.09348151572,2016,8,해외,45.62135112593828
크림,장편,헝가리,22,10591640,1199,5106540,511,멜로/로맨스,15세이상관람가,21286.091823507544,2021,11,해외,42.61884904086739
화이팅 패밀리,옴니버스,한국,8,7323500,1199,2742500,454,가족,12세이상관람가,14718.0883668117,2012,9,국내,37.86488740617181
붓다:싯다르타 왕자의 모험,장편,일본,30,7788000,1196,4719000,732,애니메이션,15세이상관람가,15690.857073780071,2013,5,해외,61.20401337792642
우리친구 피들스틱스,장편,독일,18,8756500,1196,5928500,783,가족,전체관람가,17642.140468227426,2016,10,해외,65.46822742474916
스피릿 핑거스! 1화,장편,한국,21,8344000,1192,7035000,1005,드라마,12세이상관람가,16867.469879518074,2025,8,국내,84.31208053691275
아틀란틱 머신,장편,미국,20,5261000,1191,1115000,283,SF,12세이상관람가,10644.087685755618,2014,10,해외,23.761544920235096
태안,장편,한국,9,9966099,1191,665099,70,다큐멘터리,15세이상관람가,20163.473035719708,2022,10,국내,5.877413937867338
소리없이 나빌레라,장편,한국,25,11995710,1187,6149010,642,다큐멘터리,전체관람가,24351.579866221415,2026,6,국내,54.08593091828138
존 라베 : 난징 대학살,장편,독일,5,7203500,1184,5677500,966,전쟁,청소년관람불가,14660.330511234128,2014,3,해외,81.58783783783784
아직 사랑하고 있습니까?,장편,한국,38,8863340,1180,3041800,324,코미디,청소년관람불가,18099.530324688585,2019,12,국내,27.45762711864407
가름워즈: 마지막 예언자,장편,일본,28,8538500,1179,4404000,583,액션,12세이상관람가,17450.9743809845,2015,12,해외,49.44868532654792
분신사바-저주의 시작,장편,중국,20,5299000,1178,1045000,239,스릴러,15세이상관람가,10839.282426821037,2014,9,해외,20.28862478777589
홈,장편,프랑스,5,5206793,1177,4221000,939,다큐멘터리,전체관람가,10659.7189096232,2009,6,해외,79.77909940526763
극장판 헌터X헌터 : 더 라스트 미션,장편,일본,14,9080900,1176,3863100,495,애니메이션,15세이상관람가,18606.876485533972,2014,5,해외,42.09183673469388
사상,장편,한국,16,9693500,1172,7679500,891,다큐멘터리,12세이상관람가,19929.89020930137,2021,10,국내,76.02389078498294
부고니아,장편,미국,527,12641000,1171,11721700,1076,스릴러,청소년관람불가,26012.161369645964,2025,11,해외,91.8872758326217
폴 다이어리,장편,독일,3,7321000,1169,4953000,714,드라마,15세이상관람가,15090.644872045925,2013,5,해외,61.07784431137725
너를 줍다,장편,한국,28,10936501,1168,8474951,866,멜로/로맨스,12세이상관람가,22562.512378280244,2023,11,국내,74.14383561643835
노무현과 바보들: 못다한 이야기,장편,한국,56,10662054,1168,2043756,225,다큐멘터리,12세이상관람가,21996.315398580628,2024,5,국내,19.263698630136986
"쿠미코, 더 트레저 헌터",장편,미국,12,8796200,1168,5141200,596,드라마,12세이상관람가,18146.97144743357,2016,1,해외,51.02739726027398
아이 엠 브리딩,장편,영국,12,8307600,1167,5108500,609,다큐멘터리,12세이상관람가,17153.653173103725,2019,12,해외,52.185089974293064
1026: 새로운 세상을 위한,장편,한국,22,9714600,1167,5496350,604,다큐멘터리,15세이상관람가,20058.847214049,2026,5,국내,51.7566409597258
마지막 휴가,장편,한국,11,9561000,1164,6319000,790,기타,15세이상관람가,19792.572351260715,2020,12,국내,67.86941580756015
시실리 : 피의 전쟁,장편,미국,20,5612000,1164,1060000,212,스릴러,15세이상관람가,11617.604438372045,2014,8,해외,18.213058419243985
포항,장편,한국,8,8019400,1161,6552000,786,드라마,12세이상관람가,16644.147650031653,2019,2,국내,67.70025839793283
계절과 계절 사이,장편,한국,22,10069500,1160,6814900,721,드라마,15세이상관람가,20917.116742833405,2019,10,국내,62.1551724137931
산타모니카 인 러브,장편,미국,18,8977600,1159,4232500,535,멜로/로맨스,12세이상관람가,18665.03113402705,2018,5,해외,46.16048317515099
"시발, 놈: 인류의 시작",장편,한국,10,8802400,1159,6337000,794,코미디,15세이상관람가,18300.77861055958,2016,8,국내,68.50733390854185
보이 비하인드 도어,장편,미국,5,7145940,1154,4839940,792,공포(호러),청소년관람불가,14921.258691612204,2021,10,해외,68.63084922010398
브릭레이어,장편,헝가리,31,11059400,1154,7014600,743,액션,15세이상관람가,23092.856695412498,2025,5,해외,64.3847487001733
소은이의 무릎,장편,한국,8,8005100,1153,4608100,571,드라마,12세이상관람가,16729.7463923343,2019,5,국내,49.52298352124892
"안녕, 내일 또 만나",장편,한국,21,10543223,1152,8718467,893,드라마,12세이상관람가,22053.260960508702,2023,9,국내,77.51736111111111
엘 마르,장편,콜롬비아,13,9197000,1151,7798900,907,드라마,12세이상관람가,19254.079742078655,2018,10,해외,78.8010425716768
극장판 진격의 거인 2기: 각성의 포효,장편,일본,6,11107000,1150,9063000,890,애니메이션,15세이상관람가,23272.917757988478,2018,10,해외,77.39130434782608
데드락: 라스트 리벤지,장편,미국,50,8050000,1150,5460000,780,기타,15세이상관람가,16867.469879518074,2022,1,해외,67.82608695652173
아메리칸 저스티스,장편,미국,50,8050000,1150,840000,120,액션,15세이상관람가,16867.469879518074,2022,4,해외,10.434782608695652
폭스 헌트,장편,홍콩,47,10855200,1148,6000600,590,범죄,15세이상관람가,22784.937660047857,2025,8,해외,51.393728222996515
몸값part.2,장편,한국,48,10943283,1147,5369927,555,스릴러,청소년관람불가,22989.848846125566,2023,7,국내,48.38709677419355
스트레인저: 무황인담,장편,일본,1,7440669,1147,5697000,868,애니메이션,15세이상관람가,15631.493366666318,2009,3,해외,75.67567567567568
야스쿠니,장편,중국,5,7206165,1145,5062500,783,다큐멘터리,12세이상관람가,15165.286473404536,2009,8,해외,68.38427947598254
경계,장편,한국,9,7010500,1142,5682500,930,다큐멘터리,12세이상관람가,14792.268900470533,2016,6,국내,81.43607705779334
마이애미 대침몰,장편,미국,20,5546000,1141,1040000,208,SF,12세이상관람가,11712.406153976115,2014,9,해외,18.229623137598598
"타르콥스키, 기도하는 영혼",장편,이탈리아,9,9960762,1141,6500062,628,다큐멘터리,12세이상관람가,21035.789784906498,2024,1,해외,55.03943908851884
호기심이 고양이를 죽인다,장편,중국,5,7585000,1141,2886000,408,스릴러,청소년관람불가,16018.4999419237,2008,1,해외,35.75810692375109
앙상블,장편,한국,52,10376610,1140,6412540,678,드라마,12세이상관람가,21933.22764743183,2020,11,국내,59.473684210526315
잊혀진 대통령: 김영삼의 개혁시대,장편,한국,36,13334700,1140,8762400,710,다큐멘터리,12세이상관람가,28185.795814838304,2026,1,국내,62.28070175438597
3xFTM,장편,한국,4,7379035,1140,6159000,939,다큐멘터리,15세이상관람가,15597.19932361023,2009,6,국내,82.36842105263158
언더 더 트리,장편,아이슬란드,19,8174300,1138,4547700,596,코미디,청소년관람불가,17308.531136849684,2018,11,해외,52.3725834797891
멋진 녀석들,장편,미국,5,5639000,1134,3217000,638,범죄,청소년관람불가,11982.320817662183,2013,6,해외,56.261022927689595
마사의 부엌,장편,독일,7,8078400,1133,5096500,697,코미디,전체관람가,17180.95683705697,2017,10,해외,61.51809355692851
"미스터김, 영화관에 가다",장편,한국,17,9734600,1133,7313500,805,다큐멘터리,전체관람가,20703.325216133733,2026,2,국내,71.05030891438659
터커 & 데일 Vs 이블,장편,미국,34,9688094,1133,4834299,556,코미디,청소년관람불가,20604.417316219868,2024,8,해외,49.07325684024713
꿈꾸는 사진관,장편,한국,11,6131500,1131,3365000,728,드라마,전체관람가,13063.394160195157,2025,7,국내,64.36781609195403
캡티브 스테이트,장편,미국,50,9214920,1131,5116480,620,SF,12세이상관람가,19632.7378479435,2019,11,해외,54.818744473916894
한밤의 아이들,장편,영국,10,7850500,1131,3596500,449,드라마,15세이상관람가,16725.78909803671,2015,7,해외,39.699381078691424
야근 대신 뜨개질,장편,한국,10,7915500,1128,6796500,943,다큐멘터리,12세이상관람가,16909.12586516278,2016,11,국내,83.59929078014184
퍼즐,장편,한국,13,8621300,1127,7421300,922,미스터리,청소년관람불가,18433.200414791376,2018,2,국내,81.81011535048802
스위니,장편,영국,6,6905000,1126,4002000,672,액션,청소년관람불가,14776.69113398532,2014,4,해외,59.68028419182948
러블리 로즈,장편,베트남,5,7344000,1123,5529000,844,멜로/로맨스,12세이상관람가,15758.134944050467,2008,11,해외,75.15583259127338
퍼펙트 스틸,장편,영국,66,10073100,1122,5621200,604,범죄,15세이상관람가,21633.27105212293,2021,10,해외,53.83244206773619
디바 야누스,장편,한국,23,11130100,1121,9287100,891,다큐멘터리,전체관람가,23924.636995797642,2025,10,국내,79.48260481712757
디어헌터(감독판),장편,미국,4,10850360,1121,9844360,957,전쟁,15세이상관람가,23323.323624560686,2022,6,해외,85.37020517395183
우리의 이름,장편,한국,16,7878845,1121,5017245,783,드라마,15세이상관람가,16935.92210053416,2025,11,국내,69.84834968777876
전장의 묵시록,장편,폴란드,20,5248000,1121,790000,158,전쟁,청소년관람불가,11280.805649001,2014,9,해외,14.094558429973238
킬러맨,장편,미국,25,9192300,1121,5538300,690,액션,청소년관람불가,19759.251098954246,2020,8,해외,61.55218554861731
스킨,장편,미국,34,8825160,1120,5818160,754,드라마,청소년관람불가,18987.00516351119,2020,3,해외,67.32142857142858
족벌 두 신문 이야기,장편,한국,10,8566400,1119,5916400,714,다큐멘터리,12세이상관람가,18446.762923005695,2021,1,국내,63.806970509383376
세이 예스 어게인,장편,대만,65,8255400,1118,4167550,583,멜로/로맨스,12세이상관람가,17792.960751772745,2023,10,해외,52.146690518783544
클로즈드 노트,장편,일본,20,8322500,1117,4505000,581,멜로/로맨스,전체관람가,17953.640884037493,2011,4,해외,52.01432408236347
니캡,장편,아일랜드,25,10648500,1116,8333900,847,코미디,청소년관람불가,22991.967871485944,2025,6,해외,75.89605734767025
정뱅이,장편,한국,10,10423800,1115,3935800,423,다큐멘터리,전체관람가,22526.986871251826,2026,6,국내,37.9372197309417
나나,장편,인도네시아,21,9481499,1114,7307999,784,드라마,15세이상관람가,20508.963682377627,2022,12,해외,70.3770197486535
815사수작전,장편,한국,10,5005500,1114,3060000,867,코미디,12세이상관람가,10827.150613224892,2025,8,국내,77.82764811490127
다크 스페이스,장편,캐나다,5,5576000,1113,3806000,759,SF,15세이상관람가,12072.007707379384,2013,10,해외,68.19407008086253
"안녕, 투이",장편,한국,9,7636300,1113,3081000,436,미스터리,청소년관람불가,16532.54527544139,2014,11,국내,39.17340521114106
인어전설,장편,한국,14,8698250,1113,5896650,687,코미디,12세이상관람가,18831.66087530716,2018,11,국내,61.725067385444746
붉은 장미의 추억,장편,한국,5,8992000,1112,5876000,657,드라마,12세이상관람가,19485.134783739275,2023,11,국내,59.08273381294964
나를 잡아줘,장편,일본,23,11117540,1111,7926440,781,멜로/로맨스,12세이상관람가,24112.738984741845,2021,11,해외,70.29702970297029
윙스 오버 에베레스트,장편,중국,10,6809800,1111,4719300,776,액션,15세이상관람가,14769.717935648987,2021,9,해외,69.84698469846985
베르메르: 위대한 전시회,장편,영국,17,10015400,1108,7793600,853,다큐멘터리,전체관람가,21781.13174720543,2025,9,해외,76.985559566787
자이언트 몽키,장편,미국,20,4982000,1108,1290000,258,스릴러,12세이상관람가,10834.674437823496,2014,8,해외,23.28519855595668
프라도 위대한 미술관,장편,이탈리아,22,19932500,1108,10599000,589,다큐멘터리,전체관람가,43348.484189465446,2021,6,해외,53.15884476534296
사쿠라다 리셋 –전편-,장편,일본,21,5815000,1107,1311000,240,SF,12세이상관람가,12657.676777570989,2017,11,해외,21.680216802168022
국도극장: 감독판,장편,한국,1,9046000,1106,6305000,700,드라마,12세이상관람가,19708.490381054053,2020,5,국내,63.29113924050633
"오, 발렌타인",장편,한국,19,9606000,1106,6661500,711,다큐멘터리,15세이상관람가,20928.56053508791,2026,3,국내,64.28571428571429
와일드 투어,장편,일본,22,10142100,1105,6815200,705,드라마,전체관람가,22116.556724636102,2025,3,해외,63.80090497737556
4월의 불꽃,장편,한국,22,7337100,1104,4247800,773,드라마,12세이상관람가,16014.274489261394,2025,3,국내,70.01811594202898
신 테니스의 왕자 효테이 vs 릿카이 : 게임 오브 퓨처 전편,장편,일본,60,8850500,1102,3937000,489,애니메이션,전체관람가,19352.54630135788,2021,3,해외,44.37386569872958
룩앳미 터치미 키스미,장편,한국,7,8842500,1101,7654000,809,멜로/로맨스,15세이상관람가,19352.61481894882,2023,12,국내,73.4786557674841
존 덴버 죽이기,장편,필리핀,22,8656000,1101,5721500,684,드라마,12세이상관람가,18944.442620618716,2022,11,해외,62.125340599455036
너를 부르는 시간,장편,중국,36,10734258,1100,4770056,490,멜로/로맨스,12세이상관람가,23514.256297918946,2023,11,해외,44.54545454545455
사샤,장편,독일,3,5500000,1100,2500000,500,드라마,15세이상관람가,12048.192771084337,2013,3,해외,45.45454545454545
오란고교 호스트부,장편,일본,3,5500000,1100,2500000,500,코미디,12세이상관람가,12048.192771084337,2013,3,해외,45.45454545454545
락 앤 러브,장편,영국,8,6592900,1099,4170900,694,코미디,15세이상관람가,14455.419494173237,2012,8,해외,63.14831665150137
모퉁이,장편,한국,20,10421400,1098,8828900,909,드라마,12세이상관람가,22870.498386990585,2022,8,국내,82.78688524590164
시티 워: 익스트림 킬러,장편,미국,50,5534000,1097,4914000,984,액션,청소년관람불가,12155.82475755346,2017,2,해외,89.69917958067457
삼생삼세 십리도화,장편,중국,5,6088500,1096,6036500,1076,판타지,15세이상관람가,13386.025855245802,2018,1,해외,98.17518248175182
악의 진화 퍼스트레이디2,장편,한국,69,9593600,1096,5529400,615,다큐멘터리,12세이상관람가,21092.252220561077,2026,2,국내,56.11313868613139
파란입이 달린 얼굴,장편,한국,13,7091200,1095,3240600,460,드라마,15세이상관람가,15604.775265445345,2018,1,국내,42.00913242009132
려행,장편,한국,19,7957500,1094,4468200,534,다큐멘터리,12세이상관람가,17527.146979141427,2019,8,국내,48.81170018281536
명검,장편,홍콩,20,5186000,1091,1040000,208,스릴러,15세이상관람가,11454.065574856713,2014,9,해외,19.065077910174153
사쿠라다 리셋 –후편-,장편,일본,21,5716000,1091,1281000,235,SF,12세이상관람가,12624.65075701523,2017,11,해외,21.53987167736022
안나푸르나,장편,한국,16,8435856,1091,6876356,749,드라마,전체관람가,18631.86421211887,2023,6,국내,68.6526122823098
미녀들의 전쟁,장편,프랑스,7,7975722,1088,3250500,418,드라마,12세이상관람가,17664.16105598866,2010,6,해외,38.419117647058826
장기왕 : 가락시장 레볼루션,장편,한국,17,8505000,1087,6394000,735,코미디,15세이상관람가,18853.703683177973,2017,2,국내,67.61729530818768
페어리,장편,프랑스,9,8318300,1087,6800300,867,멜로/로맨스,15세이상관람가,18439.831081455537,2012,12,해외,79.7608095676173
프란체스코와 교황,장편,독일,7,6045500,1087,1940000,294,다큐멘터리,전체관람가,13401.536227707518,2012,5,해외,27.04691812327507
패왕별희 디 오리지널,장편,중국,2,9318400,1085,9318400,1085,드라마,15세이상관람가,20694.908666925767,2017,3,해외,100.0
미션 이스탄불,장편,독일,29,8239500,1082,4141000,523,액션,청소년관람불가,18349.55348194998,2017,8,해외,48.336414048059154
듀엣,장편,한국,10,7995000,1081,4587000,557,드라마,전체관람가,17821.517336691817,2012,4,국내,51.5263644773358
몬스터즈,장편,영국,20,6480000,1080,3420000,570,SF,15세이상관람가,14457.831325301206,2014,5,해외,52.77777777777778
퍼니 게임,장편,미국,2,7724557,1080,7419000,1027,범죄,청소년관람불가,17234.620705042395,2009,10,해외,95.0925925925926
하쿠나 마타타 - 지라니 이야기,장편,한국,1,6000154,1080,6037000,1080,다큐멘터리,전체관람가,13387.224453369032,2010,12,국내,100.0
닌자2: 섀도우 어쌔신,장편,미국,20,4823000,1077,1085000,253,액션,청소년관람불가,10790.79549395353,2014,10,해외,23.491179201485608
차라리 죽여,장편,한국,18,9016800,1076,6910200,796,코미디,청소년관람불가,20192.59192905451,2025,2,국내,73.97769516728626
아메리카 뮤직&와일드,장편,미국,9,8124050,1074,6531050,862,다큐멘터리,전체관람가,18227.210518049855,2019,4,해외,80.26070763500931
춘하추동 로맨스,장편,한국,5,7368000,1074,3314000,450,코미디,15세이상관람가,16530.92818200175,2014,12,국내,41.899441340782126
438일,장편,기타,40,8373310,1074,4419410,541,드라마,15세이상관람가,18786.45307486931,2021,1,해외,50.37243947858473
그 사람 경허(鏡虛) 선사,장편,한국,9,9535700,1073,6655800,694,드라마,12세이상관람가,21414.34330050865,2026,3,국내,64.6784715750233
구르는 수레바퀴,장편,한국,4,8510000,1072,8419000,1060,가족,12세이상관람가,19128.753821255174,2020,9,국내,98.88059701492537
약탈자들,장편,한국,4,7265791,1071,6673000,968,드라마,15세이상관람가,16347.273688591902,2009,6,국내,90.3828197945845
발광하는 현대사,장편,한국,37,9730500,1069,7278300,746,드라마,청소년관람불가,21933.571517125565,2019,7,국내,69.78484565014031
청춘빌라 살인사건,장편,한국,6,6714500,1068,2863500,337,코미디,15세이상관람가,15149.361490907451,2020,1,국내,31.55430711610487
닷핵퀀텀 : 숨겨진 몬스터의 비밀,장편,일본,35,6960000,1067,2353000,324,애니메이션,전체관람가,15717.979697609559,2011,8,해외,30.36551077788191
알라마르,장편,멕시코,4,7971000,1065,6471000,806,드라마,전체관람가,18034.956728321737,2011,5,해외,75.68075117370891
라스트필름,장편,한국,22,7889200,1064,3194700,557,드라마,12세이상관람가,17866.654588277925,2022,12,국내,52.349624060150376
슈퍼 사이클론 스톰,장편,미국,20,4752000,1064,1020000,204,SF,15세이상관람가,10761.844369961049,2014,8,해외,19.172932330827066
포화속의 우정,장편,독일,5,5348000,1064,1568000,224,전쟁,15세이상관람가,12111.604311984782,2014,2,해외,21.052631578947366
달사람,장편,프랑스,5,8141000,1060,6549000,797,애니메이션,전체관람가,18506.47874516936,2014,11,해외,75.18867924528301
비블리아 고서당 사건수첩,장편,일본,14,9168340,1059,8162040,935,미스터리,12세이상관람가,20861.55386418194,2019,6,해외,88.2908404154863
더 이클립스,장편,아일랜드,2,8070000,1057,6952000,842,드라마,15세이상관람가,18397.14582074751,2013,6,해외,79.65941343424787
보는 것을 사랑한다,장편,한국,8,6732000,1057,3219000,466,다큐멘터리,전체관람가,15346.912721842908,2021,10,국내,44.08703878902555
신선조-낭인,장편,일본,20,4751000,1057,1085000,253,액션,15세이상관람가,10830.835166588779,2014,10,해외,23.935666982024596
에이지 오브 다이노소어,장편,미국,20,4743000,1057,1085000,253,SF,15세이상관람가,10812.597599480228,2014,10,해외,23.935666982024596
어느 비행사에 대한 추억,장편,일본,13,7564000,1056,6286000,857,애니메이션,12세이상관람가,17259.948886454913,2013,5,해외,81.15530303030303
크레이지 호스,장편,미국,4,8117000,1056,7003000,847,다큐멘터리,청소년관람불가,18521.814530850676,2012,4,해외,80.20833333333334
"파리오페라 발레의 별, 아녜스",장편,프랑스,8,8249500,1056,7146000,881,다큐멘터리,전체관람가,18824.16027747353,2014,12,해외,83.4280303030303
파리의 도둑고양이,장편,프랑스,4,7863500,1056,6249000,836,애니메이션,12세이상관람가,17943.36436655714,2012,4,해외,79.16666666666666
야쿠자-피의 전쟁,장편,일본,20,4668000,1052,1090000,258,액션,청소년관람불가,10692.198451601083,2014,10,해외,24.524714828897338
청풍자,장편,홍콩,20,4708000,1052,1090000,258,스릴러,15세이상관람가,10783.819689404005,2014,10,해외,24.524714828897338
아야의 밤엔 사랑이 필요해,장편,프랑스,11,8298100,1050,6470600,772,애니메이션,15세이상관람가,19043.258749282846,2014,8,해외,73.52380952380952
페이 더 고스트,장편,캐나다,42,7754500,1049,4282000,555,스릴러,15세이상관람가,17812.718940585986,2016,11,해외,52.907530981887504
JSA 남북공동초등학교,장편,한국,6,5262000,1049,3588000,714,드라마,전체관람가,12087.243157568311,2016,1,국내,68.0648236415634
죽을 때까지,장편,미국,53,10685640,1047,5301470,491,스릴러,청소년관람불가,24592.674422618842,2021,9,해외,46.895893027698186
멀리가지마라,장편,한국,34,7687500,1046,4210000,549,코미디,15세이상관람가,17709.461171646435,2021,3,국내,52.48565965583174
화이트 스톰,장편,홍콩,6,6187000,1046,2863000,492,액션,청소년관람불가,14252.80471791564,2014,2,해외,47.03632887189293
바바리안,장편,이탈리아,50,5225000,1045,2075000,415,드라마,15세이상관람가,12048.192771084337,2021,10,해외,39.71291866028708
유신의 추억-다카키 마사오의 전성시대,장편,한국,2,7137000,1043,3934000,554,다큐멘터리,12세이상관람가,16488.581362843513,2012,11,국내,53.11601150527325
"오늘, 우리",옴니버스,한국,12,7671600,1040,5041300,606,드라마,12세이상관람가,17774.791473586654,2019,10,국내,58.269230769230774
무서운 집,장편,한국,1,9371000,1039,8484000,910,공포(호러),12세이상관람가,21733.13079072788,2015,7,국내,87.58421559191531
조폭인 내가 고등학생이 되었습니다,장편,한국,16,15582000,1039,13498500,900,판타지,15세이상관람가,36137.6207428366,2024,2,국내,86.62175168431185
공각기동대 S.A.C - Solid State Society,장편,일본,6,11777000,1036,9846000,857,애니메이션,15세이상관람가,27392.19425966414,2013,5,해외,82.72200772200772
체인지오버,장편,뉴질랜드,10,9455760,1035,8577660,918,판타지,12세이상관람가,22014.4578313253,2019,9,해외,88.69565217391305
부도리의 꿈(감독판),장편,일본,2,7551000,1033,7551000,1033,애니메이션,전체관람가,17613.92131935292,2013,1,해외,100.0
늦여름,장편,한국,9,9348400,1032,7890300,812,멜로/로맨스,15세이상관람가,21827.776221163727,2018,10,국내,78.68217054263566
보로미니와 베르니니. 완벽을 위한 도전,장편,이탈리아,10,7398000,1031,3181500,347,다큐멘터리,전체관람가,17290.50050833791,2024,12,해외,33.656644034917555
엽문의 시작,장편,중국,48,11192000,1030,399500,37,액션,15세이상관람가,26183.179319218627,2023,6,해외,3.5922330097087376
짐승의 끝,장편,한국,1,7898000,1030,6880000,886,판타지,청소년관람불가,18477.014855538662,2011,3,국내,86.01941747572816
달빛 그림자,장편,일본,40,8010000,1029,5745800,729,드라마,12세이상관람가,18757.244722329553,2022,4,해외,70.8454810495627
"므이 : 저주, 돌아오다",장편,베트남,24,7914000,1029,2300500,241,공포(호러),15세이상관람가,18532.43879307317,2022,12,해외,23.420796890184644
극장판 노래하는☆왕자님♪ 타부 나이트 XXXX,장편,일본,68,10001200,1028,8137100,826,애니메이션,전체관람가,23442.876564624257,2025,11,해외,80.35019455252919
러브 달바,장편,프랑스,27,9434339,1028,6092439,630,드라마,15세이상관람가,22114.150766490086,2024,8,해외,61.284046692607006
에일리언 비키니,장편,한국,10,7416400,1028,5631400,729,SF,청소년관람불가,17384.08888472177,2011,8,국내,70.91439688715954
개그맨,장편,한국,34,9274900,1027,7044700,739,코미디,15세이상관람가,21761.59359932427,2024,10,국내,71.95715676728335
우스운게 딱! 좋아!,옴니버스,한국,14,8692700,1026,6133700,647,드라마,15세이상관람가,20415.46302167735,2022,6,국내,63.060428849902536
킥 오프,장편,이라크,8,7457790,1025,5301200,712,드라마,12세이상관람가,17532.271525124892,2010,7,해외,69.46341463414633
렛 미 아웃,장편,한국,10,7600000,1024,6645000,858,드라마,12세이상관람가,17884.036144578313,2013,8,국내,83.7890625
바람아 안개를 걷어가다오,장편,한국,22,8039300,1024,5024500,569,드라마,12세이상관람가,18917.780496987954,2021,10,국내,55.56640625
직지루트; 테라 인코그니타,장편,한국,10,9946800,1024,5080100,479,다큐멘터리,전체관람가,23406.43825301205,2025,11,국내,46.77734375
뮤직 네버 스탑,장편,미국,10,7398400,1023,4442400,547,드라마,12세이상관람가,17426.656773722458,2011,10,해외,53.47018572825024
추룡 2 : 패왕,장편,중국,14,5935800,1023,5232000,937,액션,15세이상관람가,13981.556725435466,2021,4,해외,91.59335288367546
아만다,장편,이탈리아,29,10465087,1021,7618337,700,드라마,15세이상관람가,24698.410488181915,2023,8,해외,68.56023506366307
홍어의 역습,장편,한국,4,9282500,1021,8019500,859,코미디,12세이상관람가,21907.414181702326,2025,12,국내,84.13320274240941
고향이 어디세요,장편,한국,41,7014900,1018,3728000,515,다큐멘터리,12세이상관람가,16604.492626695388,2017,11,국내,50.58939096267191
거미의 땅,장편,한국,6,6445100,1017,5651000,887,다큐멘터리,15세이상관람가,15270.758550425893,2016,1,국내,87.2173058013766
더 빌리지,장편,기타,26,9429380,1016,6742780,699,공포(호러),15세이상관람가,22363.580305473864,2019,11,해외,68.7992125984252
그림자 애인,장편,중국,22,6546500,1013,2409000,390,멜로/로맨스,12세이상관람가,15572.25942268581,2013,4,해외,38.4995064165844
아포칼립스 2014,장편,미국,21,4761000,1011,1055000,213,SF,12세이상관람가,11347.467019412963,2014,9,해외,21.068249258160236
어메이징 뮤턴트,장편,홍콩,21,4771000,1011,1060000,213,액션,전체관람가,11371.301228653487,2014,9,해외,21.068249258160236
짐작보다 따뜻하게,장편,한국,5,7402500,1011,6146000,784,드라마,12세이상관람가,17643.273390297094,2016,5,국내,77.54698318496538
데이팅 앰버,장편,기타,33,9352610,1010,5171510,565,코미디,15세이상관람가,22313.27686985566,2021,6,해외,55.940594059405946
런어웨이 걸,장편,미국,20,4758000,1010,1085000,253,코미디,15세이상관람가,11351.544793033521,2014,10,해외,25.04950495049505
해피 해피 레스토랑,장편,일본,24,7940120,1009,6675800,855,가족,전체관람가,18962.159838561383,2020,5,해외,84.73736372646185
나쁜 피,장편,한국,12,7233500,1008,1663000,209,범죄,청소년관람불가,17291.7861923886,2012,11,국내,20.734126984126984
해피해피,장편,한국,14,10276400,1008,5297500,455,드라마,12세이상관람가,24565.882577930774,2025,5,국내,45.13888888888889
산티아고의 흰 지팡이,장편,한국,21,7799460,1006,5792060,708,다큐멘터리,전체관람가,18681.78878536013,2020,3,국내,70.37773359840955
코드 기아스: 부활의 를르슈,장편,일본,32,10063100,1006,5729600,546,애니메이션,12세이상관람가,24103.81086972143,2021,4,해외,54.27435387673957
튤립 모양,장편,한국,31,9091099,1006,6532799,714,드라마,12세이상관람가,21775.608996622672,2023,4,국내,70.9741550695825
"자, 이제 댄스타임",장편,한국,2,6865000,1005,5757000,785,다큐멘터리,15세이상관람가,16459.869328058503,2014,6,국내,78.1094527363184
체이싱,장편,러시아,60,7693060,1005,1927500,254,액션,15세이상관람가,18445.26763771504,2020,4,해외,25.273631840796018
메콩호텔,장편,영국,13,6458000,1001,3730000,502,드라마,15세이상관람가,15545.899883249282,2014,2,해외,50.14985014985015
데드캠핑 더라이브,장편,한국,50,5000000,1000,2650000,530,스릴러,청소년관람불가,12048.192771084337,2022,5,국내,53.0
발리: 천상의 울림,장편,미국,11,10383700,1000,8932900,845,다큐멘터리,전체관람가,25020.96385542169,2019,4,해외,84.5
피어: 마지막 생존자,장편,미국,20,5000000,1000,1200000,240,액션,15세이상관람가,12048.192771084337,2021,12,해외,24.0
리플레이,장편,한국,33,11043800,999,7412600,661,멜로/로맨스,15세이상관람가,26638.204469529774,2025,11,국내,66.16616616616616
엘리트 스쿼드 2,장편,브라질,14,7200500,999,1634000,224,액션,청소년관람불가,17367.970380018574,2011,11,해외,22.42242242242242
챔피언스,장편,스페인,51,7688980,999,3446400,423,코미디,전체관람가,18546.208859461873,2019,2,해외,42.34234234234234
마녀들의 카니발,장편,한국,11,8705800,998,4206800,468,다큐멘터리,12세이상관람가,21019.87106743608,2024,9,국내,46.893787575150306
소녀와 여자,장편,한국,17,6742000,998,4763500,671,다큐멘터리,15세이상관람가,16278.33981215443,2016,6,국내,67.23446893787575
소림쿵푸: 마지막 대결,장편,중국,5,4681000,998,4681000,998,액션,12세이상관람가,11302.122316923003,2019,12,해외,100.0
감자심포니,장편,한국,9,6102991,995,2741000,510,액션,15세이상관람가,14779.90191923473,2009,12,국내,51.256281407035175
밀레니엄 : 제3부 벌집을 발로 찬 소녀,장편,스웨덴,9,7682000,995,5142500,622,범죄,청소년관람불가,18603.86268692862,2012,4,해외,62.51256281407035
혜옥이,장편,한국,23,8892099,995,6557699,661,드라마,12세이상관람가,21534.416661621362,2022,12,국내,66.4321608040201
케이지 다이브,장편,호주,22,8268000,994,6698000,775,드라마,15세이상관람가,20043.150469079537,2017,9,해외,77.96780684104627
공각기동대 어라이즈 보더: 2 고스트 위스퍼스,장편,일본,20,7424500,993,5969000,770,애니메이션,12세이상관람가,18016.476783265996,2013,12,해외,77.54279959718026
배틀트립 투 그리스,장편,프랑스,5,7002000,993,6332000,859,코미디,12세이상관람가,16991.227750882685,2018,4,해외,86.5055387713998
동아시아반일무장전선,장편,한국,23,7845500,992,6219000,755,다큐멘터리,15세이상관람가,19057.277497085117,2020,8,국내,76.10887096774194
다운폴,장편,독일,8,10222578,991,8701878,836,전쟁,청소년관람불가,24856.4259054381,2024,3,해외,84.35923309788093
그대라는기억 연숙씨,장편,한국,21,9319500,990,5627400,463,다큐멘터리,전체관람가,22683.46111719606,2022,6,국내,46.76767676767677
트레져 헌터: 비밀의 책,장편,중국,5,4657000,990,4657000,990,멜로/로맨스,12세이상관람가,11335.037118169648,2020,1,해외,100.0
산책하는 침략자,장편,일본,15,7998900,989,5852100,654,드라마,15세이상관람가,19488.835016506877,2018,8,해외,66.12740141557128
설인,장편,한국,6,7404500,988,6005500,793,판타지,청소년관람불가,18058.875176820646,2013,3,국내,80.26315789473685
소림퇴마: 악마사냥꾼,장편,중국,5,4771000,988,4771000,988,액션,12세이상관람가,11636.017755231453,2020,2,해외,100.0
욕망의 독: 중독,장편,한국,20,6135000,988,4510000,644,스릴러,청소년관람불가,14962.684747085508,2014,9,국내,65.18218623481782
우리가 말하지 않은 것,장편,일본,31,9462400,984,5978800,580,드라마,15세이상관람가,23171.71123518464,2022,9,해외,58.94308943089431
미스터 레오스 카락스,장편,프랑스,13,7939500,983,6127300,692,다큐멘터리,청소년관람불가,19462.182402039492,2015,10,해외,70.39674465920652
스타박'스 다방,장편,한국,28,6194000,983,2142500,298,코미디,15세이상관람가,15183.419333488584,2018,1,국내,30.31536113936928
스텝 바이 스텝,장편,프랑스,16,7309050,983,4698150,563,드라마,15세이상관람가,17916.75348392553,2018,10,해외,57.273652085452696
어제 뭐 먹었어? -극장판,장편,일본,20,9709595,983,6236695,582,드라마,12세이상관람가,23801.235460662592,2022,10,해외,59.20651068158698
악사들,장편,한국,11,6342200,981,1354500,176,다큐멘터리,15세이상관람가,15578.399223806542,2014,12,국내,17.940876656472987
이지머니 2,장편,스웨덴,5,4900000,980,4500000,900,액션,청소년관람불가,12048.192771084337,2016,5,해외,91.83673469387756
어 굿 맨,장편,프랑스,26,9028500,978,6486000,667,드라마,15세이상관람가,22244.80745066154,2021,11,해외,68.20040899795501
죄의 목소리,장편,일본,49,7767810,973,4070650,486,드라마,15세이상관람가,19237.01383127577,2025,11,해외,49.9486125385406
오늘 출가합니다,장편,한국,20,8491799,969,4132599,451,드라마,12세이상관람가,21116.786651248956,2023,4,국내,46.542827657378744
용의 치과의사,장편,일본,33,7433000,968,4735000,600,애니메이션,15세이상관람가,18502.93736931196,2017,10,해외,61.98347107438017
2만 종의 벌,장편,스페인,19,9135784,966,6671084,694,드라마,12세이상관람가,22788.755020080323,2023,12,해외,71.84265010351967
프랑스 다이어리,장편,프랑스,1,7321000,964,6051000,776,다큐멘터리,12세이상관람가,18299.75503674449,2013,6,해외,80.49792531120332
리틀 큐,장편,홍콩,37,7288460,963,3385000,426,드라마,전체관람가,18237.335635376396,2020,1,해외,44.23676012461059
열여섯의 봄,장편,중국,15,7927980,963,6225980,736,드라마,12세이상관람가,19837.555830799833,2019,11,해외,76.42782969885774
체 게바라 : 뉴맨,장편,쿠바,3,6157000,961,3334000,424,다큐멘터리,15세이상관람가,15438.235773478931,2012,11,해외,44.1207075962539
파스카,장편,한국,11,6701500,961,4273500,551,드라마,15세이상관람가,16803.530458984744,2015,7,국내,57.33610822060354
해머 오브 갓,장편,영국,42,7175470,960,2449000,314,액션,청소년관람불가,18010.717871485944,2020,11,해외,32.708333333333336
세입자,장편,한국,25,8327400,959,4585400,491,SF,15세이상관람가,20923.904167242483,2024,12,국내,51.199165797705945
한나를 위한 소나타,장편,독일,2,6118000,959,1720000,215,드라마,12세이상관람가,15372.438659748484,2013,10,해외,22.419186652763294
경고,장편,영국,42,9482470,957,5322900,519,공포(호러),15세이상관람가,23875.993000214025,2021,10,해외,54.2319749216301
데몬킹스,장편,프랑스,26,6610400,957,2100000,287,애니메이션,전체관람가,16644.38317533457,2016,2,해외,29.989550679205852
영건 탐정사무소,장편,한국,17,7177000,957,5660000,739,SF,청소년관람불가,18071.03020231396,2012,8,국내,77.22048066875654
아가미,장편,한국,22,8750500,955,6557800,711,가족,15세이상관람가,22079.10174730335,2024,11,국내,74.45026178010471
디바이드,장편,미국,8,7293000,954,1130500,154,공포(호러),청소년관람불가,18420.853224217626,2012,5,해외,16.142557651991616
모테키: 모태솔로 탈출기,장편,일본,6,4985000,954,4985000,954,코미디,15세이상관람가,12591.245485084994,2013,9,해외,100.0
사돈의 팔촌,장편,한국,10,6938500,954,5859000,781,멜로/로맨스,15세이상관람가,17525.447702760728,2016,5,국내,81.86582809224319
나이팅게일,장편,중국,5,6908000,951,5429000,667,가족,전체관람가,17503.452294984356,2014,9,해외,70.13669821240799
레이의 겨울방학,장편,한국,21,7645600,951,5022100,569,드라마,전체관람가,19372.379106330685,2026,2,국내,59.831756046267095
사랑의 불시착: 라이브 인 서울,장편,한국,16,17259500,951,12332000,703,드라마,12세이상관람가,43732.02589537963,2023,11,국내,73.92218717139852
늑대와 빨간 재킷,장편,프랑스,74,8525200,950,2893740,345,스릴러,청소년관람불가,21623.842739378568,2021,2,해외,36.31578947368421
동창 : 최후의 만찬,장편,한국,16,6137800,950,4566500,777,드라마,15세이상관람가,15568.294229549778,2026,2,국내,81.78947368421052
아홉수 로맨스,장편,한국,24,9437320,950,7290640,737,멜로/로맨스,12세이상관람가,23937.400126823082,2021,2,국내,77.57894736842104
아일랜드 - 시간을 훔치는 섬,장편,한국,21,7370900,948,4852200,587,미스터리,15세이상관람가,18735.448121600326,2015,11,국내,61.9198312236287
여덟 번의 감정,장편,한국,2,6605714,948,5768000,809,드라마,15세이상관람가,16790.488536424178,2010,9,국내,85.33755274261603
두 피아노를 위한 콘체르토,장편,프랑스,21,7933300,946,5126300,594,드라마,12세이상관람가,20207.595710537713,2026,1,해외,62.7906976744186
다 큰 여자들,장편,일본,2,6922426,943,6744000,914,드라마,15세이상관람가,17688.80655176379,2009,10,해외,96.92470837751856
열아홉,장편,한국,26,7982800,943,5537300,650,드라마,15세이상관람가,20398.369724923024,2021,6,국내,68.9289501590668
파도를 걷는 소년,장편,한국,25,7954220,943,4837220,518,드라마,15세이상관람가,20325.33953417062,2020,5,국내,54.93107104984093
노르웨이의 숲,장편,한국,8,7240683,941,2986000,358,코미디,청소년관람불가,18541.369729715887,2010,9,국내,38.04463336875664
더 뮬: 죽음의 질주,장편,미국,5,4910000,940,1750000,350,스릴러,15세이상관람가,12586.516277877468,2014,3,해외,37.234042553191486
불빛 아래서,장편,한국,13,7112700,940,5905500,756,다큐멘터리,12세이상관람가,18233.01717508331,2019,8,국내,80.42553191489363
블레이드 퍼피 워리어,장편,미국,20,4700000,940,3700000,740,애니메이션,전체관람가,12048.192771084337,2022,9,해외,78.72340425531915
올 더 네임즈 오브 갓,장편,헝가리,31,8290400,940,5758600,622,액션,12세이상관람가,21251.986670084592,2024,4,해외,66.17021276595744
오펄 드림,장편,호주,1,6395948,939,5970500,863,드라마,전체관람가,16413.123420198368,2008,12,해외,91.9062832800852
아워 프렌드,장편,미국,30,7385667,938,3255139,362,드라마,15세이상관람가,18973.121483803017,2023,11,해외,38.59275053304904
아이엠 포포,장편,한국,8,9863100,938,7698600,731,SF,12세이상관람가,25337.426464921522,2026,5,국내,77.93176972281451
그대 너머에,장편,한국,12,8082600,937,6208600,663,멜로/로맨스,전체관람가,20785.639891476258,2021,9,국내,70.75773745997866
디셉션,장편,프랑스,27,8057499,935,4928499,514,멜로/로맨스,15세이상관람가,20765.412022421235,2022,10,해외,54.97326203208556
밀크 오브 소로우-슬픈 모유,장편,스페인,1,7818000,933,7818000,933,드라마,15세이상관람가,20191.3764382288,2013,8,해외,100.0
요요현상,장편,한국,27,8678840,933,5918640,576,다큐멘터리,전체관람가,22414.648949495735,2021,1,국내,61.7363344051447
유아 어글리 투,장편,아일랜드,14,6495000,933,4839500,654,드라마,12세이상관람가,16774.493472281407,2016,5,해외,70.09646302250803
송곳니,장편,그리스,1,6772800,932,5583800,719,코미디,청소년관람불가,17510.729613733907,2012,1,해외,77.14592274678111
잠행,장편,홍콩,32,8456239,932,4988200,529,액션,15세이상관람가,21863.175448575417,2024,3,해외,56.75965665236051
솔로,장편,캐나다,5,4690000,930,1750000,350,공포(호러),15세이상관람가,12151.833139007644,2014,3,해외,37.634408602150536
보통의 우주는 찬란함을 꿈꾸는가?,장편,한국,14,8275678,925,5979639,580,코미디,15세이상관람가,21558.26245522631,2024,6,국내,62.70270270270271
12피트,장편,미국,40,7711350,924,3597000,402,스릴러,15세이상관람가,20109.92020028165,2018,11,해외,43.506493506493506
꿀벌과 천둥,장편,일본,35,8270600,923,4041100,431,드라마,전체관람가,21591.71898863058,2020,10,해외,46.695557963163594
구직자들,장편,한국,29,8404650,920,5921080,631,SF,전체관람가,22013.226820324777,2020,11,국내,68.58695652173913
장 미쉘 바스키아: 더 레이디언트 차일드,장편,미국,18,8421600,920,5823800,631,다큐멘터리,12세이상관람가,22057.62179151388,2020,12,해외,68.58695652173913
보이지 않아,장편,한국,29,9032491,919,6601691,647,드라마,12세이상관람가,23683.393421345885,2023,4,국내,70.40261153427639
바람의 소리,장편,중국,5,4536000,918,2100000,420,범죄,15세이상관람가,11906.449326718639,2013,6,해외,45.751633986928105
"이,기적인 남자",장편,한국,14,7401800,918,3168000,396,드라마,15세이상관람가,19428.826416778225,2018,10,국내,43.13725490196079
작은새와 돼지씨,장편,한국,9,6836300,917,4109200,493,다큐멘터리,전체관람가,17964.026224855803,2022,8,국내,53.76226826608506
경,장편,한국,4,6300624,916,7892900,916,드라마,15세이상관람가,16574.483085179145,2010,4,국내,100.0
"블루 서멀, 같은 하늘을 보고 싶어",장편,일본,62,9151013,916,3124022,311,애니메이션,전체관람가,24072.74425211764,2023,3,해외,33.95196506550218
라 파미에,장편,프랑스,16,6251280,914,4248300,573,드라마,12세이상관람가,16480.662255147505,2019,12,해외,62.691466083150985
포커페이스,장편,미국,51,8224894,914,3993798,430,범죄,15세이상관람가,21683.831167119242,2023,3,해외,47.04595185995623
다시 김대중-함께 합시다,장편,한국,58,8128817,912,3885017,431,다큐멘터리,12세이상관람가,21477.533819488483,2024,3,국내,47.25877192982456
커밍 홈,장편,스웨덴,11,5531000,911,241000,30,드라마,12세이상관람가,14629.75943290175,2015,5,해외,3.293084522502744
인 더 섀도우 오브 우먼,장편,프랑스,7,6473000,910,3489000,425,드라마,15세이상관람가,17140.20918840196,2016,1,해외,46.7032967032967
열 개의 우물,장편,한국,11,7416100,909,3440600,355,다큐멘터리,12세이상관람가,19659.09843996448,2024,10,국내,39.05390539053906
나를 닮은 얼굴,장편,한국,2,5023370,907,3339500,494,다큐멘터리,전체관람가,13345.651625244087,2010,9,국내,54.46527012127894
리틀 조,장편,오스트리아,22,9172400,907,5342900,514,드라마,12세이상관람가,24368.432937925907,2021,4,해외,56.67034178610805
동경 표류일기,장편,싱가포르,5,6571000,904,4487000,539,애니메이션,청소년관람불가,17515.193517432563,2015,7,해외,59.623893805309734
천사는 바이러스,장편,한국,44,6344710,904,2531810,324,드라마,15세이상관람가,16912.010875359847,2021,1,국내,35.84070796460177
거룩한 소녀 마리아,장편,독일,6,6436100,903,4816100,654,드라마,12세이상관람가,17174.61206954062,2014,10,해외,72.42524916943522
슬랙 베이: 바닷가 마을의 비밀,장편,프랑스,12,6576600,901,4652800,592,미스터리,청소년관람불가,17588.48936255566,2018,4,해외,65.70477247502775
조상님이 보고계셔,장편,베트남,47,7289700,901,1936000,243,코미디,15세이상관람가,19495.60729042697,2025,11,해외,26.970033296337405
무경계,장편,한국,9,8614339,898,5204039,581,다큐멘터리,전체관람가,23115.193066251646,2023,11,국내,64.69933184855235
왓니껴,장편,한국,5,5622000,898,2293000,314,드라마,12세이상관람가,15085.732685754154,2014,8,국내,34.96659242761693
좀비크러쉬: 헤이리,장편,한국,23,7134970,897,3720500,417,코미디,15세이상관람가,19166.888288941722,2021,6,국내,46.48829431438127
"믿거나 말거나, 진짜야",장편,프랑스,20,8423026,896,6544226,661,SF,15세이상관람가,22652.285929432015,2023,6,해외,73.77232142857143
비단꽃길,장편,한국,8,5820500,896,3470000,450,다큐멘터리,전체관람가,15653.23795180723,2013,10,국내,50.22321428571429
션샤인 러브,장편,한국,17,7069800,896,3985300,475,판타지,12세이상관람가,19013.01635111876,2015,9,국내,53.01339285714286
아부쟁이,장편,한국,41,8617000,896,3669000,411,액션,15세이상관람가,23173.94578313253,2022,6,국내,45.870535714285715
8인의 수상한 신사들,장편,일본,7,7116100,894,5105500,602,액션,15세이상관람가,19180.345543246814,2017,6,해외,67.33780760626398
신비의 법,장편,일본,2,6837000,893,6170000,805,애니메이션,12세이상관람가,18448.710856865313,2012,11,해외,90.14557670772676
하루 또 하루,장편,한국,12,8234200,893,5306000,590,드라마,12세이상관람가,22218.864258827023,2025,4,국내,66.06942889137738
더 콩그레스,장편,이스라엘,13,6249000,892,3737000,502,애니메이션,15세이상관람가,16880.976822086555,2014,6,해외,56.27802690582959
샤먼 로드,장편,한국,5,4152000,890,898000,407,다큐멘터리,12세이상관람가,11241.369974279141,2021,7,국내,45.73033707865169
군다,장편,미국,21,7840000,888,5427500,549,다큐멘터리,전체관람가,21274.2863345273,2022,7,해외,61.82432432432432
에브리씽 머스트 고,장편,미국,7,6047500,887,4376500,595,코미디,15세이상관람가,16428.736365982535,2012,7,해외,67.08004509582864
"식물카페, 온정",장편,한국,19,6308140,886,2919240,319,기타,전체관람가,17156.136963202698,2021,6,국내,36.00451467268623
에듀케이션,장편,한국,23,7510670,886,5530470,598,드라마,12세이상관람가,20426.63656884876,2020,11,국내,67.49435665914221
페티쉬,장편,한국,3,6524946,886,4764000,656,스릴러,청소년관람불가,17745.78041284778,2010,11,국내,74.04063205417607
맛있는 인생,장편,한국,4,6129233,885,5488000,769,드라마,15세이상관람가,16688.402423252333,2010,10,국내,86.89265536723164
포겟 미 낫-엄마에게 쓰는 편지,장편,한국,33,7777110,884,6035610,670,다큐멘터리,12세이상관람가,21199.12228097912,2021,6,국내,75.7918552036199
필스,장편,영국,6,6434000,883,5369500,717,범죄,청소년관람불가,17557.887268212147,2013,11,해외,81.2004530011325
더 봄버 : 최강폭격부대,장편,러시아,5,4420000,880,4200000,840,전쟁,15세이상관람가,12102.957283680176,2015,12,해외,95.45454545454545
1944,장편,에스토니아,5,4420000,880,4200000,840,전쟁,15세이상관람가,12102.957283680176,2015,12,해외,95.45454545454545
필그리미지,장편,아일랜드,20,6472950,879,4947500,627,액션,15세이상관람가,17744.561865208274,2019,4,해외,71.33105802047781
물비늘,장편,한국,18,7539700,878,5995650,651,드라마,12세이상관람가,20692.428026456626,2023,12,국내,74.14578587699316
퍼스트 그레이더,장편,영국,6,6197000,878,3865000,522,드라마,12세이상관람가,17007.43749485413,2012,5,해외,59.453302961275625
더 마더,장편,스페인,32,8817300,877,5980900,572,스릴러,15세이상관람가,24226.3466637359,2022,2,해외,65.22234891676169
새를 사랑한 화가,장편,프랑스,16,8043799,877,6652599,700,다큐멘터리,전체관람가,22101.08117761811,2023,1,해외,79.81755986316989
술타나의 꿈,장편,스페인,31,7850800,876,4166700,433,애니메이션,12세이상관람가,21595.422787038566,2026,4,해외,49.42922374429224
시체들의 새벽: 컨테이젼,장편,불가리아,52,7651860,875,2690920,298,공포(호러),청소년관람불가,21072.247848537005,2020,4,해외,34.05714285714286
"나의 끝, 당신의 시작",장편,독일,16,7494200,874,5153800,575,드라마,15세이상관람가,20661.685644178546,2021,11,해외,65.78947368421053
암살교실: 졸업편,장편,일본,46,6699500,874,2633000,332,액션,12세이상관람가,18470.679054892338,2017,4,해외,37.986270022883296
아망떼,장편,프랑스,21,7418200,870,4773900,495,멜로/로맨스,15세이상관람가,20546.184738955824,2022,3,해외,56.896551724137936
아이 킬 유,장편,한국,22,9126700,870,4003400,378,액션,15세이상관람가,25278.216313529985,2025,7,국내,43.44827586206896
동경 이야기,장편,일본,2,6972400,869,5958400,740,드라마,전체관람가,19333.675322694693,2014,8,해외,85.15535097813579
"오늘 하늘이 가장 좋아,라고 아직 말할 수 없는 나는",장편,일본,81,8239800,866,4236500,463,드라마,12세이상관람가,22927.1821697877,2025,11,해외,53.46420323325635
철암 계곡의 혈투,장편,한국,10,6357500,866,5131500,672,서부극(웨스턴),청소년관람불가,17689.69643006205,2012,7,국내,77.59815242494227
키리시마가 동아리활동 그만둔대,장편,일본,4,6532200,865,5038200,632,드라마,15세이상관람가,18196.810362838638,2014,6,해외,73.06358381502889
부모 바보,장편,한국,17,7785500,864,4634500,464,드라마,15세이상관람가,21713.241856314147,2025,1,국내,53.70370370370371
연애 징크스!!!,장편,일본,6,6051000,864,5135000,727,멜로/로맨스,전체관람가,16875.836680053548,2014,2,해외,84.14351851851852
청춘그루브,장편,한국,5,6922500,864,6242500,767,드라마,15세이상관람가,19306.392235609102,2012,3,국내,88.77314814814815
백년의 기억,장편,프랑스,6,5618500,862,2849000,347,다큐멘터리,전체관람가,15705.97936991586,2020,6,해외,40.25522041763341
소울 오브 브레드,장편,대만,5,5909000,862,5029000,716,멜로/로맨스,12세이상관람가,16518.044335113074,2013,12,해외,83.06264501160094
그리다,옴니버스,한국,15,5996300,861,5024500,695,드라마,12세이상관람가,16781.551292277123,2017,10,국내,80.72009291521486
불곰영웅 밤세: 도둑들의 도시,장편,스웨덴,46,6738000,860,2058500,232,애니메이션,전체관람가,18879.237881759596,2017,4,해외,26.976744186046513
인 데어 스킨,장편,캐나다,5,6800000,860,5600000,700,스릴러,청소년관람불가,19052.956010086862,2014,5,해외,81.3953488372093
고양이키스 : 당신에게 마음을 여는 순간,장편,한국,18,7708600,858,5230900,514,드라마,전체관람가,21649.113938270562,2025,2,국내,59.90675990675991
바다,장편,한국,8,6226000,858,4054500,511,드라마,12세이상관람가,17485.325919060862,2011,9,국내,59.557109557109555
피아노 프리즘,장편,한국,17,6937200,858,3994900,473,다큐멘터리,전체관람가,19482.685988710087,2023,8,국내,55.12820512820513
창간호,옴니버스,한국,7,7174650,857,6362650,732,드라마,15세이상관람가,20173.060972009393,2019,1,국내,85.41423570595099
마라가 큰 결정을 해야 해,장편,미국,79,7475940,856,2830800,321,멜로/로맨스,15세이상관람가,21044.75847314492,2021,1,해외,37.5
잠자리 구하기,장편,한국,27,7718000,856,5517500,558,다큐멘터리,12세이상관람가,21726.15696430582,2024,10,국내,65.18691588785047
플레인 하이스트,장편,미국,50,4211000,851,1200000,240,액션,15세이상관람가,11923.605113757025,2020,9,해외,28.202115158636897
험악한 꿈,장편,미국,41,6724000,850,4262900,518,멜로/로맨스,15세이상관람가,19061.65839829908,2019,2,해외,60.94117647058823
5월18일생,장편,한국,27,7679650,848,4186700,442,드라마,15세이상관람가,21822.147078881564,2026,5,국내,52.12264150943396
축구의 신: 마라도나,장편,스페인,10,6557963,847,5492000,701,다큐멘터리,15세이상관람가,18656.81284761241,2010,6,해외,82.76269185360094
겨울의 빛,장편,한국,31,6864200,846,3459400,386,드라마,15세이상관람가,19551.11225042012,2026,2,국내,45.62647754137116
너의 목소리,장편,일본,43,6613380,846,2999180,365,애니메이션,전체관람가,18836.708536272752,2019,5,해외,43.14420803782506
락다운 213주,장편,미국,61,7664799,845,3573900,381,스릴러,15세이상관람가,21857.27240322236,2022,8,해외,45.0887573964497
돈 룩 디퍼,장편,미국,14,7442028,844,5825200,636,SF,15세이상관람가,21247.153543082284,2023,9,해외,75.35545023696683
완벽한 파트너-감독판,장편,한국,4,6788000,844,1979000,234,코미디,청소년관람불가,19379.889225147035,2011,12,국내,27.72511848341232
접전: 갑을 전쟁,장편,한국,7,6601880,843,5434380,603,코미디,15세이상관람가,18870.87138589947,2019,11,국내,71.53024911032028
카이지,장편,일본,7,6142439,843,2814000,383,드라마,15세이상관람가,17557.601223398935,2010,8,해외,45.43297746144721
행복의 노란 손수건,장편,일본,23,6235600,840,2259400,278,드라마,15세이상관람가,17887.550200803213,2025,4,해외,33.095238095238095
쑤저우강,장편,중국,16,9049700,838,6995600,621,판타지,15세이상관람가,26022.08356097421,2024,10,해외,74.10501193317423
럭키 데이 인 파리,장편,미국,63,6962700,836,5313200,565,멜로/로맨스,12세이상관람가,20068.887992160027,2025,11,해외,67.58373205741627
바리데기,장편,한국,33,8353700,836,2333300,223,공포(호러),청소년관람불가,24078.226782729,2024,9,국내,26.674641148325357
벤데타: 복수의 시간,장편,캐나다,50,7300000,836,1340000,140,액션,15세이상관람가,21041.10220787456,2023,1,해외,16.74641148325359
나의이름,장편,한국,38,6997500,833,4819500,560,멜로/로맨스,12세이상관람가,20241.831672428005,2020,10,국내,67.22689075630252
체르노빌: 원전 대폭발,장편,러시아,5,4180000,830,3900000,780,어드벤처,12세이상관람가,12135.288140513863,2015,12,해외,93.97590361445783
링크,장편,한국,4,6099500,829,5553500,731,스릴러,청소년관람불가,17729.300797883938,2011,7,국내,88.17852834740651
블러드 킬,장편,미국,50,4283500,829,603500,93,범죄,15세이상관람가,12450.768090455913,2020,9,해외,11.218335343787695
뷰티풀 라이즈,장편,프랑스,13,5775500,828,3832500,522,멜로/로맨스,15세이상관람가,16807.810953960772,2013,10,해외,63.04347826086957
킬러의 레스토랑,장편,미국,44,5535000,825,1975000,236,액션,15세이상관람가,16166.484118291348,2023,8,해외,28.606060606060606
맨 어바웃 타운,장편,미국,1,5856500,824,5574000,773,멜로/로맨스,15세이상관람가,17126.272078605685,2009,6,해외,93.81067961165049
무협강호,장편,중국,48,4230000,824,630000,104,액션,12세이상관람가,12369.867820797755,2020,11,해외,12.62135922330097
시스터 스마일,장편,벨기에,2,6486846,824,6110000,756,드라마,12세이상관람가,18969.604632120718,2010,4,해외,91.74757281553399
래시: 뉴 어드벤처,장편,독일,7,7184000,823,5314000,592,어드벤처,전체관람가,21033.831559530958,2024,9,해외,71.93195625759417
레이징 그레이스,장편,영국,28,7629986,823,4679456,491,스릴러,15세이상관람가,22339.621426166395,2024,3,해외,59.65978128797084
책 종이 가위,장편,일본,14,7737078,823,5785428,587,다큐멘터리,전체관람가,22653.17308114597,2023,9,해외,71.32442284325637
굿 매너스,장편,브라질,9,5356300,822,3256700,387,판타지,청소년관람불가,15701.638671474218,2018,5,해외,47.08029197080292
하쉬 타임,장편,미국,1,6207748,822,1472000,184,액션,청소년관람불가,18197.60208718084,2009,9,해외,22.38442822384428
마이 선,장편,프랑스,28,6032557,821,2691358,313,스릴러,15세이상관람가,17705.580910731842,2022,12,해외,38.12423873325213
고스톱 살인,장편,한국,5,5479500,820,4134500,608,판타지,15세이상관람가,16101.968851013811,2014,3,국내,74.14634146341463
눈꺼풀,장편,한국,14,5942200,820,4029500,512,드라마,15세이상관람가,17461.651483984722,2018,4,국내,62.4390243902439
포스터,장편,영국,4,3410000,820,2800000,700,가족,전체관람가,10020.570085218926,2013,12,해외,85.36585365853658
사랑가 사랑을 더하다,장편,한국,7,7459800,817,3358000,373,드라마,15세이상관람가,22001.74013065727,2025,10,국내,45.65483476132191
반딧불이의 묘,장편,일본,33,6008800,814,2771800,353,애니메이션,"12세이상관람가,전체관람가",17787.51369112815,2014,6,해외,43.36609336609337
군사통제구역 팔이공지대,장편,한국,3,5950000,813,4944000,646,미스터리,청소년관람불가,17635.116110197247,2013,7,국내,79.45879458794587
춤추는 동물원,장편,한국,5,6013343,813,5339400,701,드라마,15세이상관람가,17822.857481586867,2010,12,국내,86.22386223862239
몽그렐스,장편,캐나다,7,7587550,811,6384000,671,드라마,15세이상관람가,22544.08509500394,2026,5,해외,82.73736128236744
타이거마스크,장편,한국,36,6192250,811,4172500,548,코미디,12세이상관람가,18398.377727927742,2021,12,국내,67.57090012330457
사랑을 위한 여행,장편,미국,5,4050000,810,3775000,755,멜로/로맨스,15세이상관람가,12048.192771084337,2015,7,해외,93.20987654320987
써드 스타,장편,영국,5,4050000,810,3775000,755,드라마,15세이상관람가,12048.192771084337,2015,8,해외,93.20987654320987
초상화의 이면. 아카데미아 카라라의 보물들,장편,이탈리아,16,6035000,810,2883700,342,다큐멘터리,전체관람가,17953.29466012197,2025,5,해외,42.22222222222222
보통의 용기,장편,한국,8,6552600,809,2273000,286,다큐멘터리,전체관람가,19517.17872727002,2022,6,국내,35.35228677379481
구독좋아요알림설정,장편,미국,16,8584900,808,4874300,465,코미디,청소년관람불가,25602.111415960877,2021,5,해외,57.54950495049505
모탈: 레전드 오브 토르,장편,기타,28,5742080,808,3986100,590,액션,12세이상관람가,17124.179887868304,2020,7,해외,73.01980198019803
퍼펙트 타겟,장편,프랑스,16,5974900,808,2762300,335,액션,15세이상관람가,17818.50172969104,2019,6,해외,41.46039603960396
플라잉 머신 3D,장편,영국,7,6697000,807,5531000,658,애니메이션,전체관람가,19996.71548648124,2014,1,해외,81.5365551425031
압록강은 흐른다,장편,한국,1,3397814,806,3360500,797,드라마,전체관람가,10158.193070046937,2009,6,국내,98.8833746898263
로데오,장편,프랑스,17,7141400,805,5425400,592,드라마,15세이상관람가,21376.636982713462,2025,5,해외,73.54037267080746
마음에 부는 바람,장편,일본,13,6953000,805,6345500,739,기타,12세이상관람가,20812.69176083215,2020,11,해외,91.80124223602485
파이널 킬,장편,미국,49,4046000,804,366000,68,액션,15세이상관람가,12126.116405922197,2020,9,해외,8.45771144278607
"무순, 세상을 가로질러",장편,한국,17,7554000,802,6195000,616,다큐멘터리,전체관람가,22696.27136976835,2021,4,국내,76.80798004987531
소규모 아카시아 밴드 이야기,장편,한국,5,5721328,802,5152500,703,다큐멘터리,12세이상관람가,17189.94081062404,2010,1,국내,87.65586034912718
스케이트 오어 다이,장편,프랑스,1,6542723,801,6440000,788,액션,청소년관람불가,19682.393995457485,2010,10,해외,98.37702871410737
컴플라이언스,장편,미국,6,5712500,800,3679500,489,범죄,청소년관람불가,17206.32530120482,2013,8,해외,61.12499999999999
페이퍼맨,장편,한국,21,7627300,800,5193300,523,드라마,15세이상관람가,22973.795180722893,2024,10,국내,65.375
러브 앤 피스,장편,일본,9,6195500,799,4801500,585,드라마,12세이상관람가,18684.500203567713,2016,1,해외,73.21652065081352
태양은 움직이지 않는다,장편,일본,42,7682100,799,4073000,375,액션,15세이상관람가,23167.81519067509,2021,11,해외,46.93366708385482
더 리프: 언더 워터,장편,호주,33,7301223,798,4398628,450,스릴러,15세이상관람가,22046.752423226742,2023,9,해외,56.390977443609025
제로 모티베이션,장편,이스라엘,14,5370000,798,3079000,390,드라마,15세이상관람가,16215.236887399222,2016,1,해외,48.87218045112782
하우스 오브 투모로우,장편,미국,21,6262700,798,4120800,492,드라마,15세이상관람가,18910.831295105236,2019,6,해외,61.65413533834586
다영씨,장편,한국,19,5206600,797,2912100,442,드라마,12세이상관람가,15741.560974134934,2018,12,국내,55.45796737766625
필름 소셜리즘,장편,프랑스,5,5674500,797,3743500,447,드라마,15세이상관람가,17156.203231999516,2013,3,해외,56.0853199498118
소녀가 소녀에게,장편,일본,9,7761100,796,7063100,703,드라마,15세이상관람가,23494.278622025795,2020,1,해외,88.31658291457286
"용서, 그 먼 길 끝에 당신이 있습니까",장편,한국,2,4634500,795,4634500,795,다큐멘터리,12세이상관람가,14047.131923922105,2008,11,국내,100.0
혼자,장편,한국,8,5355500,794,3966500,577,스릴러,청소년관람불가,16252.921003914906,2016,11,국내,72.67002518891688
나의 작은 동무,장편,기타,40,6635440,793,3424570,358,드라마,12세이상관람가,20162.688585362892,2021,1,해외,45.14501891551072
자메이카의 소울: 이나 데 야드,장편,프랑스,12,6934010,789,4793840,488,다큐멘터리,12세이상관람가,21176.752637928137,2021,7,해외,61.85044359949303
컬트 시카리오,장편,미국,48,4234000,789,500000,100,미스터리,15세이상관람가,12930.810695252492,2024,10,해외,12.67427122940431
"안나, 평양에서 영화를 배우다",장편,호주,6,6131000,788,4622000,556,다큐멘터리,전체관람가,18748.08880190814,2018,9,해외,70.55837563451777
파이 굽는 엄마,장편,한국,7,7158400,788,3439800,334,다큐멘터리,전체관람가,21889.792673230993,2026,3,국내,42.38578680203046
콜드 미트,장편,영국,57,6962260,786,1387800,143,스릴러,15세이상관람가,21344.18590392103,2026,3,해외,18.193384223918574
Jam Docu 강정,옴니버스,한국,3,5397000,786,4410000,612,다큐멘터리,12세이상관람가,16545.571599374598,2011,12,국내,77.86259541984732
숨,장편,한국,8,5033000,785,2935000,380,드라마,15세이상관람가,15449.313176271968,2011,9,국내,48.40764331210191
밤빛,장편,한국,31,6375110,784,3451910,377,드라마,전체관람가,19594.018932874355,2021,3,국내,48.08673469387755
썩시드,장편,태국,12,7412200,783,6924200,714,코미디,12세이상관람가,22810.629491144657,2020,1,해외,91.18773946360153
졸업,장편,한국,12,5807800,783,1396300,176,다큐멘터리,12세이상관람가,17873.178537906417,2019,11,국내,22.47765006385696
"허황옥 3일, 잃어버린 2천 년의 기억",장편,한국,21,6632000,783,2356000,265,다큐멘터리,전체관람가,20409.607779778118,2022,5,국내,33.84418901660281
눈이라도 내렸으면,장편,한국,3,5611000,782,1493000,241,드라마,15세이상관람가,17289.618833389828,2016,5,국내,30.818414322250636
더 시크릿,장편,홍콩,12,5160000,782,3169000,417,판타지,15세이상관람가,15899.916802760918,2016,9,해외,53.32480818414322
117편의 러브레터,장편,헝가리,18,5790770,782,3406670,439,멜로/로맨스,15세이상관람가,17843.558376729423,2021,3,해외,56.13810741687979
뮤직 바이 시아,장편,미국,19,7861500,781,6723000,643,드라마,15세이상관람가,24255.279761812937,2022,12,해외,82.33034571062741
운명의 산 낭가 파르밧,장편,독일,6,4958000,781,3523000,530,드라마,전체관람가,15297.039630995174,2013,12,해외,67.8617157490397
피어 오브 레인,장편,미국,47,3900000,780,1210000,242,드라마,15세이상관람가,12048.192771084337,2021,7,해외,31.025641025641026
래미의 드래곤월드 구출작전,장편,중국,65,6067340,779,634500,74,애니메이션,전체관람가,18767.774564238985,2020,7,해외,9.499358151476251
"이별유예, 일주일",장편,한국,29,7586000,779,3386500,348,드라마,15세이상관람가,23465.36337906182,2020,12,국내,44.67265725288832
페르소나: 이상한 여자,장편,한국,19,6979800,778,5138500,521,드라마,15세이상관람가,21617.988664168242,2025,1,국내,66.96658097686375
낙엽귀근,장편,중국,23,6259880,777,3893400,460,코미디,15세이상관람가,19413.189437285826,2020,9,해외,59.202059202059196
프리즘 오브 그레이 락,장편,한국,10,8235400,777,6366400,588,가족,15세이상관람가,25539.68770836241,2025,12,국내,75.67567567567568
허셀프,장편,영국,23,6556600,777,3802400,406,드라마,15세이상관람가,20333.379851452144,2022,5,해외,52.25225225225225
늑대의 아이들,장편,폴란드,12,5407100,776,4810100,513,미스터리,15세이상관람가,16790.150291889207,2019,11,해외,66.1082474226804
앙상블,장편,한국,1,6195500,776,6195500,776,드라마,전체관람가,19238.293379704384,2014,12,국내,100.0
마인드케이지,장편,미국,50,4694000,774,1000000,160,범죄,15세이상관람가,14613.492730612372,2023,5,해외,20.671834625322997
예스 평창!,장편,한국,11,6530800,774,5996300,683,다큐멘터리,전체관람가,20331.87011612341,2018,3,국내,88.24289405684755
달에 부는 바람,장편,한국,7,4901600,773,3086000,482,다큐멘터리,전체관람가,15279.539893078134,2016,5,국내,62.35446313065977
리셋,장편,캐나다,12,7156300,772,5484400,557,다큐멘터리,12세이상관람가,22336.9124165054,2025,4,해외,72.15025906735751
이번 일요일에,장편,일본,2,4993398,771,4069000,598,드라마,전체관람가,15606.075664525808,2010,3,해외,77.56160830090792
더 터널,장편,기타,36,7060550,768,2358670,263,액션,12세이상관람가,22152.830070281125,2021,3,해외,34.24479166666667
하이재킹: 메이데이,장편,베트남,17,9391500,768,2810100,223,액션,15세이상관람가,29466.302710843374,2026,3,해외,29.036458333333332
울지 않는 아이,장편,한국,40,7614900,767,3436000,307,드라마,15세이상관람가,23923.281129734063,2025,4,국내,40.02607561929596
태극기 집회 / 7년의 기록,장편,한국,29,6561600,767,3559000,420,다큐멘터리,12세이상관람가,20614.190791850586,2025,6,국내,54.758800521512384
시리아의 비가(悲歌): 들리지 않는 노래,장편,미국,11,6273800,766,4717500,517,다큐멘터리,15세이상관람가,19735.757652017994,2017,11,해외,67.49347258485639
"씨, 베토벤",장편,한국,8,5612000,764,4346000,559,드라마,15세이상관람가,17700.11985113228,2014,3,국내,73.1675392670157
이중섭의 아내,장편,일본,11,5572700,764,3940500,494,다큐멘터리,전체관람가,17576.16854853971,2016,9,해외,64.65968586387434
너무 밝히는 소녀 알마,장편,노르웨이,4,5518000,762,4676000,616,코미디,청소년관람불가,17449.324858489075,2012,4,해외,80.83989501312337
허비 행콕: 무한한 가능성,장편,미국,11,5328250,762,2829050,338,다큐멘터리,전체관람가,16849.286911425228,2019,2,해외,44.35695538057743
맘마 로마,장편,이탈리아,17,6730400,761,3753300,417,드라마,15세이상관람가,21311.21067713693,2025,8,해외,54.796320630749015
무빙 포 워드,장편,한국,5,10470000,760,9525000,697,코미디,12세이상관람가,33195.94166138238,2023,12,국내,91.71052631578948
블랙가스펠2: 소울을 찾는 여정가운데 만난 사람들,장편,한국,7,5806000,760,5538000,725,다큐멘터리,전체관람가,18408.37032339886,2016,4,국내,95.39473684210526
소시민,장편,한국,10,5585800,760,4117500,551,코미디,15세이상관람가,17710.20925808497,2017,1,국내,72.5
워헌트,장편,미국,50,6840000,760,3510000,390,액션,15세이상관람가,21686.746987951807,2022,7,해외,51.31578947368421
인플루엔자,장편,한국,15,7249900,760,5254400,519,드라마,15세이상관람가,22986.366518706407,2022,8,국내,68.28947368421052
리바이벌 69’,장편,미국,33,7896600,758,5067400,426,다큐멘터리,15세이상관람가,25102.838795816515,2024,12,해외,56.200527704485495
팔마,장편,러시아,15,6494400,758,5072400,556,드라마,전체관람가,20645.325364783675,2022,4,해외,73.35092348284961
콩가네,장편,한국,3,5451500,755,4212000,563,가족,청소년관람불가,17398.866991143383,2013,7,국내,74.56953642384106
오키나와 블루노트,장편,한국,12,6899920,753,4103720,404,드라마,15세이상관람가,22080.097281556507,2025,7,국내,53.65205843293492
장고 인 멜로디,장편,프랑스,16,5555300,752,2790400,337,드라마,12세이상관람가,17800.884388618302,2018,3,해외,44.81382978723404
피의 만우절,장편,스페인,5,3750000,750,3000000,600,공포(호러),청소년관람불가,12048.192771084337,2014,4,해외,80.0
귀신의 향기,장편,한국,17,5295500,748,1309200,172,공포(호러),15세이상관람가,17059.145673603507,2019,7,국내,22.994652406417114
노 원 리브스,장편,미국,6,5199000,748,4201000,611,스릴러,청소년관람불가,16748.27652857419,2013,8,해외,81.68449197860963
더 테러리스트,장편,기타,17,6063400,748,5235020,633,범죄,15세이상관람가,19532.890921976676,2020,2,해외,84.62566844919786
도쿄아포칼립스: 최후의 결전,장편,일본,20,3935000,748,327000,63,액션,청소년관람불가,12676.373944977773,2015,9,해외,8.422459893048128
산딸기,장편,스웨덴,1,6060000,748,6060000,748,드라마,12세이상관람가,19521.93801945751,2013,5,해외,100.0
굿닥터,장편,미국,18,5395500,747,1784000,245,스릴러,청소년관람불가,17404.557991000147,2012,12,해외,32.79785809906292
세 얼간이 감독판,장편,인도,0,6054000,742,6054000,742,코미디,12세이상관람가,19660.312408664307,2011,8,해외,100.0
싱크로닉,장편,미국,39,7008650,740,3331460,336,SF,15세이상관람가,22822.044936502767,2021,4,해외,45.40540540540541
안동,장편,한국,8,7168300,739,3836600,351,드라마,12세이상관람가,23373.493975903617,2025,10,국내,47.496617050067655
앵그리 애니,장편,프랑스,21,8766306,738,6275706,535,드라마,12세이상관람가,28622.803408756983,2023,11,해외,72.49322493224932
목중무인 : 안하무인,장편,중국,50,3936000,736,1000000,200,사극,15세이상관람가,12886.327920377162,2024,6,해외,27.173913043478258
아이 스틸 빌리브,장편,미국,33,6884200,736,4644200,473,드라마,전체관람가,22538.632792037715,2022,1,해외,64.2663043478261
스피릿 핑거스! 2화,장편,한국,16,5145000,735,4340000,620,드라마,12세이상관람가,16867.469879518074,2025,8,국내,84.35374149659864
바깥 나라의 소녀,장편,일본,6,5030329,734,3576088,521,애니메이션,12세이상관람가,16513.99822724139,2023,5,해외,70.98092643051771
키리에의 노래: 디렉터스 컷,장편,일본,9,6353636,732,4338761,457,드라마,15세이상관람가,20915.25446046481,2023,11,해외,62.431693989071036
선생님과 길고양이,장편,일본,53,5860820,730,3248080,401,코미디,전체관람가,19345.8326456511,2020,4,해외,54.93150684931507
노트르담,장편,프랑스,15,6517980,729,5633280,627,드라마,15세이상관람가,21544.548564628887,2021,12,해외,86.0082304526749
스피드 : 레이스 1,장편,대만,16,6556900,728,1226000,138,액션,12세이상관람가,21702.965708989806,2022,1,해외,18.956043956043956
세라비: 다섯 번의 기적,장편,프랑스,25,6395800,726,3852100,427,코미디,15세이상관람가,21228.052706694547,2022,2,해외,58.81542699724518
피스 오브 케이크,장편,일본,10,5959500,723,3516500,419,멜로/로맨스,15세이상관람가,19862.020696895466,2016,3,해외,57.95297372060858
달려라! 타마코,장편,일본,1,4735000,722,3893000,570,코미디,전체관람가,15802.82348229483,2008,3,해외,78.94736842105263
스프링 송,장편,한국,48,6089480,721,3261100,364,드라마,전체관람가,20351.519810169946,2021,4,국내,50.48543689320388
나비효과,장편,한국,29,6533500,718,4726500,465,코미디,12세이상관람가,21926.70403060711,2023,6,국내,64.76323119777159
디아블로: 분노의 질주,장편,폴란드,20,3396000,718,1896000,418,액션,15세이상관람가,11397.120515488137,2019,11,해외,58.21727019498607
붉은 거북,장편,프랑스,17,6172500,716,4431500,514,애니메이션,전체관람가,20773.036279194996,2017,3,해외,71.7877094972067
유어 프렌즈,장편,일본,3,4884985,716,3699000,517,드라마,전체관람가,16440.011442417715,2009,3,해외,72.20670391061452
화성특급,장편,프랑스,19,6792900,716,4057200,420,애니메이션,15세이상관람가,22860.940970586256,2025,4,해외,58.659217877094974
어이그 저 귓것,장편,한국,6,5367200,713,4201700,530,드라마,전체관람가,18138.866827759848,2011,8,국내,74.33380084151473
레저베이션 로드,장편,미국,2,4951479,711,4756500,677,드라마,12세이상관람가,16780.977072848356,2009,1,해외,95.21800281293952
바넬과 아다마,장편,프랑스,23,6406920,711,3842520,416,드라마,12세이상관람가,21713.588531340552,2024,10,해외,58.50914205344585
절벽 위의 트럼펫,장편,일본,11,5411300,711,3922500,484,판타지,전체관람가,18339.348957009475,2017,3,해외,68.07313642756681
트랜짓,장편,미국,6,4955500,711,3654500,531,액션,청소년관람불가,16794.604578652164,2012,11,해외,74.68354430379746
아일로,장편,프랑스,25,5796370,709,3318770,365,다큐멘터리,전체관람가,19699.79778068551,2021,3,해외,51.48095909732017
전쟁,장편,미국,35,4762860,708,1190940,170,액션,15세이상관람가,16210.128650193996,2020,12,해외,24.01129943502825
사잇소리,장편,한국,20,6321098,707,2724599,276,스릴러,15세이상관람가,21543.93415245139,2022,10,국내,39.038189533239034
프리저베이션홀 재즈밴드,장편,미국,30,6017260,707,3967000,453,다큐멘터리,전체관람가,20508.375794550197,2020,4,해외,64.07355021216408
마다가스카르 뮤직,장편,한국,5,4209000,706,2356000,423,다큐멘터리,전체관람가,14365.67800948838,2025,9,국내,59.915014164305944
뷰티풀 차일드,장편,한국,6,4632000,703,3695000,534,다큐멘터리,전체관람가,15876.878781127354,2013,11,국내,75.96017069701281
삼촌,장편,한국,10,5763540,703,4806140,565,미스터리,청소년관람불가,19755.40283466726,2019,11,국내,80.36984352773825
스프링 브레이커스,장편,미국,1,5639000,703,5639000,703,코미디,청소년관람불가,19328.523196627193,2013,7,해외,100.0
헬로우 평양,장편,독일,12,4986140,702,3994640,568,다큐멘터리,전체관람가,17115.092850032608,2019,9,해외,80.91168091168092
모래그릇,장편,일본,18,6767020,701,3643270,363,드라마,15세이상관람가,23261.158757712732,2026,4,해외,51.78316690442225
콘티넨탈 '25,장편,루마니아,27,5512000,697,3736500,401,드라마,15세이상관람가,19055.850374237267,2025,11,해외,57.53228120516499
점프 아쉰,장편,대만,10,5231900,696,3829400,475,드라마,15세이상관람가,18113.48843650464,2012,4,해외,68.24712643678161
"빗자루, 금붕어 되다",장편,한국,5,4899424,694,3301500,426,드라마,15세이상관람가,17011.298218811848,2010,9,국내,61.38328530259366
프랑켄슈타인 아버지,장편,한국,32,5703200,694,3323500,332,드라마,12세이상관람가,19802.09020520121,2025,4,국내,47.83861671469741
사막을 건너 호수를 지나,장편,한국,12,5637040,693,2769040,303,다큐멘터리,전체관람가,19600.61892592013,2021,12,국내,43.722943722943725
페루지노. 영원한 르네상스,장편,이탈리아,15,4885500,691,2443400,289,다큐멘터리,전체관람가,17036.59791118163,2026,3,해외,41.823444283646886
미스터 컴퍼니,장편,한국,10,4620800,690,3871800,564,다큐멘터리,12세이상관람가,16136.89540771783,2014,2,국내,81.73913043478261
깔깔깔 희망버스,장편,한국,7,4638400,689,4304900,639,다큐멘터리,15세이상관람가,16221.868606501477,2012,9,국내,92.74310595065312
우리가족,장편,한국,7,4166000,689,3247000,537,다큐멘터리,전체관람가,14569.744872086314,2014,7,국내,77.93904208998549
최초의 기억,장편,한국,6,6112000,689,5324000,592,드라마,12세이상관람가,21375.487435955725,2025,11,국내,85.92162554426706
잔 뒤 바리,장편,프랑스,18,6138030,687,4517530,491,드라마,15세이상관람가,21529.015625822067,2024,4,해외,71.47016011644833
자유로운 세계,장편,영국,2,4730687,684,9550000,684,드라마,15세이상관람가,16665.564010427675,2008,9,해외,100.0
탐욕의 별,장편,한국,9,4461500,684,3101500,468,다큐멘터리,15세이상관람가,15717.254984851688,2016,4,국내,68.42105263157895
온 세상이 하얗다,장편,한국,18,6179800,683,4258500,435,멜로/로맨스,15세이상관람가,21802.46608689517,2022,2,국내,63.689604685212295
겨울냄새,장편,한국,3,5461000,682,4178500,495,다큐멘터리,전체관람가,19294.774405540047,2011,8,국내,72.58064516129032
블러디 이스케이프: 지옥의 도주극,장편,일본,15,6424917,680,5390339,550,애니메이션,15세이상관람가,22767.246633593197,2024,7,해외,80.88235294117648
파크,장편,일본,31,5120400,679,3366500,430,드라마,전체관람가,18171.300814450737,2017,11,해외,63.32842415316642
아름다운 유산,장편,한국,3,3397500,678,3295000,662,드라마,전체관람가,12074.848064825675,2011,4,국내,97.6401179941003
잃어버린 아이들,장편,기타,26,4578000,678,2238500,326,기타,12세이상관람가,16270.391299712124,2021,4,해외,48.08259587020649
러브,장편,대만,6,5205500,676,3687500,475,드라마,15세이상관람가,18555.286233692168,2012,8,해외,70.26627218934911
키시베 로한 루브르에 가다,장편,일본,6,4939517,676,3147217,425,미스터리,12세이상관람가,17607.175447351536,2024,8,해외,62.8698224852071
노트르담 온 파이어,장편,프랑스,20,5806400,675,4696900,515,드라마,12세이상관람가,20727.889335118252,2023,6,해외,76.29629629629629
해에게서 소년에게,장편,한국,21,4549500,675,2411500,311,드라마,15세이상관람가,16240.963855421687,2015,11,국내,46.074074074074076
검치호,장편,한국,5,3207500,674,2079000,508,액션,15세이상관람가,11467.233920846591,2024,3,국내,75.37091988130564
일 부코,장편,이탈리아,10,5789445,674,4235445,458,드라마,전체관람가,20698.026527474885,2024,1,해외,67.95252225519289
파도치는 땅,장편,한국,21,4952300,673,3302500,392,드라마,12세이상관람가,17731.43092429152,2019,4,국내,58.246656760772666
똥 싸는 소리,장편,한국,8,5142500,672,894000,95,드라마,12세이상관람가,18439.830751577738,2024,7,국내,14.136904761904761
예수보다 낯선,장편,한국,17,4140080,672,2537500,387,코미디,15세이상관람가,14845.381526104418,2019,4,국내,57.58928571428571
치어리딩 클럽,장편,캐나다,35,5145240,672,3251300,421,코미디,12세이상관람가,18449.655765920827,2020,9,해외,62.648809523809526
애프터매스,장편,미국,21,5547600,669,1719600,191,드라마,15세이상관람가,19981.63055810687,2018,4,해외,28.550074738415542
레볼루션 아일랜드,장편,러시아,3,3340000,668,3340000,668,SF,15세이상관람가,12048.192771084337,2013,5,해외,100.0
텔레비전,장편,기타,3,3977000,667,1563000,174,코미디,전체관람가,14367.515037661893,2013,11,해외,26.08695652173913
꿈꾸는 고양이,장편,한국,19,5919725,666,2872225,295,다큐멘터리,전체관람가,21418.014399942113,2021,9,국내,44.294294294294296
세븐데이즈,장편,캐나다,5,4662000,666,4662000,666,스릴러,청소년관람불가,16867.469879518074,2013,1,해외,100.0
라르고 윈치: 프라이스 오브 머니,장편,프랑스,24,5031000,665,717300,88,액션,15세이상관람가,18229.912129721895,2025,4,해외,13.233082706766917
펠리칸 베이커리,장편,일본,28,5492140,665,3780140,449,다큐멘터리,전체관람가,19900.860585197937,2020,4,해외,67.5187969924812
예르미타시 예술의 힘,장편,이탈리아,21,11942500,664,5433500,302,다큐멘터리,전체관람가,43339.01872550443,2021,5,해외,45.48192771084337
우리들과 경찰아저씨의 700일 전쟁,장편,일본,4,4815099,664,3920500,500,코미디,12세이상관람가,17473.867760197416,2010,4,해외,75.30120481927712
내일,장편,프랑스,5,4070000,663,2320000,306,다큐멘터리,전체관람가,14792.200476112595,2018,4,해외,46.15384615384615
여름날,장편,한국,12,5136480,663,3434480,403,드라마,전체관람가,18668.265823474896,2020,8,국내,60.78431372549019
카라스: 프로퍼시,장편,일본,5,5102000,663,3276000,421,애니메이션,15세이상관람가,18542.950080866452,2013,8,해외,63.49924585218702
부적: 남의 운을 빼앗는 자,장편,한국,6,5321500,662,2827000,336,액션,12세이상관람가,19369.9268372584,2022,9,국내,50.755287009063444
인비저블 위트니스,장편,이탈리아,13,5229360,662,4276400,534,스릴러,15세이상관람가,19034.543005860298,2019,8,해외,80.66465256797582
프리 파이어,장편,프랑스,11,5057500,662,3509500,449,액션,청소년관람불가,18408.983365486114,2017,12,해외,67.82477341389728
화장실의 피에타,장편,일본,3,5139000,661,4545000,550,멜로/로맨스,15세이상관람가,18733.937261906933,2015,10,해외,83.2072617246596
아리아 : 더 크레푸스콜로,장편,일본,42,5638500,660,2728000,317,애니메이션,전체관람가,20585.980284775465,2021,9,해외,48.03030303030303
히즈 아웃 데어,장편,미국,20,3300000,660,1000000,200,공포(호러),15세이상관람가,12048.192771084337,2022,8,해외,30.303030303030305
천 번을 불러도,장편,한국,9,4571700,659,3189200,447,드라마,15세이상관람가,16716.456112766697,2014,10,국내,67.83004552352048
레슨,장편,한국,10,5675800,658,4853800,550,멜로/로맨스,15세이상관람가,20785.146665690114,2025,6,국내,83.58662613981764
시수: 복수의 길,장편,미국,5,4938000,658,2464000,308,액션,청소년관람불가,18083.275350642693,2026,1,해외,46.808510638297875
낫 마이 데이,장편,독일,4,3280000,656,1100000,220,액션,청소년관람불가,12048.192771084337,2015,10,해외,33.53658536585366
멀고도 가까운,장편,한국,8,3848900,655,2445800,466,멜로/로맨스,15세이상관람가,14159.477605076796,2025,12,국내,71.14503816793894
기적: 그 날의 소비토,장편,일본,16,4136500,654,2411500,421,드라마,12세이상관람가,15240.779632290632,2017,10,해외,64.37308868501529
미스터 쉐프,장편,중국,5,3984000,652,3879000,608,드라마,12세이상관람가,14723.926380368099,2017,8,해외,93.25153374233128
정의심판,장편,한국,2,5772000,652,5772000,652,드라마,15세이상관람가,21331.95358119595,2019,10,국내,100.0
아오하라이드,장편,일본,10,5234000,650,3045500,368,드라마,12세이상관람가,19403.15106580167,2016,3,해외,56.61538461538461
파편들의 집,장편,덴마크,21,5577678,650,2985778,300,다큐멘터리,12세이상관람가,20677.212233549584,2024,7,해외,46.15384615384615
리얼리티: 꿈의 미로,장편,이탈리아,7,4856000,649,3081000,369,드라마,15세이상관람가,18029.59140104331,2014,4,해외,56.85670261941448
시대혁명,장편,영국,18,6680900,649,5069900,439,다큐멘터리,15세이상관람가,24805.168284849722,2022,10,해외,67.64252696456087
켈리 갱,장편,호주,9,5748450,649,4476880,472,범죄,15세이상관람가,21343.12287671487,2021,8,해외,72.72727272727273
마인드 유니버스,장편,한국,12,5530000,648,4204700,458,SF,12세이상관람가,20563.73642719024,2023,9,국내,70.67901234567901
시그널 X: 영혼의 구역,장편,미국,35,5268000,647,2464000,277,미스터리,15세이상관람가,19619.746373438113,2021,11,해외,42.81298299845441
울트라 미라클 러브 스토리,장편,일본,5,4473600,647,3515600,463,드라마,12세이상관람가,16661.142250609857,2011,4,해외,71.5610510046368
캐슬 폴스: 머니 게임,장편,미국,34,5782600,646,1929100,217,액션,15세이상관람가,21569.622141818047,2022,3,해외,33.591331269349844
데몬 프린스,장편,베트남,16,7981500,645,2173500,171,공포(호러),15세이상관람가,29817.876155785936,2026,1,해외,26.51162790697674
살기 위하여,장편,한국,1,3850283,645,3856100,645,다큐멘터리,12세이상관람가,14384.171103016717,2009,4,국내,100.0
타이드랜드,장편,영국,1,4497191,645,3802500,512,드라마,15세이상관람가,16800.937704305594,2009,2,해외,79.37984496124031
우리와 상관없이,장편,한국,16,5604800,644,4069500,431,드라마,12세이상관람가,20971.338771234008,2024,6,국내,66.92546583850931
풀,장편,한국,21,5439000,643,2385000,248,다큐멘터리,청소년관람불가,20382.619123461187,2025,6,국내,38.56920684292379
라콤 루시앙,장편,프랑스,1,4728072,640,730000,104,드라마,15세이상관람가,17801.47590361446,2008,12,해외,16.25
열흘 밤의 꿈,장편,일본,2,4159435,640,2914000,421,판타지,12세이상관람가,15660.523343373494,2008,12,해외,65.78125
한복 입은 남자,장편,한국,14,5632300,640,3331500,366,사극,12세이상관람가,21205.948795180724,2026,5,국내,57.1875
고스트 킬러: 모니카,장편,미국,5,3280000,634,1890000,378,액션,청소년관람불가,12466.26886093269,2014,3,해외,59.62145110410094
마징카이저,장편,일본,24,4087500,632,2033000,296,애니메이션,12세이상관람가,15584.489858166846,2011,10,해외,46.835443037974684
쉬 네버 다이,장편,캐나다,41,5224700,631,2154520,268,스릴러,청소년관람불가,19951.883604147177,2020,4,해외,42.47226624405705
댄싱 채플린,장편,일본,6,5101000,626,4529500,555,다큐멘터리,전체관람가,19635.089880287927,2012,1,해외,88.65814696485623
프리 폴,장편,러시아,44,4361500,625,859500,104,SF,전체관람가,16815.421686746988,2025,5,해외,16.64
아내업고 달리기,장편,인도,10,4770500,624,2401500,307,코미디,15세이상관람가,18421.763978992898,2016,11,해외,49.19871794871795
숏버스 기묘행,옴니버스,한국,15,5962700,623,3335900,346,미스터리,15세이상관람가,23062.522965054442,2021,9,국내,55.53772070626003
헝거,장편,한국,20,4926060,623,3736560,447,SF,12세이상관람가,19053.00818039413,2022,4,국내,71.74959871589085
후쿠시마의 미래,장편,한국,7,4218000,621,2529000,376,다큐멘터리,전체관람가,16366.91694313486,2015,4,국내,60.547504025764894
신패왕화 : 예스마담,장편,홍콩,5,3100000,620,1400000,280,액션,15세이상관람가,12048.192771084337,2021,3,해외,45.16129032258064
오즈의 마법사,장편,미국,7,3561000,619,2248000,343,가족,전체관람가,13862.234073612708,2012,5,해외,55.41195476575121
초콜릿,장편,한국,13,4803800,615,1415100,195,드라마,15세이상관람가,18821.823880889413,2025,11,국내,31.70731707317073
꼭 껴안고 눈물 핑,장편,한국,8,4552000,614,2325500,289,드라마,15세이상관람가,17864.291040383032,2011,3,국내,47.068403908794785
왕초와 용가리,장편,한국,8,4205200,614,3177700,460,다큐멘터리,15세이상관람가,16503.276951454023,2016,9,국내,74.9185667752443
레컨,장편,미국,20,4292800,613,2507800,358,전쟁,15세이상관람가,16874.545490280863,2021,2,해외,58.40130505709625
아스타 라 비스타,장편,벨기에,7,3788300,612,2120500,335,드라마,15세이상관람가,14915.741396960391,2015,11,해외,54.738562091503276
르네에게,장편,한국,13,5308939,611,4430339,493,드라마,12세이상관람가,20937.191647112184,2023,12,국내,80.6873977086743
트루스 어바웃 엠마누엘,장편,미국,9,4632500,611,3456500,427,드라마,15세이상관람가,18269.47725435293,2015,9,해외,69.88543371522094
숏버스 감성행,옴니버스,한국,14,5601400,609,3178500,340,멜로/로맨스,12세이상관람가,22163.13529981997,2021,8,국내,55.82922824302135
극장판 겁쟁이 페달,장편,일본,5,4552297,608,3280498,434,드라마,전체관람가,18041.76046290425,2023,2,해외,71.38157894736842
더 블랙,장편,한국,13,4418500,608,2397100,327,다큐멘터리,전체관람가,17511.493341788206,2018,9,국내,53.7828947368421
로프트,장편,일본,9,4090109,608,1638000,242,공포(호러),15세이상관람가,16210.007133798352,2009,9,해외,39.80263157894737
콤플렉스,장편,일본,4,4804000,608,4414000,547,공포(호러),15세이상관람가,19039.315155358276,2013,7,해외,89.9671052631579
와일드 타겟,장편,영국,4,4571500,607,2144000,271,드라마,15세이상관람가,18147.714416148945,2011,12,해외,44.64579901153213
당신이 영화를 그만두면 안 되는 30가지 이유,옴니버스,한국,18,5057000,606,3345000,392,드라마,15세이상관람가,20108.155393852638,2026,2,국내,64.68646864686468
통영에서의 하루,장편,한국,9,5502700,606,4430200,480,드라마,12세이상관람가,21880.392858562966,2022,11,국내,79.20792079207921
꿈의 공장,장편,한국,4,3707000,605,2441000,366,다큐멘터리,12세이상관람가,14764.512595837898,2011,9,국내,60.49586776859505
선생님!... 좋아해도 될까요?,장편,일본,6,4903000,604,2581000,318,드라마,12세이상관람가,19560.360647889574,2018,4,해외,52.64900662251656
나의 인생여행,장편,영국,31,4822210,603,2682340,327,드라마,15세이상관람가,19269.95544366521,2020,12,해외,54.22885572139303
광야의 40일,장편,미국,10,3953500,602,2539000,338,어드벤처,12세이상관람가,15824.760837369411,2017,5,해외,56.14617940199336
내겐 너무 어려운 연애,장편,이탈리아,32,5571560,602,3493660,342,코미디,12세이상관람가,22301.40495536965,2021,2,해외,56.810631229235874
쓰루 더 파이어,장편,프랑스,23,4341760,602,2946300,395,드라마,15세이상관람가,17378.857623183765,2020,7,해외,65.61461794019934
기도의 막이 내릴 때,장편,일본,33,4874540,601,2697300,323,드라마,15세이상관람가,19543.892708938918,2020,5,해외,53.74376039933444
동백아가씨,장편,한국,3,3891248,601,2791000,418,다큐멘터리,전체관람가,15601.499508850711,2008,11,국내,69.55074875207987
서유기: 재세요왕,장편,중국,47,5091740,601,1486500,159,애니메이션,전체관람가,20414.73046929816,2021,9,해외,26.455906821963392
K스쿨,장편,한국,19,5673900,599,4574000,484,드라마,전체관람가,22824.78830178812,2024,2,국내,80.80133555926544
로맨틱 코미디,장편,미국,28,4954540,597,3250200,360,다큐멘터리,12세이상관람가,19997.73970252871,2020,12,해외,60.30150753768844
몽유도원,장편,한국,13,5388900,597,4068500,408,코미디,12세이상관람가,21750.92329115457,2025,2,국내,68.34170854271356
피닉스 라이트 사건,장편,미국,15,4385500,596,2746500,357,미스터리,15세이상관람가,17730.65416026522,2016,8,해외,59.89932885906041
공작조: 현애지상,장편,중국,46,4094900,595,2657900,328,액션,15세이상관람가,16583.57800951706,2021,9,해외,55.12605042016807
로빈의 소원,장편,미국,19,5080080,594,3661610,402,다큐멘터리,전체관람가,20608.00778873068,2021,9,해외,67.67676767676768
빚가리,장편,한국,23,5514500,594,3687500,348,코미디,15세이상관람가,22370.28923775912,2024,10,국내,58.58585858585859
인투 더 나잇,장편,한국,14,4704300,593,4636000,584,다큐멘터리,12세이상관람가,19115.788618216542,2018,3,국내,98.4822934232715
너의 시선이 머무는 곳에,장편,한국,14,8877000,592,7182000,479,드라마,12세이상관람가,36132.3673070661,2023,9,국내,80.91216216216216
토미웅거러 스토리,장편,프랑스,4,4627000,592,3482000,414,다큐멘터리,청소년관람불가,18833.44187561055,2014,11,해외,69.93243243243244
시크릿 카운터,장편,일본,25,5324500,591,3477500,349,기타,15세이상관람가,21709.171712229632,2022,2,해외,59.05245346869712
희망의 요소,장편,한국,6,4722000,587,3560000,429,멜로/로맨스,12세이상관람가,19383.838591161923,2022,12,국내,73.08347529812606
태아 3D,장편,한국,7,6671500,586,4456500,385,다큐멘터리,전체관람가,27433.282618528723,2013,4,국내,65.69965870307168
히든 페이스,장편,스페인,11,3673500,585,888500,136,스릴러,청소년관람불가,15131.294408402844,2014,9,해외,23.247863247863247
미드나잇 버스,장편,일본,26,4924580,584,3120680,363,드라마,12세이상관람가,20319.277108433736,2021,2,해외,62.15753424657534
일분만 더,장편,대만,15,4243000,584,2162500,292,멜로/로맨스,15세이상관람가,17507.014358805085,2015,4,해외,50.0
포비아,장편,태국,10,3749500,584,846500,128,공포(호러),청소년관람불가,15470.787258623535,2014,9,해외,21.91780821917808
귀여운 남자,장편,한국,41,4463470,581,1186370,157,코미디,15세이상관람가,18511.788980362067,2021,1,국내,27.022375215146297
신부의 아이들,장편,크로아티아,5,4427000,581,3602000,449,코미디,청소년관람불가,18360.533355452793,2014,4,해외,77.28055077452667
이프!,장편,네덜란드,8,3368000,580,749000,107,판타지,전체관람가,13992.521811383465,2013,5,해외,18.448275862068968
초능력소년사건,장편,중국,12,5305920,580,4932420,520,드라마,12세이상관람가,22043.705857914414,2020,5,해외,89.65517241379311
데싸우 댄서스,장편,독일,9,4179000,579,3045000,376,코미디,15세이상관람가,17391.847181472003,2015,12,해외,64.93955094991365
스타: 빛나는 사랑,장편,한국,5,4382000,577,3213000,414,멜로/로맨스,12세이상관람가,18299.889332024806,2012,10,국내,71.75043327556327
에이펙스,장편,캐나다,50,2875000,575,975000,195,액션,15세이상관람가,12048.192771084337,2021,11,해외,33.91304347826087
올리버 색스: 그의 생애,장편,미국,9,4924000,575,3717000,396,다큐멘터리,12세이상관람가,20634.88737558932,2021,8,해외,68.8695652173913
웨포나이즈드,장편,미국,1,2870000,574,2870000,574,액션,청소년관람불가,12048.192771084337,2016,7,해외,100.0
저스트 프렌즈,장편,한국,6,4097000,572,1864000,246,멜로/로맨스,15세이상관람가,17259.246777319066,2012,5,국내,43.00699300699301
가나안 김용기-조국이여 안심하라,장편,한국,3,5386800,571,2956000,319,다큐멘터리,12세이상관람가,22732.471040027012,2025,10,국내,55.86690017513135
퀸메리호: 저주받은 항해,장편,미국,37,4373200,571,1088100,114,미스터리,15세이상관람가,18455.046103855002,2025,6,해외,19.96497373029772
포비아 2,장편,태국,10,3627000,571,758000,117,공포(호러),청소년관람불가,15306.057856645497,2014,9,해외,20.490367775831874
엄마에게,장편,한국,5,3333500,570,2249000,326,드라마,전체관람가,14092.158106108645,2012,5,국내,57.19298245614035
은지: 돌이킬 수 없는 그녀,장편,한국,4,5195800,570,5124800,560,미스터리,청소년관람불가,21964.91228070176,2019,12,국내,98.24561403508771
풀 스피드,장편,프랑스,8,4302100,570,3303300,412,코미디,15세이상관람가,18186.85267385331,2017,8,해외,72.28070175438597
머나먼 세상속으로,장편,프랑스,4,3701000,569,2240000,320,애니메이션,전체관람가,15673.237766531858,2014,7,해외,56.239015817223205
고백,장편,한국,20,2847000,568,364000,68,미스터리,청소년관람불가,12077.88902087222,2015,8,국내,11.971830985915492
"양 한 마리, 양 두 마리",장편,한국,4,3867000,568,3867000,568,드라마,12세이상관람가,16405.056847106738,2011,12,국내,100.0
이바라키의 여름,장편,한국,5,3711500,568,181000,22,다큐멘터리,전체관람가,15745.375869675889,2015,8,국내,3.873239436619718
분리수거,장편,한국,19,5170800,567,3806200,410,드라마,15세이상관람가,21974.88366163065,2025,5,국내,72.31040564373897
나를 둘러싼 것들,장편,일본,1,3913951,565,3852500,556,드라마,15세이상관람가,16692.40217507197,2010,11,해외,98.4070796460177
룸13,장편,미국,8,4503500,565,2712000,330,범죄,청소년관람불가,19206.73845825781,2014,11,해외,58.4070796460177
방과후 퇴마클럽: 소녀들의 밤,장편,한국,7,8460000,564,8040000,536,공포(호러),12세이상관람가,36144.57831325301,2026,6,국내,95.0354609929078
"본인 출연, 제리",장편,미국,16,5316800,564,3989100,408,다큐멘터리,15세이상관람가,22715.543023156457,2024,11,해외,72.3404255319149
FBI 데스트랩,장편,미국,50,2484000,564,600000,120,스릴러,15세이상관람가,10612.66341963599,2022,3,해외,21.27659574468085
더 챔피언,장편,영국,18,6063489,563,3444889,297,액션,15세이상관람가,25951.71734896959,2023,11,해외,52.753108348134994
드라큘라 2014,장편,미국,4,3182300,563,335000,119,SF,15세이상관람가,13620.235827858505,2014,10,해외,21.136767317939608
골든맨,장편,이탈리아,25,4240400,560,1194400,163,범죄,15세이상관람가,18246.127366609293,2021,1,해외,29.107142857142858
내 사랑 찾기,장편,미국,38,4557300,560,2043300,249,멜로/로맨스,12세이상관람가,19609.724612736663,2020,10,해외,44.46428571428571
투명인간 그리프,장편,호주,7,4333500,559,3313500,428,멜로/로맨스,12세이상관람가,18680.08707459534,2011,11,해외,76.56529516994634
럭키 루크: 전설의 무법자,장편,프랑스,5,2816000,557,2166000,427,어드벤처,15세이상관람가,12182.301918626032,2016,5,해외,76.66068222621185
통통한 혁명,장편,한국,8,3748000,557,2709000,400,멜로/로맨스,12세이상관람가,16214.228547944022,2012,8,국내,71.8132854578097
감금의 시간,장편,한국,20,3310000,555,1384000,226,스릴러,청소년관람불가,14370.997503527624,2015,12,국내,40.72072072072072
언포기븐,장편,스페인,10,3428500,553,711000,113,스릴러,15세이상관람가,14939.323296803854,2014,9,해외,20.43399638336347
최미역행,장편,중국,20,4350500,553,2204000,289,드라마,12세이상관람가,18956.840018301053,2020,11,해외,52.26039783001808
신의 전사,장편,베네수엘라,5,3834000,552,3339000,404,액션,15세이상관람가,16736.51126244107,2014,4,해외,73.18840579710145
"괴물, 유령, 자유인",장편,한국,13,5227800,551,4585300,469,SF,15세이상관람가,22862.26575995452,2022,6,국내,85.11796733212341
더 게임,장편,헝가리,11,4500699,551,2108699,214,드라마,15세이상관람가,19682.500601316337,2022,12,해외,38.83847549909255
색끈한 퓨전사극 심청야사,장편,한국,20,3542000,551,2039000,267,사극,청소년관람불가,15489.908818577396,2015,12,국내,48.457350272232304
애프터매스: 브릿지,장편,미국,22,4361300,551,563000,63,액션,15세이상관람가,19072.879539938338,2025,9,해외,11.433756805807622
캘리포니아 타이프라이터,장편,미국,1,3815000,549,1772000,213,다큐멘터리,전체관람가,16744.573924111748,2019,7,해외,38.79781420765027
매복,장편,미국,21,3300000,548,1400000,200,액션,15세이상관람가,14510.59713305778,2023,1,해외,36.496350364963504
리볼버 릴리,장편,일본,31,4837469,546,3087669,337,액션,15세이상관람가,21348.995983935747,2024,3,해외,61.72161172161172
마지막 대전투: 전장의 영웅들,장편,미국,50,2466000,546,600000,120,전쟁,15세이상관람가,10883.092810803655,2022,3,해외,21.978021978021978
사람을 찾습니다,장편,한국,5,3538086,546,3191000,505,미스터리,청소년관람불가,15614.484310869853,2009,12,국내,92.4908424908425
액션동자,장편,한국,9,3598000,546,2513000,412,액션,전체관람가,15878.900216249614,2022,5,국내,75.45787545787546
파일럿: 배틀 포 서바이벌,장편,러시아,33,3794400,546,783400,93,전쟁,15세이상관람가,16745.66397457964,2022,4,해외,17.032967032967033
핫 블러드,장편,한국,52,3016000,546,1631000,217,액션,15세이상관람가,13310.384394721745,2021,11,국내,39.743589743589745
스포찬 배틀 요괴 대결전,장편,일본,39,4034800,545,986500,118,애니메이션,전체관람가,17839.283740466453,2016,6,해외,21.65137614678899
K클래식 제너레이션,장편,기타,7,5720000,545,5547800,524,다큐멘터리,전체관람가,25290.151431413728,2022,8,해외,96.1467889908257
로드킬,장편,한국,17,4239100,542,3869100,485,공포(호러),청소년관람불가,18846.307740185835,2019,2,국내,89.48339483394834
사이코패스 시너스 오브 더 시스템 케이스1: 죄와 벌,장편,일본,2,2710000,542,2710000,542,애니메이션,15세이상관람가,12048.192771084337,2019,10,해외,100.0
사이코패스 시너스 오브 더 시스템 케이스2: 퍼스트 가디언,장편,일본,2,2710000,542,2710000,542,애니메이션,15세이상관람가,12048.192771084337,2019,10,해외,100.0
오싹한 동거,장편,한국,5,5120000,542,4576000,481,멜로/로맨스,12세이상관람가,22762.637264926867,2022,8,국내,88.74538745387454
프로젝트 님,장편,영국,4,4161500,542,3256500,394,다큐멘터리,12세이상관람가,18501.31151913929,2012,8,해외,72.69372693726937
로빈슨 주교의 두 가지 사랑,장편,미국,4,4111000,541,3817000,483,다큐멘터리,15세이상관람가,18310.580584816158,2013,11,해외,89.27911275415896
동에 번쩍 서에 번쩍,장편,한국,18,4852800,540,3859300,414,드라마,12세이상관람가,21654.61847389558,2025,11,국내,76.66666666666667
위스키 밴디트,장편,헝가리,17,4019600,540,2097600,221,범죄,15세이상관람가,17936.635430611335,2018,8,해외,40.925925925925924
그 여자 그 남자의 속사정,장편,한국,5,3747000,539,2672000,386,멜로/로맨스,15세이상관람가,16751.234995641193,2013,1,국내,71.61410018552876
보이 앤 더 월드,장편,브라질,3,4260850,539,3467000,419,애니메이션,12세이상관람가,19048.438652569464,2016,8,해외,77.73654916512059
독,장편,한국,4,3622784,538,3466000,514,공포(호러),15세이상관람가,16226.022304832715,2009,8,국내,95.53903345724906
생존게임 247°F,장편,미국,6,2278000,538,990000,198,공포(호러),15세이상관람가,10202.893357817888,2014,9,해외,36.80297397769517
처음 만난 사람들,장편,한국,4,3406408,537,2550000,391,드라마,12세이상관람가,15285.311076709071,2009,6,국내,72.8119180633147
커밍 홈 어게인,장편,미국,12,4820500,536,3922500,415,드라마,전체관람가,21671.012407840317,2023,9,해외,77.42537313432835
요코하마 메리,장편,일본,1,3514000,535,3514000,535,다큐멘터리,15세이상관람가,15827.046503772099,2008,2,해외,100.0
데스위시 더 게임,장편,미국,50,2453000,533,600000,120,액션,15세이상관람가,11089.762426817968,2022,4,해외,22.5140712945591
인연을 긋다,장편,한국,12,3207000,533,2798000,472,드라마,12세이상관람가,14498.519405954023,2022,5,국내,88.55534709193246
로프트,장편,네덜란드,0,3984000,532,2841000,354,스릴러,청소년관람불가,18045.11278195489,2011,12,해외,66.54135338345864
몬스터 아일랜드,장편,미국,50,2452000,532,600000,120,SF,15세이상관람가,11106.078449134886,2022,4,해외,22.55639097744361
영화감독 노동주,장편,한국,6,4389000,531,1933000,201,다큐멘터리,전체관람가,19916.955959430943,2022,11,국내,37.85310734463277
봄은 온다,장편,일본,17,4407500,530,2763000,314,다큐멘터리,전체관람가,20038.645146624236,2019,3,해외,59.24528301886792
방독피,장편,한국,2,3305000,529,2662000,423,미스터리,청소년관람불가,15054.547110939031,2013,8,국내,79.96219281663515
이스터 선데이,장편,미국,28,5050800,526,2725200,295,코미디,12세이상관람가,23138.027394750105,2022,12,해외,56.083650190114064
공각기동대 어라이즈 보더 1: 고스트 페인,장편,일본,8,3613000,524,523000,71,애니메이션,15세이상관람가,16614.549802262485,2013,10,해외,13.549618320610687
나나나 : 여배우 민낯 프로젝트,장편,한국,7,3813400,524,2757400,359,다큐멘터리,12세이상관람가,17536.09859284466,2012,8,국내,68.51145038167938
크리미널 트위스트,장편,영국,50,2444000,524,650000,130,액션,15세이상관람가,11238.848523866458,2022,6,해외,24.80916030534351
어느 날 그녀가 우주에서,장편,한국,16,4544000,523,3497000,380,멜로/로맨스,12세이상관람가,20935.750650786704,2023,11,국내,72.65774378585085
루나,장편,프랑스,5,4373800,522,3404500,374,드라마,15세이상관람가,20190.18603148225,2018,8,해외,71.64750957854406
시카리오: 나이트 오브 이스케이프,장편,미국,50,3662000,522,980000,140,액션,15세이상관람가,16904.39920601948,2022,1,해외,26.81992337164751
엘 스타 리:플레이 스테이지,장편,한국,1,7830000,522,7830000,522,애니메이션,전체관람가,36144.57831325301,2024,11,국내,100.0
해피 데스나이트,장편,미국,50,2442000,522,600000,120,공포(호러),15세이상관람가,11272.676914554771,2022,5,해외,22.988505747126435
겨울나비,장편,한국,7,3424500,521,1458500,208,드라마,15세이상관람가,15838.401591008951,2011,7,국내,39.923224568138195
돌멩이의 꿈,장편,한국,10,3612168,521,445500,58,드라마,12세이상관람가,16706.370973336725,2009,12,국내,11.132437619961612
숏버스 배우행,옴니버스,한국,16,5171400,521,3741500,365,드라마,12세이상관람가,23917.859537959903,2021,12,국내,70.05758157389636
엘비스와 대통령,장편,미국,18,3660500,520,2409000,336,코미디,12세이상관람가,16962.465245597778,2016,11,해외,64.61538461538461
크리스마스 스타,장편,노르웨이,2,2443800,520,697800,96,어드벤처,전체관람가,11324.374420759963,2014,12,해외,18.461538461538463
사월의 끝,장편,한국,6,3389900,519,2081900,257,미스터리,청소년관람불가,15738.793323583352,2017,9,국내,49.51830443159923
안녕? 허대짜수짜님!,장편,한국,1,2782000,519,2248000,404,가족,전체관람가,12916.40550641874,2008,8,국내,77.84200385356455
앤트로포이드,장편,영국,7,3408500,517,1393900,177,스릴러,15세이상관람가,15886.369462375615,2018,1,해외,34.23597678916828
태양 아래(해설판),장편,체코,3,3578000,516,3109000,441,다큐멘터리,전체관람가,16708.695246100684,2016,7,해외,85.46511627906976
미국의 바람과 불,장편,한국,3,3107498,515,2532498,413,다큐멘터리,15세이상관람가,14539.702889226812,2012,7,국내,80.19417475728156
미스 좀비,장편,일본,3,4067500,514,4025500,508,공포(호러),15세이상관람가,19068.491866297878,2014,1,해외,98.83268482490273
플랜 B,장편,미국,2,4147111,513,4082000,505,코미디,15세이상관람가,19479.607318161536,2010,6,해외,98.44054580896686
베일리와 버드,장편,영국,19,4622600,512,3560800,385,드라마,15세이상관람가,21755.4593373494,2025,10,해외,75.1953125
코만도,장편,미국,50,3570000,510,980000,140,액션,청소년관람불가,16867.469879518074,2022,2,해외,27.450980392156865
스쿨 오브 락(樂),장편,한국,7,3613000,509,2853000,428,다큐멘터리,전체관람가,17104.173077378277,2021,5,국내,84.08644400785855
2067,장편,호주,36,4647600,509,1709600,179,어드벤처,12세이상관람가,22002.035647501598,2021,6,해외,35.16699410609037
미끼,장편,한국,25,4794445,507,2064000,222,드라마,15세이상관람가,22786.744611582424,2023,12,국내,43.786982248520715
연악: 나의 운명,장편,한국,7,3616800,507,2746500,354,사극,전체관람가,17189.705567833465,2023,8,국내,69.8224852071006
무티: 주술살인,장편,미국,40,4668417,505,185500,21,범죄,15세이상관람가,22275.638792794944,2024,1,해외,4.158415841584159
미스터 앤 미스터 대디,장편,미국,11,4086800,505,3103800,383,코미디,15세이상관람가,19500.417511630683,2018,11,해외,75.84158415841584
물고기,장편,한국,4,4558000,504,4022000,429,미스터리,15세이상관람가,21791.929623254924,2013,1,국내,85.11904761904762
앨리스 죽이기,장편,한국,14,3704500,504,2419500,305,다큐멘터리,12세이상관람가,17711.32147638172,2019,8,국내,60.51587301587301
리멤버 미,장편,일본,12,4856500,503,1705500,176,애니메이션,12세이상관람가,23265.22790965053,2022,6,해외,34.990059642147116
메피스토,장편,한국,30,4054900,502,2710900,324,드라마,15세이상관람가,19463.83142130274,2020,9,국내,64.5418326693227
미션 임파서블: 루벤,장편,헝가리,26,4241700,502,2198200,255,애니메이션,15세이상관람가,20360.485767772283,2021,7,해외,50.79681274900398
지구에서 사는 법,장편,한국,5,3347259,502,2626500,384,드라마,15세이상관람가,16067.100273604377,2009,9,국내,76.49402390438247
그날,장편,미국,50,3500000,500,840000,120,공포(호러),15세이상관람가,16867.469879518074,2022,5,해외,24.0
레드벨트,장편,미국,1,3500000,500,3500000,500,액션,15세이상관람가,16867.469879518074,2008,8,해외,100.0
아오 오니,장편,일본,45,3688000,500,1332000,177,애니메이션,15세이상관람가,17773.493975903617,2018,1,해외,35.4
달밤체조 2015,장편,한국,2,3493000,499,3493000,499,드라마,12세이상관람가,16867.469879518074,2018,4,국내,100.0
경복,장편,한국,1,3762200,496,3762200,496,드라마,15세이상관람가,18277.302759424798,2013,7,국내,100.0
숲속의 부부,장편,한국,7,4265500,496,3334300,378,판타지,청소년관람불가,20722.40575204042,2018,2,국내,76.20967741935483
어떤 개인 날,장편,한국,1,3041400,494,2112000,329,드라마,12세이상관람가,14835.373884200771,2009,3,국내,66.59919028340082
피해자들,장편,한국,5,3324000,494,2240000,252,미스터리,청소년관람불가,16213.843227159652,2014,7,국내,51.012145748987855
국정교과서 516일 : 끝나지 않은 역사전쟁,장편,한국,16,3255500,493,1343500,185,다큐멘터리,12세이상관람가,15911.923556294143,2017,11,국내,37.52535496957404
월드 워 좀비,장편,미국,6,2959000,493,1794000,302,공포(호러),청소년관람불가,14462.719030279333,2013,11,해외,61.257606490872206
소년 KJ,장편,홍콩,1,3734000,491,3734000,491,다큐멘터리,전체관람가,18325.031286040292,2011,6,해외,100.0
더 나이트,장편,기타,25,4610580,490,2450740,265,공포(호러),15세이상관람가,22673.12515367593,2021,7,해외,54.08163265306123
마지막 위안부,장편,한국,1,4172000,490,4172000,490,드라마,15세이상관람가,20516.35111876076,2015,8,국내,100.0
행성충돌: 지구 최후의 날,장편,미국,53,2418000,490,609000,121,어드벤처,15세이상관람가,11890.82862060487,2022,2,해외,24.693877551020407
내비게이션,장편,한국,8,2702000,489,50000,10,공포(호러),청소년관람불가,13314.608125754554,2014,7,국내,2.044989775051125
젓가락,장편,한국,11,3486744,488,1561000,208,코미디,15세이상관람가,17216.78846533676,2010,10,국내,42.62295081967213
열다섯의 순수,장편,일본,6,3806700,487,3056100,365,드라마,15세이상관람가,18835.258900076693,2018,5,해외,74.94866529774127
특명: 스피드 레스큐,장편,홍콩,21,2444000,487,1444000,287,액션,15세이상관람가,12092.724079067812,2021,3,해외,58.932238193018485
내일까지 5분전,장편,일본,6,3696000,486,3544000,465,미스터리,12세이상관람가,18325.152461698646,2015,4,해외,95.67901234567901
애프터: 유혹의 끝,장편,미국,46,3856100,485,725500,104,멜로/로맨스,15세이상관람가,19158.365420444665,2024,2,해외,21.443298969072163
스파이 파파,장편,한국,6,3426500,484,2019500,259,코미디,전체관람가,17059.145673603507,2011,10,국내,53.51239669421488
청춘정담,장편,한국,6,3176500,484,1586000,227,멜로/로맨스,15세이상관람가,15814.497660061736,2013,11,국내,46.90082644628099
스네이크 아이즈: 지.아이.조,장편,미국,23,4253000,482,2248000,244,액션,15세이상관람가,21261.810728390745,2021,9,해외,50.62240663900415
벌거숭이,장편,한국,7,3094000,481,1994000,295,범죄,청소년관람불가,15499.837186584175,2013,9,국내,61.33056133056133
쇼킹패밀리,장편,한국,1,2910500,481,2665500,441,다큐멘터리,12세이상관람가,14580.567592615786,2008,5,국내,91.68399168399168
짐승,장편,한국,3,3370000,480,2936000,393,스릴러,청소년관람불가,16917.670682730924,2011,7,국내,81.875
투모로우 아포칼립스,장편,미국,50,2282000,480,504000,102,어드벤처,15세이상관람가,11455.823293172693,2022,1,해외,21.25
워커즈,장편,일본,1,2982000,479,2866000,461,다큐멘터리,전체관람가,15001.131876147598,2014,7,해외,96.24217118997912
여행,옴니버스,한국,3,2956926,477,1880500,291,드라마,전체관람가,14937.364552549821,2010,5,국내,61.0062893081761
세일즈걸,장편,몽고,10,4320039,476,3539039,386,드라마,15세이상관람가,21869.185987648074,2023,11,해외,81.09243697478992
게임의 법칙: 인간사냥,장편,한국,20,3649880,474,1405000,178,스릴러,청소년관람불가,18554.623557521227,2021,1,국내,37.552742616033754
총을 들지 않는 사람들: 금기에 도전,장편,한국,9,4303500,474,3448000,369,다큐멘터리,12세이상관람가,21877.382949519597,2021,12,국내,77.84810126582279
낙원-파라다이스,장편,한국,11,3523191,472,1831500,237,멜로/로맨스,12세이상관람가,17986.476414131103,2009,11,국내,50.21186440677966
란제리살인사건,장편,한국,20,2295000,472,525000,105,스릴러,청소년관람불가,11716.356953236676,2015,9,국내,22.245762711864405
브로큰 러브송,장편,캐나다,8,3110400,472,604400,78,멜로/로맨스,15세이상관람가,15879.109658974883,2011,10,해외,16.52542372881356
사라센의 칼,장편,한국,14,3838970,472,2205870,230,드라마,15세이상관람가,19598.580763732898,2021,1,국내,48.728813559322035
료마! 테니스의 왕자: 디사이드,장편,일본,7,3700800,471,2616000,325,애니메이션,12세이상관람가,18933.31286931164,2023,9,해외,69.00212314225053
사조영웅전: 협지대자,장편,중국,2,5365000,471,5365000,471,전쟁,15세이상관람가,27447.369094211244,2025,7,해외,100.0
우먼,장편,프랑스,14,4116600,471,2568100,279,다큐멘터리,15세이상관람가,21060.5479241808,2022,8,해외,59.23566878980891
엘 꼰도르 빠사,장편,한국,4,3239200,469,2083000,266,드라마,전체관람가,16642.433272535774,2016,2,국내,56.71641791044776
플래니테리엄,장편,프랑스,11,3362300,469,2249500,304,드라마,15세이상관람가,17274.899170241737,2018,8,해외,64.81876332622602
람보르기니: 전설이 된 남자,장편,이탈리아,5,3468000,468,1308000,108,드라마,12세이상관람가,17856.03954278653,2023,8,해외,23.076923076923077
그날의 딸들,장편,한국,8,3390000,466,793000,88,다큐멘터리,12세이상관람가,17529.344847199958,2024,4,국내,18.88412017167382
"꽃잎, 춤",장편,일본,3,3638000,466,3273000,406,드라마,12세이상관람가,18811.727597083616,2013,11,해외,87.1244635193133
디모: 벚꽃의 소리,장편,일본,5,3435096,466,2464496,333,애니메이션,전체관람가,17762.531671751385,2022,12,해외,71.45922746781116
브레이브 온 파이어,장편,미국,38,3669178,466,758139,90,액션,12세이상관람가,18972.945860696003,2024,4,해외,19.313304721030043
걸 위드 더 카메라,장편,한국,11,3676470,465,2559470,302,다큐멘터리,12세이상관람가,19051.535172949865,2022,1,국내,64.94623655913978
뷰티풀 엑스,장편,호주,7,3631500,465,2026500,262,스릴러,청소년관람불가,18818.499805674313,2011,11,해외,56.344086021505376
어떻게 헤어질까,장편,한국,9,3535600,464,2484500,285,판타지,12세이상관람가,18361.030328209392,2016,11,국내,61.422413793103445
그림자 내각,장편,한국,10,4368050,462,130500,16,다큐멘터리,12세이상관람가,22782.298023261883,2026,6,국내,3.463203463203463
기기묘묘2,옴니버스,한국,23,4336500,462,1545100,149,공포(호러),15세이상관람가,22617.74370208105,2024,9,국내,32.25108225108225
아주 오래된 미래도시,장편,한국,16,4509900,462,2948900,250,다큐멘터리,전체관람가,23522.14051009232,2024,6,국내,54.112554112554115
용의자 X적헌신,장편,중국,5,2912000,462,2890000,458,드라마,12세이상관람가,15188.024826579043,2018,4,해외,99.13419913419914
팔레르모 슈팅,장편,독일,1,3181958,462,2806000,395,드라마,15세이상관람가,16596.036092421633,2010,4,해외,85.4978354978355
희수,장편,한국,5,3606500,462,1944000,231,드라마,12세이상관람가,18810.306159703752,2022,12,국내,50.0
숏버스 감독행,옴니버스,한국,14,4549800,461,3161300,314,드라마,15세이상관람가,23781.721245067038,2021,11,국내,68.11279826464208
당신의 이웃은 친절하지 않다,장편,한국,10,4565000,459,2930500,307,미스터리,15세이상관람가,23965.141612200438,2022,9,국내,66.88453159041394
인투 더 포레스트,장편,캐나다,5,3152000,459,2694000,376,스릴러,15세이상관람가,16547.23469039557,2017,11,해외,81.91721132897604
검은뱀,장편,한국,16,4105200,456,1990300,208,액션,청소년관람불가,21693.088142041852,2025,10,국내,45.614035087719294
솔로몬의 위증 전편: 사건,장편,일본,1,3663500,455,3117000,390,미스터리,15세이상관람가,19401.562293128558,2015,8,해외,85.71428571428571
술에 대하여 - 극장판,장편,한국,1,2614000,454,2538000,440,다큐멘터리,15세이상관람가,13873.998195424872,2011,9,국내,96.91629955947137
킹 오브 뉴욕,장편,미국,8,3657567,454,1772967,183,액션,청소년관람불가,19412.807175839924,2023,9,해외,40.308370044052865
원스텝,장편,한국,33,3330000,453,1770000,218,드라마,12세이상관람가,17713.237054176974,2017,4,국내,48.12362030905077
더 워닝,장편,스페인,32,2068500,448,720500,140,스릴러,15세이상관람가,11125.753012048193,2020,5,해외,31.25
극장판 블리치 : 메모리즈 오브 노바디,장편,일본,1,3532500,446,3532500,446,애니메이션,12세이상관람가,19085.30984926252,2025,5,해외,100.0
갓길로 달리는 코뿔소,장편,한국,6,2996000,445,1696000,185,드라마,15세이상관람가,16223.094625693788,2022,6,국내,41.57303370786517
기억의 시간,장편,한국,6,5176000,445,3342000,288,멜로/로맨스,12세이상관람가,28027.616082306755,2021,12,국내,64.71910112359551
숏버스 섬뜩행,옴니버스,한국,13,4295500,445,2589500,260,드라마,15세이상관람가,23259.78069581698,2021,10,국내,58.42696629213483
카메라를 멈추면 안 돼! 스핀오프 할리우드 대작전!,장편,일본,10,3436700,445,2868100,368,코미디,15세이상관람가,18609.44903208339,2019,11,해외,82.69662921348313
파라독스,장편,홍콩,10,3232700,445,1989200,254,액션,15세이상관람가,17504.805739813186,2018,6,해외,57.078651685393254
극장판 극주부도,장편,일본,5,3004280,444,2350681,354,코미디,12세이상관람가,16304.569629870835,2023,6,해외,79.72972972972973
폭력의 그림자,장편,영국,33,3325600,443,1583630,185,범죄,청소년관람불가,18089.151187141342,2021,6,해외,41.760722347629795
간신의 피,장편,한국,10,5017510,442,3106400,250,액션,15세이상관람가,27353.813443820534,2024,1,국내,56.56108597285068
불어라 검풍아,장편,한국,29,3996870,442,2764870,298,액션,15세이상관람가,21789.620018535683,2021,4,국내,67.42081447963801
나인뮤지스; 그녀들의 서바이벌,장편,한국,6,3454000,440,2695200,336,다큐멘터리,12세이상관람가,18915.66265060241,2014,9,국내,76.36363636363637
메모리즈,장편,일본,6,3313000,438,1482500,192,애니메이션,15세이상관람가,18226.329977444024,2012,12,해외,43.83561643835616
뱀파이어 헌터 D,장편,일본,54,4310120,438,3266120,325,애니메이션,15세이상관람가,23711.943665071245,2025,11,해외,74.20091324200914
장흥1950: 마을로 간 전쟁,장편,한국,8,3406500,437,940500,106,다큐멘터리,15세이상관람가,18783.601224118443,2025,4,국내,24.25629290617849
우주형제#0,장편,일본,9,3092000,436,2222000,304,애니메이션,전체관람가,17088.537636785677,2015,5,해외,69.72477064220183
니자리,장편,한국,9,4649000,435,3933100,336,공포(호러),15세이상관람가,25752.665835756823,2024,6,국내,77.24137931034483
디렉터스 컷,장편,한국,7,2974000,435,1467000,192,드라마,12세이상관람가,16474.172552278076,2015,7,국내,44.13793103448276
밴디지,장편,일본,1,3345200,435,3345200,435,드라마,12세이상관람가,18530.397451876473,2011,6,해외,100.0
카르고,장편,스위스,1,2176000,435,2176000,435,미스터리,15세이상관람가,12053.73217005955,2013,9,해외,100.0
이쁜 것들이 되어라,장편,한국,2,3583400,434,2930400,359,코미디,15세이상관람가,19895.619343734386,2014,4,국내,82.7188940092166
대한민국 대통령,장편,한국,22,4443000,433,2861500,256,다큐멘터리,전체관람가,24725.2288600128,2022,2,국내,59.122401847575055
더 레치드: 악령의 저주,장편,미국,19,4111500,433,1045500,108,판타지,15세이상관람가,22880.436294832914,2021,7,해외,24.94226327944573
부재,장편,중국,17,3725600,432,2257500,241,드라마,12세이상관람가,20780.901383311026,2025,8,해외,55.78703703703704
보고싶다,옴니버스,한국,1,3701400,431,3701400,431,드라마,12세이상관람가,20693.819360970563,2016,6,국내,100.0
솔로몬의 위증 후편: 재판,장편,일본,3,3590000,430,3164500,379,미스터리,15세이상관람가,20117.680022415247,2015,9,해외,88.13953488372093
콜리션,장편,한국,8,2336000,430,1849000,303,공포(호러),청소년관람불가,13090.501541047914,2017,3,국내,70.46511627906978
그리울 련,장편,한국,20,2210000,429,625000,119,판타지,12세이상관람가,12413.289521723258,2015,8,국내,27.73892773892774
마녀의 관,장편,한국,1,2383421,426,2258000,406,공포(호러),청소년관람불가,13481.650545845354,2010,3,국내,95.30516431924883
2퍼센트,장편,한국,8,2792000,426,1982500,215,드라마,12세이상관람가,15792.748458623226,2023,4,국내,50.46948356807511
그레이트 샤크2,장편,미국,50,1877000,425,414000,82,액션,12세이상관람가,10642.097802976612,2021,12,해외,19.294117647058822
마스: 화성으로 가는 길,장편,미국,5,2124000,425,2100000,420,다큐멘터리,12세이상관람가,12042.523033309712,2016,10,해외,98.82352941176471
무림시대: 4대 고수전,장편,중국,5,2125000,425,2100000,420,액션,15세이상관람가,12048.192771084337,2016,9,해외,98.82352941176471
인 마이 슬립,장편,미국,3,3298000,425,2863000,343,스릴러,15세이상관람가,18698.795180722893,2011,7,해외,80.70588235294117
죽이러 간다,장편,한국,8,4182500,425,2719500,271,드라마,15세이상관람가,23713.67824238129,2021,11,국내,63.76470588235294
바탈리온,장편,러시아,5,2122000,424,2100000,420,전쟁,15세이상관람가,12059.558990679701,2016,10,해외,99.05660377358491
"빛의 혁명, 민주주의를 지키다",장편,한국,21,3946700,423,2367500,256,다큐멘터리,12세이상관람가,22482.554330798375,2025,5,국내,60.520094562647756
진구세주전설 북두의권 Zero - 켄시로전,장편,일본,9,2951500,423,2533000,366,애니메이션,15세이상관람가,16813.35270158649,2013,10,해외,86.52482269503547
더 프레지던트,장편,미국,5,2100000,420,900000,180,드라마,15세이상관람가,12048.192771084337,2021,11,해외,42.857142857142854
라이엇,장편,미국,1,2100000,420,2100000,420,액션,청소년관람불가,12048.192771084337,2016,7,해외,100.0
밀리터리 맨,장편,러시아,5,2100000,420,900000,180,전쟁,15세이상관람가,12048.192771084337,2021,11,해외,42.857142857142854
크레이지 샤크,장편,미국,5,2180000,420,1000000,200,스릴러,15세이상관람가,12507.171543316123,2013,12,해외,47.61904761904761
푸셔: 파이널 프로젝트,장편,영국,5,2180000,420,1000000,200,범죄,청소년관람불가,12507.171543316123,2013,12,해외,47.61904761904761
퀸 오브 아이스,장편,노르웨이,36,3109840,419,1746880,239,드라마,15세이상관람가,17884.463869799005,2020,3,해외,57.04057279236277
테우리,장편,한국,16,3505980,419,2894980,343,드라마,15세이상관람가,20162.636225091297,2020,7,국내,81.86157517899761
붉은 눈,장편,일본,5,2321770,418,1921770,338,미스터리,청소년관람불가,13384.273937856691,2020,12,해외,80.86124401913875
오랜만이다,장편,한국,7,3754300,418,2939800,322,드라마,12세이상관람가,21642.358909321498,2024,12,국내,77.03349282296651
이름 없는 춤,장편,일본,14,4125000,418,3092500,292,다큐멘터리,12세이상관람가,23779.327837666457,2023,8,해외,69.85645933014354
블랙 47,장편,아일랜드,9,2889300,417,1806000,245,전쟁,15세이상관람가,16695.848140764498,2019,6,해외,58.752997601918466
왼손잡이 소녀,장편,미국,75,3007000,416,1338000,141,드라마,15세이상관람가,17417.747914735868,2025,11,해외,33.894230769230774
첫사랑 열전,옴니버스,한국,1,2666871,415,1973000,299,멜로/로맨스,15세이상관람가,15484.80766439251,2010,5,국내,72.04819277108435
캐논볼,장편,한국,12,3673010,415,2882940,331,드라마,12세이상관람가,21326.81085788939,2021,8,국내,79.75903614457832
탐정사무소 - 사랑과 전쟁,장편,한국,20,2097000,415,1278000,256,스릴러,청소년관람불가,12175.93264624764,2016,5,국내,61.686746987951814
선샤인 패밀리,장편,한국,26,3480570,414,2172070,245,드라마,12세이상관람가,20258.250392875852,2020,12,국내,59.17874396135265
스마트폰을 떨어뜨렸을 뿐인데,장편,일본,3,3014000,414,3014000,414,스릴러,15세이상관람가,17542.63430533729,2019,4,해외,100.0
침묵의 목격자,장편,중국,2,3046000,414,3046000,414,스릴러,15세이상관람가,17728.886560735697,2014,5,해외,100.0
그레이브 인카운터 2,장편,캐나다,9,3161000,413,2366000,290,공포(호러),15세이상관람가,18442.77837743225,2016,8,해외,70.2179176755448
긴 하루,장편,한국,12,3901600,413,3107300,319,드라마,12세이상관람가,22763.79124245165,2021,12,국내,77.23970944309927
독수리오형제,장편,일본,4,2474500,412,1158000,198,SF,12세이상관람가,14472.452918469997,2014,2,해외,48.05825242718447
스쿨 아웃 포에버,장편,영국,12,3701800,411,2998300,337,코미디,청소년관람불가,21703.16301703163,2021,9,해외,81.99513381995133
봉신연의: 조가풍운,장편,중국,23,3284317,409,789500,74,전쟁,12세이상관람가,19349.67449259139,2024,1,해외,18.09290953545232
호랑이 소녀,장편,말레이시아,20,3899800,409,2737100,265,공포(호러),12세이상관람가,22975.815241405722,2025,5,해외,64.79217603911981
나의 이름은 마리아,장편,프랑스,16,3319100,408,2340300,277,드라마,15세이상관람가,19602.52775809119,2025,11,해외,67.8921568627451
속초에서의 겨울,장편,프랑스,22,3294700,408,1093600,116,드라마,12세이상관람가,19458.421922986065,2025,11,해외,28.431372549019606
인비져블 2: 귀신소리찾기,장편,한국,4,2046000,408,2046000,408,공포(호러),15세이상관람가,12083.628632175763,2011,1,국내,100.0
"오늘, 우리 2",장편,한국,14,3297200,407,2342200,266,드라마,12세이상관람가,19521.032533080725,2021,1,국내,65.35626535626535
UFO 스케치,장편,한국,10,2861500,407,1999000,264,다큐멘터리,전체관람가,16941.475977620557,2021,3,국내,64.86486486486487
톰과 릴리: 그들만의 공간,장편,미국,7,3194500,404,1999000,234,드라마,12세이상관람가,19053.441488727185,2017,1,해외,57.920792079207914
샌 안드레스 메가 대지진,장편,미국,48,1779000,401,404000,82,액션,12세이상관람가,10690.142114593036,2022,1,해외,20.448877805486283
이사벨라 두크로트 언리미티드,장편,이탈리아,10,3307000,401,2078400,251,다큐멘터리,12세이상관람가,19872.006730162546,2025,12,해외,62.593516209476306
그래니트: 트루 솔저,장편,러시아,5,2000000,400,800000,160,전쟁,청소년관람불가,12048.192771084337,2022,5,해외,40.0
블레이징 썬,장편,러시아,5,2000000,400,800000,160,전쟁,청소년관람불가,12048.192771084337,2022,6,해외,40.0
수호지-신비술사,장편,중국,5,2150000,400,1100000,220,액션,15세이상관람가,12951.807228915663,2013,12,해외,55.00000000000001
멘탈,장편,일본,2,2754243,399,1345000,165,다큐멘터리,15세이상관람가,16633.408823262977,2010,4,해외,41.35338345864661
아너,장편,영국,2,2769000,399,2769000,399,액션,15세이상관람가,16722.529214602775,2014,12,해외,100.0
하이자오 7번지,장편,대만,4,3078839,399,2597000,319,드라마,12세이상관람가,18593.707159464928,2010,3,해외,79.9498746867168
밥만 잘 사주는 이상한 이사님 극장판,장편,한국,18,5968000,398,4485000,299,드라마,15세이상관람가,36132.46957679966,2023,4,국내,75.12562814070351
스틸 더 머니: 314 비밀금고,장편,스페인,10,2972500,398,1473700,177,범죄,12세이상관람가,17996.609553793063,2018,6,해외,44.472361809045225
원 컷 - 어느 친절한 살인자의 기록,장편,한국,3,2790600,395,2622600,367,공포(호러),청소년관람불가,17023.63885923441,2014,9,국내,92.91139240506328
장례식의 멤버,장편,한국,1,2625836,395,2475000,344,드라마,12세이상관람가,16018.520664938236,2009,3,국내,87.0886075949367
살인의 기억,장편,멕시코,5,1698000,394,1210000,238,SF,15세이상관람가,10384.685951929547,2014,12,해외,60.40609137055838
승풍파랑,장편,홍콩,5,1973000,394,550000,110,코미디,15세이상관람가,12066.540272766193,2017,9,해외,27.918781725888326
뭘 또 그렇게까지,장편,한국,1,2572896,393,2042500,296,드라마,12세이상관람가,15775.443759771913,2010,4,국내,75.31806615776081
감독 미카엘 하네케,장편,오스트리아,8,3028200,392,2065000,244,다큐멘터리,15세이상관람가,18614.4578313253,2016,2,해외,62.244897959183675
뿔을 가진 소년,장편,한국,5,2489000,392,1553000,178,드라마,15세이상관람가,15299.975411851488,2019,6,국내,45.40816326530612
"고,보이즈!:마지막 잎새 사수 프로젝트",장편,일본,5,3009000,391,2065000,251,코미디,12세이상관람가,18543.74017810372,2012,11,해외,64.19437340153452
경미의 세계,장편,한국,13,3009878,390,2075878,266,드라마,12세이상관람가,18596.71300586963,2023,9,국내,68.2051282051282
봉배도저,장편,중국,5,2110000,390,1100000,220,액션,15세이상관람가,13036.762434352797,2013,12,해외,56.41025641025641
완전범죄 프로젝트,장편,미국,5,2152000,390,1100000,220,액션,청소년관람불가,13296.261970960766,2013,12,해외,56.41025641025641
아빠는 딸,장편,베트남,6,2758500,387,2543000,362,코미디,12세이상관람가,17175.679462034183,2019,9,해외,93.54005167958657
환타스틱 모던가야그머,장편,한국,8,2640500,387,1555000,206,다큐멘터리,전체관람가,16440.957628965476,2011,8,국내,53.229974160206716
넥스트 제네레이션 패트레이버 2,장편,일본,1,1993000,386,1993000,386,액션,12세이상관람가,12441.475747549785,2014,6,해외,100.0
동행: 10년의 발걸음,장편,한국,9,2658200,385,1090000,79,다큐멘터리,전체관람가,16637.14598654358,2022,12,국내,20.51948051948052
미인,장편,한국,5,3055000,384,1400000,155,다큐멘터리,전체관람가,19170.43172690763,2022,2,국내,40.36458333333333
에이리언 스페이스,장편,미국,4,1636000,384,846000,166,SF,15세이상관람가,10266.064257028114,2014,11,해외,43.22916666666667
참외향기,장편,한국,4,2895200,384,749600,77,드라마,전체관람가,18167.670682730924,2018,5,국내,20.052083333333336
버스데이 원더랜드,장편,일본,26,3034160,383,1277460,156,애니메이션,전체관람가,19089.3705369782,2019,10,해외,40.73107049608355
이고르와 귀여운 몬스터 이바,장편,미국,8,2490500,383,144000,22,애니메이션,전체관람가,15668.942086885401,2011,2,해외,5.7441253263707575
이십일세기 소녀,장편,일본,20,3279400,382,2655400,292,드라마,15세이상관람가,20686.305431148678,2020,9,해외,76.43979057591623
넥스트 투모로우 2,장편,미국,4,1626000,381,1096000,216,액션,12세이상관람가,10283.654302248364,2014,11,해외,56.69291338582677
루비,장편,한국,12,3271900,381,2924400,330,드라마,12세이상관람가,20693.16636625241,2020,7,국내,86.61417322834646
바바 야가: 숲의 악령,장편,러시아,5,1900000,380,800000,160,공포(호러),15세이상관람가,12048.192771084337,2021,2,해외,42.10526315789473
설지,장편,한국,14,2849100,380,1844500,218,드라마,12세이상관람가,18066.582117945465,2015,11,국내,57.36842105263158
브리드,장편,미국,23,2209000,379,100000,20,SF,15세이상관람가,14044.568776424961,2024,12,해외,5.277044854881266
엄마와 나,장편,한국,7,3139700,379,2780700,330,다큐멘터리,전체관람가,19961.85268779604,2022,4,국내,87.0712401055409
나의 노래는,장편,한국,1,2325110,378,1969500,320,드라마,12세이상관람가,14821.890737553387,2008,4,국내,84.65608465608466
몬스터 울프,장편,미국,4,1594000,378,804000,160,판타지,12세이상관람가,10161.280040798114,2014,11,해외,42.32804232804233
검은 여름,장편,한국,4,2539000,377,1850000,270,멜로/로맨스,15세이상관람가,16228.308459301397,2019,6,국내,71.61803713527851
미드나잇 선,장편,미국,4,1870000,376,25000,3,공포(호러),청소년관람불가,11984.106639323252,2013,8,해외,0.7978723404255319
궤도,장편,한국,2,2264500,375,1949500,314,드라마,12세이상관람가,14551.004016064258,2008,7,국내,83.73333333333333
서울,장편,한국,2,2481968,374,1762000,238,드라마,12세이상관람가,15991.031505701952,2010,4,국내,63.63636363636363
가려진 전선,장편,미국,20,2311000,373,100000,20,전쟁,15세이상관람가,14929.422784973676,2025,8,해외,5.361930294906166
아스라이,장편,한국,1,2304500,373,1706500,272,드라마,12세이상관람가,14887.43176459188,2008,1,국내,72.92225201072387
극장판 블리치 : 다이아몬드 더스트 리벨리온,장편,일본,1,2908000,372,2490000,317,애니메이션,12세이상관람가,18836.63687006089,2025,5,해외,85.21505376344086
마지막 밥상,장편,한국,1,2410000,372,2410000,372,드라마,18세관람가,15610.830418447986,2008,4,국내,100.0
블레이즈,장편,호주,9,3599000,372,3380000,348,드라마,15세이상관람가,23312.60525974867,2023,7,해외,93.54838709677419
시 읽는 시간,장편,한국,15,2830400,371,1696900,198,다큐멘터리,12세이상관람가,18383.398824408145,2021,3,국내,53.36927223719676
스크림6,장편,미국,19,4049300,370,1543800,149,공포(호러),청소년관람불가,26371.214588082057,2023,5,해외,40.27027027027027
스트릿 오브 블러드,장편,미국,2,1845000,369,1845000,369,범죄,청소년관람불가,12048.192771084337,2013,9,해외,100.0
신 테니스의 왕자 효테이 vs 릿카이 : 게임 오브 퓨처 후편,장편,일본,11,2884000,368,1645500,210,애니메이션,전체관람가,18884.23258250393,2021,6,해외,57.065217391304344
물 없는 바다,장편,한국,2,2291000,367,2088000,329,멜로/로맨스,15세이상관람가,15042.185089130366,2011,12,국내,89.64577656675749
팬픽에서 연애까지,장편,한국,18,2723500,367,1672000,183,멜로/로맨스,15세이상관람가,17881.881750434983,2022,12,국내,49.863760217983646
마마 고고,장편,아이슬란드,1,2664000,366,2664000,366,드라마,전체관람가,17539.00849298835,2011,6,해외,100.0
보호자,장편,한국,3,3065500,364,2755500,329,범죄,15세이상관람가,20293.260955911563,2014,4,국내,90.38461538461539
하이힐을 신은 여자는 위험하다,장편,미국,6,2441000,364,1320000,162,다큐멘터리,15세이상관람가,16159.142062756522,2013,12,해외,44.505494505494504
이방인들,장편,한국,4,2025000,363,909000,133,드라마,12세이상관람가,13442.19854625112,2012,5,국내,36.63911845730027
군산전기,장편,한국,9,3024850,360,395500,45,다큐멘터리,전체관람가,20246.653279785813,2023,7,국내,12.5
마더스 베이비,장편,오스트리아,5,1800000,360,1400000,280,스릴러,15세이상관람가,12048.192771084337,2025,12,해외,77.77777777777779
파파좀비,장편,한국,5,2257500,360,1783500,284,드라마,전체관람가,15110.441767068272,2016,12,국내,78.88888888888889
살룸의 하이에나,장편,프랑스,5,2125000,359,7000,1,액션,15세이상관람가,14263.180857133268,2023,4,해외,0.2785515320334262
서바이벌 워,장편,미국,6,1638000,359,1366000,266,액션,15세이상관람가,10994.395408933784,2015,1,해외,74.09470752089136
제거자,장편,미국,5,1638000,359,1352000,264,스릴러,청소년관람불가,10994.395408933784,2015,1,해외,73.53760445682451
카페 서울,장편,일본,1,2359647,359,2240600,337,드라마,12세이상관람가,15838.151491760917,2010,1,해외,93.87186629526462
라운드 업,장편,프랑스,5,2383000,358,1980000,296,드라마,15세이상관람가,16039.577303627919,2013,5,해외,82.68156424581005
이름에게,장편,한국,5,3065000,358,1608000,134,드라마,전체관람가,20630.006057750557,2025,10,국내,37.43016759776536
신입사원: 더 무비,장편,한국,1,3146000,356,3146000,356,멜로/로맨스,15세이상관람가,21294.165425747935,2023,8,국내,100.0
유코의 평형추,장편,일본,6,2399139,356,1452439,213,드라마,15세이상관람가,16238.926492486802,2024,5,해외,59.8314606741573
보이지 않는,장편,한국,9,3009800,355,2225000,243,액션,15세이상관람가,20429.6623112167,2024,12,국내,68.45070422535211
그리고 방행자,장편,한국,7,2911340,354,2639840,307,다큐멘터리,12세이상관람가,19817.166972976655,2021,3,국내,86.7231638418079
센코롤 커넥트,장편,일본,5,1701400,354,1400,14,애니메이션,12세이상관람가,11581.24021509768,2021,10,해외,3.954802259887006
일주일 그리고 하루,장편,이스라엘,9,2483000,353,1303000,164,드라마,15세이상관람가,16949.383938018364,2018,4,해외,46.45892351274787
강시: 리거모티스,장편,홍콩,5,1635000,350,1040000,208,공포(호러),청소년관람불가,11256.45438898451,2014,5,해외,59.42857142857143
이상존재,장편,한국,53,2471870,349,506900,55,공포(호러),15세이상관람가,17066.800151896987,2021,12,국내,15.759312320916905
실종: 사라진 사람들,장편,미국,30,3105180,348,616900,65,공포(호러),15세이상관람가,21501.038637307855,2021,3,해외,18.67816091954023
오만,장편,한국,1,2678000,348,2678000,348,드라마,15세이상관람가,18543.138069519457,2019,9,국내,100.0
원령,장편,한국,2,1760000,348,574000,115,공포(호러),15세이상관람가,12186.677745464616,2015,8,국내,33.04597701149425
결혼식 후에,장편,한국,9,2540904,347,1322000,186,멜로/로맨스,12세이상관람가,17644.55400854137,2009,12,국내,53.602305475504316
나이트 버스,장편,이탈리아,1,2317500,347,2111500,307,코미디,15세이상관람가,16093.191208638591,2008,5,해외,88.47262247838617
써니,장편,일본,6,2494000,347,2342000,319,드라마,15세이상관람가,17318.843095725842,2021,5,해외,91.93083573487031
도쿄 연애사건,장편,일본,16,2535500,346,1265000,171,코미디,청소년관람불가,17657.914896580543,2017,1,해외,49.421965317919074
엔드리스,장편,미국,16,3031870,346,1284870,151,판타지,12세이상관람가,21114.771223622814,2021,12,해외,43.641618497109825
데블스 더블,장편,미국,6,2173500,345,524000,77,액션,청소년관람불가,15180.722891566265,2013,6,해외,22.318840579710145
미드나잇 스완,장편,일본,10,2744315,343,1970428,248,드라마,15세이상관람가,19279.32136710106,2023,6,해외,72.30320699708454
뮤턴트 워,장편,캐나다,5,1700000,340,700000,140,SF,15세이상관람가,12048.192771084337,2021,7,해외,41.17647058823529
변신 : 어느날 갑자기,장편,영국,5,1700000,340,700000,140,공포(호러),15세이상관람가,12048.192771084337,2021,9,해외,41.17647058823529
아메리칸 히트맨,장편,캐나다,5,1700000,340,700000,140,액션,청소년관람불가,12048.192771084337,2021,7,해외,41.17647058823529
안나푸르나: 비욘드 써밋,장편,스페인,5,1700000,340,500000,100,드라마,12세이상관람가,12048.192771084337,2022,7,해외,29.411764705882355
어쌔신 트랩,장편,이탈리아,5,1700000,340,700000,140,액션,15세이상관람가,12048.192771084337,2022,7,해외,41.17647058823529
트리거 포인트,장편,캐나다,5,1700000,340,700000,140,액션,15세이상관람가,12048.192771084337,2021,7,해외,41.17647058823529
1번국도,장편,한국,9,3588800,340,3398300,318,드라마,15세이상관람가,25434.443656980868,2022,12,국내,93.52941176470588
드라이브,장편,한국,4,2994500,339,2246000,242,멜로/로맨스,12세이상관람가,21285.140562249,2024,4,국내,71.38643067846607
호쿠사이,장편,일본,5,2501855,339,1907855,256,드라마,12세이상관람가,17783.381312862068,2023,7,해외,75.51622418879056
국도극장,장편,한국,7,2581000,337,1401000,171,드라마,12세이상관람가,18454.8282149369,2020,5,국내,50.74183976261127
라자레스쿠씨의 죽음,장편,루마니아,1,2272000,336,2272000,336,코미디,15세이상관람가,16293.746414228342,2008,3,해외,100.0
정글피쉬2,장편,한국,14,2439000,335,951000,124,드라마,15세이상관람가,17543.60726488042,2011,3,국내,37.014925373134325
컴 애즈 유 아,장편,미국,19,2629300,334,1279800,146,코미디,15세이상관람가,18969.049852103024,2021,5,해외,43.712574850299404
트로트는 인생이다,장편,한국,8,3040100,334,1032500,96,코미디,15세이상관람가,21932.760984055985,2022,1,국내,28.74251497005988
앰뷸런스,장편,이탈리아,9,2605800,333,1878800,220,스릴러,15세이상관람가,18855.964398133074,2021,11,해외,66.06606606606607
천당의 밤과 안개,장편,한국,5,3678200,333,2826000,250,다큐멘터리,전체관람가,26616.013603965413,2018,11,국내,75.07507507507508
꽃손,장편,한국,5,1857700,330,1847700,326,드라마,전체관람가,13564.804673238408,2021,12,국내,98.7878787878788
스윈들러,장편,한국,16,2634000,330,1654500,201,드라마,15세이상관람가,19233.29682365827,2020,10,국내,60.909090909090914
굿바이 그리고 헬로우,장편,한국,2,2835000,329,2482000,276,드라마,12세이상관람가,20763.906690592154,2015,12,국내,83.89057750759878
시체들의 새벽,장편,미국,8,2891200,327,2658300,298,공포(호러),15세이상관람가,21305.036660403082,2020,4,해외,91.13149847094802
카우,장편,영국,9,3368600,326,2750400,254,다큐멘터리,12세이상관람가,24899.105624953805,2022,8,해외,77.91411042944786
두 번째 겨울,장편,한국,3,2085400,323,959800,136,드라마,12세이상관람가,15557.462046327726,2018,12,국내,42.10526315789473
푸른 강은 흘러라,장편,한국,3,1789770,323,1457000,266,드라마,12세이상관람가,13352.008653810288,2009,10,국내,82.35294117647058
마약전쟁,장편,홍콩,1,2055000,322,1155000,172,범죄,청소년관람불가,15378.283319613858,2014,2,해외,53.41614906832298
람보-특별판,장편,미국,21,2467010,321,1455600,195,액션,15세이상관람가,18519.010621926962,2021,3,해외,60.747663551401864
러브렉트,장편,미국,1,2613041,321,2574000,316,멜로/로맨스,12세이상관람가,19615.216004203732,2009,9,해외,98.4423676012461
타타르인의 사막,장편,이탈리아,14,2329500,321,957000,106,드라마,12세이상관람가,17486.769507938294,2025,10,해외,33.021806853582554
앵커,장편,한국,5,1615200,320,630700,74,드라마,15세이상관람가,12162.65060240964,2019,11,국내,23.125
동자 대소동,장편,한국,10,2154000,319,1162000,168,가족,전체관람가,16270.725535370322,2011,1,국내,52.66457680250783
실종: 비밀의 소녀,장편,노르웨이,5,2656100,319,2111600,244,범죄,15세이상관람가,20063.45129735242,2018,4,해외,76.48902821316614
고백할 수 없는,장편,한국,4,2301000,318,2067000,281,스릴러,청소년관람불가,17435.780859286202,2016,3,국내,88.36477987421384
내 아내의 남자친구,장편,아르헨티나,1,2226000,318,2226000,318,코미디,15세이상관람가,16867.469879518074,2013,12,해외,100.0
스콘드: 잔혹 불륜사,장편,미국,4,2545000,318,550000,110,스릴러,청소년관람불가,19284.685913465182,2013,11,해외,34.59119496855346
플랜 비,장편,스페인,16,2394300,318,963300,128,범죄,15세이상관람가,18142.759718117755,2017,10,해외,40.25157232704403
다방의 푸른 꿈,장편,한국,4,2330000,317,1529000,183,다큐멘터리,전체관람가,17711.223442666567,2017,1,국내,57.72870662460568
더 울프팩,장편,미국,5,2230000,317,1820000,251,다큐멘터리,15세이상관람가,16951.085097487743,2016,9,해외,79.17981072555204
스퍼마게돈: 사정의 날,장편,노르웨이,14,3084400,317,1862500,184,애니메이션,청소년관람불가,23445.707118695602,2025,10,해외,58.0441640378549
리벤지 나이트,장편,미국,26,2756900,316,1359000,151,액션,15세이상관람가,21022.571297849627,2023,9,해외,47.78481012658228
은판 위의 여인,장편,프랑스,5,2254500,316,1311500,160,미스터리,15세이상관람가,17191.551014183315,2017,11,해외,50.63291139240506
마중: 커피숍 난동 수다 사건,장편,한국,6,2481500,315,1908000,201,코미디,15세이상관람가,18982.59705488621,2018,5,국내,63.8095238095238
도서관 전쟁,장편,일본,4,2088000,314,1446000,198,멜로/로맨스,15세이상관람가,16023.328984728725,2014,3,해외,63.05732484076433
아이 노우 유 노우,장편,영국,1,2002439,313,1688000,260,드라마,12세이상관람가,15415.828168905655,2010,5,해외,83.06709265175719
라스트 씬,장편,한국,7,2035000,312,667000,87,다큐멘터리,전체관람가,15716.713005869633,2019,12,국내,27.884615384615387
영웅들의 눈물,장편,한국,3,2253000,312,842000,80,전쟁,12세이상관람가,17400.370713623724,2024,10,국내,25.64102564102564
타임코드,장편,미국,1,2481000,312,2481000,312,SF,12세이상관람가,19161.26042632067,2011,7,해외,100.0
픽션들,장편,한국,9,2976000,312,2244500,209,드라마,15세이상관람가,22984.244670991662,2022,11,국내,66.98717948717949
굿바이 초콜릿,장편,미국,1,2462796,311,2426000,306,코미디,청소년관람불가,19081.826986402204,2009,10,해외,98.39228295819936
나이트 언데드,장편,미국,20,1585000,311,1210000,236,미스터리,15세이상관람가,12280.633789175996,2021,1,해외,75.88424437299035
녹화중이야,장편,한국,6,2284500,311,1528000,192,멜로/로맨스,15세이상관람가,17700.383527679853,2017,3,국내,61.7363344051447
사범,장편,한국,6,1819000,311,190000,79,다큐멘터리,전체관람가,14093.67373029094,2019,6,국내,25.401929260450164
살롱 드 서울,장편,한국,7,2655750,311,929150,93,기타,15세이상관람가,20576.841126564137,2023,6,국내,29.903536977491964
"그리고, 살아간다",장편,일본,6,2337656,310,696000,86,드라마,12세이상관람가,18170.66459385931,2024,1,해외,27.741935483870968
제미나이: 지구 최후의 날,장편,러시아,5,2170000,310,2100000,300,SF,12세이상관람가,16867.469879518074,2022,6,해외,96.7741935483871
화창한 그날들,장편,한국,2,2030000,310,2030000,310,스릴러,청소년관람불가,15779.246016323357,2014,3,국내,100.0
풍뎅이뎅이,옴니버스,한국,4,2001000,308,592000,88,애니메이션,전체관람가,15654.827100610233,2018,2,국내,28.57142857142857
극장판 나와 로보코,장편,일본,74,3068700,307,1757700,169,애니메이션,12세이상관람가,24086.181860994468,2025,11,해외,55.048859934853425
디셈버,장편,한국,6,2043000,307,1346000,183,멜로/로맨스,15세이상관람가,16035.477414544172,2014,2,국내,59.60912052117264
사제로부터 온 편지,장편,한국,4,1576000,305,194000,25,다큐멘터리,전체관람가,12451.115939166502,2021,8,국내,8.19672131147541
손,장편,한국,10,2984055,305,2209827,221,공포(호러),15세이상관람가,23575.390084929884,2023,6,국내,72.45901639344262
약수터 부르스,장편,한국,3,2126351,305,810000,135,코미디,15세이상관람가,16799.138850483905,2009,11,국내,44.26229508196721
그녀들의 방,장편,한국,1,2007546,304,2185500,304,드라마,15세이상관람가,15912.698161065315,2009,3,국내,100.0
래미와 친구들: 푸른푸른 초원의 위기,장편,중국,18,2252600,304,374100,47,애니메이션,전체관람가,17855.104629042486,2020,7,해외,15.460526315789474
게스트하우스,장편,한국,12,2062500,303,902100,126,드라마,12세이상관람가,16402.242633901948,2018,2,국내,41.584158415841586
플라워,장편,스페인,3,1829000,303,273000,32,드라마,12세이상관람가,14545.309952682015,2017,4,해외,10.561056105610561
로베르토의 특별한 일주일,장편,아르헨티나,14,2296500,302,1725500,219,코미디,12세이상관람가,18323.62562834118,2016,4,해외,72.51655629139073
엽문 리부트 2020,장편,중국,24,2277770,302,363900,48,액션,12세이상관람가,18174.180164366076,2020,11,해외,15.894039735099339
요묘전: 레전드 오브 더 데몬 캣,장편,중국,6,2410000,302,2011600,236,미스터리,12세이상관람가,19229.234820075002,2018,8,해외,78.1456953642384
홈런: 야구소년,장편,중국,8,1515000,302,515000,102,다큐멘터리,전체관람가,12088.087449134287,2021,5,해외,33.77483443708609
화룡대결,장편,홍콩,1,1510000,302,1510000,302,액션,청소년관람불가,12048.192771084337,2014,1,해외,100.0
거너,장편,미국,20,1746000,301,100000,20,액션,15세이상관람가,13977.504703198176,2025,4,해외,6.64451827242525
벙커 게임,장편,이탈리아,19,2944300,301,813600,78,공포(호러),15세이상관람가,23570.427890965857,2024,3,해외,25.91362126245847
아머: 현금수송차,장편,미국,20,1746000,301,100000,20,범죄,15세이상관람가,13977.504703198176,2025,3,해외,6.64451827242525
그런 날 사이에 어떤 날,장편,미국,7,2267500,300,1694500,207,드라마,15세이상관람가,18212.85140562249,2015,4,해외,69.0
다이빙벨: 진실은 침몰하지 않습니다,장편,한국,4,2209000,300,2000000,268,다큐멘터리,15세이상관람가,17742.9718875502,2015,4,국내,89.33333333333333
당신은 이 글 속에 살아있다,장편,한국,5,1500000,300,100000,20,기타,12세이상관람가,12048.192771084337,2022,2,국내,6.666666666666667
사보타지 1941,장편,러시아,5,1500000,300,1100000,220,드라마,15세이상관람가,12048.192771084337,2021,8,해외,73.33333333333333
우주에서 가장 밝은 지붕,장편,일본,2,1500000,300,1400000,280,판타지,전체관람가,12048.192771084337,2022,3,해외,93.33333333333333
커플지옥,장편,한국,5,2384000,300,1354000,137,공포(호러),15세이상관람가,19148.594377510042,2025,3,국내,45.666666666666664
머리카락,장편,한국,12,2646670,298,1990070,210,다큐멘터리,전체관람가,21401.067356675023,2020,12,국내,70.46979865771812
눈감은 여름,장편,베트남,6,1490000,297,100000,20,드라마,12세이상관람가,12088.759076710885,2022,6,해외,6.7340067340067336
보디가드: 여전사,장편,중국,20,1780000,297,100000,20,액션,15세이상관람가,14441.604803050588,2025,10,해외,6.7340067340067336
소리에 놀라지 않는 사자처럼,장편,한국,8,1387940,297,564000,186,다큐멘터리,전체관람가,11260.719646261816,2021,5,국내,62.62626262626263
이인,장편,한국,1,2746000,297,2746000,297,드라마,15세이상관람가,22279.015050099388,2026,5,국내,100.0
블라스트: 폭탄제거반,장편,프랑스,5,1800000,296,900000,144,액션,12세이상관람가,14653.207424291762,2023,3,해외,48.64864864864865
이노센트 보이스,장편,멕시코,1,1770000,295,1182000,185,드라마,15세이상관람가,14457.831325301206,2008,8,해외,62.71186440677966
고양이 사무라이 2,장편,일본,8,2311500,294,1881000,232,코미디,12세이상관람가,18945.16842881731,2016,3,해외,78.91156462585033
샘터분식-그들도 우리처럼,장편,한국,3,1837276,294,1446100,229,다큐멘터리,전체관람가,15058.405048766495,2009,11,국내,77.89115646258503
라라 선샤인,장편,한국,1,1861442,293,1841000,290,드라마,15세이상관람가,15308.540647230562,2009,10,국내,98.97610921501706
디노소어 어드벤쳐,장편,미국,26,2165070,292,517000,69,어드벤처,15세이상관람가,17866.562138966827,2021,1,해외,23.63013698630137
필승必勝 Ver 2.0 연영석,장편,한국,1,1796500,292,1663500,269,다큐멘터리,전체관람가,14825.053639214391,2008,6,국내,92.12328767123287
히마와리와 나의 7일,장편,일본,3,2077000,292,1637000,219,드라마,전체관람가,17139.792044891896,2014,9,해외,75.0
"괜찮아, 정말 괜찮아",장편,일본,1,1810424,291,966000,130,코미디,12세이상관람가,14991.297147352298,2010,5,해외,44.67353951890035
매니페스토,장편,독일,4,1814200,291,381000,46,드라마,15세이상관람가,15022.564484743096,2019,8,해외,15.807560137457044
저승보다 낯선,장편,한국,9,2342970,291,1947970,227,드라마,15세이상관람가,19401.068190286922,2021,6,국내,78.00687285223368
첫잔처럼,장편,한국,1,1305000,290,1305000,290,드라마,15세이상관람가,10843.373493975903,2019,10,국내,100.0
오늘부터 1일,장편,한국,5,2710500,287,2191000,237,스릴러,15세이상관람가,22757.23101465094,2024,12,국내,82.57839721254355
오하이오 삿포로,장편,한국,1,1429000,287,1429000,287,드라마,전체관람가,11997.81705218085,2013,1,국내,100.0
16세의 사운드트랙,장편,영국,19,2460400,286,1502900,165,코미디,12세이상관람가,20729.631813969165,2020,7,해외,57.692307692307686
데드 어게인,장편,한국,20,1710000,285,100000,20,스릴러,청소년관람불가,14457.831325301206,2025,5,국내,7.017543859649122
"프란체스코, 신의 어릿광대",장편,이탈리아,11,2627300,285,1448300,149,드라마,12세이상관람가,22213.485521031496,2025,9,해외,52.28070175438596
P.S. 걸,장편,한국,21,1673000,285,554000,87,스릴러,청소년관람불가,14145.001056859017,2016,2,국내,30.526315789473685
그빨로,장편,한국,20,1513000,284,607000,121,스릴러,청소년관람불가,12837.264551162398,2016,6,국내,42.6056338028169
머더 컴퍼니: 살인 중대,장편,미국,20,1628000,283,100000,20,전쟁,15세이상관람가,13861.807654646856,2025,2,해외,7.06713780918728
블러드써스티,장편,캐나다,5,1974000,282,1092000,156,공포(호러),15세이상관람가,16867.469879518074,2022,1,해외,55.319148936170215
킹 오브 더 힐,장편,스페인,1,1924757,282,1892000,277,스릴러,청소년관람불가,16446.697428009913,2009,2,해외,98.22695035460993
바이스: 범죄도시,장편,미국,5,1770000,281,220000,11,액션,15세이상관람가,15178.150323714788,2017,12,해외,3.9145907473309607
핀치 콘티니의 정원,장편,이탈리아,1,2016000,281,1652000,198,드라마,15세이상관람가,17287.655961925997,2016,3,해외,70.46263345195729
마를린,장편,기타,5,1400000,280,100000,20,액션,청소년관람불가,12048.192771084337,2021,10,해외,7.142857142857142
엠알 나인,장편,미국,20,1662000,280,100000,20,범죄,15세이상관람가,14302.925989672978,2025,1,해외,7.142857142857142
창백한 얼굴들,장편,한국,1,2113500,280,1973500,257,애니메이션,청소년관람불가,18188.468158347678,2015,9,국내,91.78571428571428
사선의 끝,장편,한국,4,1435300,279,260800,47,드라마,15세이상관람가,12396.251673360108,2019,10,국내,16.845878136200717
서바이벌 택틱스,장편,한국,12,2200500,279,1377500,169,드라마,12세이상관람가,19005.05246793626,2024,2,국내,60.57347670250897
브룩클린 브라더스,장편,미국,3,2255000,278,2094000,255,코미디,15세이상관람가,19545.80913582387,2014,1,해외,91.72661870503596
양지뜸,장편,한국,8,2237800,278,783000,80,다큐멘터리,12세이상관람가,19396.72358498743,2024,8,국내,28.776978417266186
엠파이어,장편,프랑스,11,2322900,277,1074100,132,SF,청소년관람불가,20207.037536427302,2025,8,해외,47.65342960288809
영동선,장편,한국,5,2341500,277,1928500,218,드라마,15세이상관람가,20368.839980862078,2025,4,국내,78.70036101083032
도쿄 랑데뷰,장편,일본,1,1840903,276,1413000,198,드라마,전체관람가,16072.140736860485,2010,1,해외,71.73913043478261
위도,장편,한국,5,1497000,276,498000,69,미스터리,청소년관람불가,13069.669984284967,2011,10,국내,25.0
나이트 플라워,장편,일본,16,2677600,274,1878000,189,드라마,15세이상관람가,23547.62114150031,2026,1,해외,68.97810218978103
어웨이크닝,장편,영국,1,1768000,274,1768000,274,공포(호러),15세이상관람가,15548.324685603728,2013,12,해외,100.0
다시..올래,장편,한국,4,1448500,273,280000,28,드라마,12세이상관람가,12785.206761110378,2018,4,국내,10.256410256410255
아리아 : 디 아베니레,장편,일본,5,2337000,273,1703500,200,애니메이션,전체관람가,20627.56520587846,2021,9,해외,73.26007326007326
뉴클리어 나우,장편,미국,17,2838039,271,1838200,166,다큐멘터리,전체관람가,25234.864179967102,2023,12,해외,61.254612546125465
카라스: 레블레이션,장편,일본,3,1380000,270,380000,70,애니메이션,청소년관람불가,12315.930388219545,2013,11,해외,25.925925925925924
페이블,장편,일본,5,1969000,270,1849000,246,코미디,15세이상관람가,17572.512271307452,2021,7,해외,91.11111111111111
내가 못 나가는 것도 아닌데,장편,한국,5,2000000,269,1185000,115,드라마,12세이상관람가,17915.52828414028,2022,8,국내,42.75092936802974
라이프 필스 굿,장편,폴란드,5,1613400,269,76400,12,드라마,15세이상관람가,14452.456666815964,2018,6,해외,4.4609665427509295
죄인,장편,한국,2,1883000,269,1883000,269,액션,15세이상관람가,16867.469879518074,2016,11,국내,100.0
극장판 카케구루이,장편,일본,5,1885694,267,1231897,172,드라마,15세이상관람가,17018.13095076937,2023,1,해외,64.41947565543072
"티에나: 10,000년 후",장편,중국,13,1860000,267,1404000,181,애니메이션,15세이상관람가,16786.246108027615,2016,10,해외,67.79026217228464
마이 스위트 크레이지 시스터,장편,미국,20,1578000,266,100000,20,코미디,15세이상관람가,14294.773077271491,2025,3,해외,7.518796992481203
블랙 워런트,장편,미국,20,1578000,266,100000,20,범죄,15세이상관람가,14294.773077271491,2025,4,해외,7.518796992481203
아카디안,장편,미국,27,2403500,266,1001900,115,SF,15세이상관람가,21772.80550774527,2025,2,해외,43.233082706766915
인피니티 포스 스페셜 에디션 1,장편,일본,20,1494000,266,662000,124,애니메이션,전체관람가,13533.834586466166,2017,12,해외,46.616541353383454
룩킹포,장편,한국,7,2250500,265,1236000,129,드라마,12세이상관람가,20463.741759490793,2024,11,국내,48.679245283018865
물귀신,장편,한국,5,2577000,265,2470000,247,공포(호러),12세이상관람가,23432.5983177995,2023,11,국내,93.20754716981132
에이전트 레컨,장편,미국,20,1520000,265,100000,20,SF,15세이상관람가,13821.323027960902,2025,1,해외,7.547169811320755
핑크 토끼,장편,한국,3,1575805,265,472000,70,드라마,15세이상관람가,14328.756535576267,2009,8,국내,26.41509433962264
하이브 시네마 노래방,장편,한국,23,3975000,265,1470000,98,기타,전체관람가,36144.57831325301,2025,7,국내,36.9811320754717
데쓰 캘린더,장편,프랑스,17,2492500,264,1031000,107,공포(호러),15세이상관람가,22750.09127418766,2022,6,해외,40.53030303030303
엄마의 유산,장편,카자흐스탄,2,1496000,264,192000,25,가족,12세이상관람가,13654.618473895584,2015,2,해외,9.469696969696969
수목장,장편,한국,2,1406000,263,1326000,253,공포(호러),청소년관람불가,12881.946035090934,2012,11,국내,96.1977186311787
쉬즈 더 원,장편,중국,4,1345119,263,248000,62,드라마,12세이상관람가,12324.14677722296,2010,7,해외,23.574144486692013
픽쳐 미 : 모델 다이어리,장편,미국,2,2124000,263,2024000,245,다큐멘터리,15세이상관람가,19460.350909340785,2012,4,해외,93.15589353612167
화산고래,장편,한국,1,2273000,263,2101000,238,애니메이션,청소년관람불가,20825.507352604334,2015,9,국내,90.49429657794677
녹차의 중력,장편,한국,4,1893000,262,1047000,122,다큐멘터리,전체관람가,17410.098408902788,2019,11,국내,46.56488549618321
리우 2096,장편,브라질,2,2095000,261,2016000,249,애니메이션,청소년관람불가,19341.734755112404,2016,8,해외,95.40229885057471
쇼크 웨이브,장편,중국,4,2081000,261,676000,73,액션,15세이상관람가,19212.482112357477,2017,11,해외,27.969348659003828
아마도 내일은,장편,오스트리아,6,1699500,261,795500,111,드라마,12세이상관람가,15690.347597285694,2017,6,해외,42.5287356321839
애플시드:엑스머시나,장편,일본,1,1204000,261,1204000,261,SF,12세이상관람가,11115.727276923788,2008,6,해외,100.0
가투의 연날리기,장편,인도,4,1886000,260,1388000,177,드라마,전체관람가,17479.147358665432,2013,9,해외,68.07692307692308
길,장편,한국,3,1498961,260,1177500,205,다큐멘터리,12세이상관람가,13892.131603336424,2009,5,국내,78.84615384615384
요노스케 이야기,장편,일본,1,2115000,260,1902000,227,드라마,12세이상관람가,19601.482854494905,2016,7,해외,87.3076923076923
기억할 만한 지나침,장편,한국,2,1627500,259,591000,67,드라마,15세이상관람가,15141.647671768156,2019,12,국내,25.868725868725868
테이크 오프: 파도위에 서다,장편,한국,4,2604000,259,2362000,237,드라마,12세이상관람가,24226.636274829045,2022,8,국내,91.5057915057915
포프란: 사라진 X를 찾아서,장편,일본,17,2438400,259,1685900,168,코미디,15세이상관람가,22685.956179932084,2022,10,해외,64.86486486486487
교전,장편,미국,20,1549000,258,12000,1,전쟁,15세이상관람가,14467.171009619875,2023,8,해외,0.3875968992248062
권법형사 : 차이나타운,장편,한국,5,1405000,257,735000,123,액션,청소년관람불가,13173.315831419062,2015,7,국내,47.85992217898833
기우제,장편,한국,4,1990500,256,1633500,221,드라마,15세이상관람가,18735.881024096387,2021,12,국내,86.328125
보이 킬스 월드,장편,미국,20,2442900,256,731500,69,액션,청소년관람불가,22994.164156626506,2025,10,해외,26.953125
파리의 자살가게,장편,프랑스,2,1934000,256,588000,66,애니메이션,15세이상관람가,18204.066265060243,2013,6,해외,25.78125
흉터,장편,한국,3,1725000,256,1725000,256,드라마,15세이상관람가,16236.822289156627,2011,10,국내,100.0
너에게만 들려주고 싶어,장편,한국,1,2040000,255,2040000,255,멜로/로맨스,12세이상관람가,19277.108433734942,2017,5,국내,100.0
과거는 낯선 나라다,장편,한국,1,1599500,254,1446500,226,다큐멘터리,12세이상관람가,15174.082155393227,2008,3,국내,88.9763779527559
네이키드 걸,장편,미국,5,1322000,254,1074000,210,액션,청소년관람불가,12541.504601081491,2015,1,해외,82.67716535433071
익스트림 터미네이터,장편,미국,5,1322000,254,1074000,210,액션,12세이상관람가,12541.504601081491,2015,1,해외,82.67716535433071
일어서는 인간,장편,한국,4,1583600,254,1347000,216,드라마,12세이상관람가,15023.242576605637,2016,3,국내,85.03937007874016
고스트,장편,스페인,3,1853500,253,1655500,227,어드벤처,15세이상관람가,17653.221581980095,2013,8,해외,89.72332015810277
어멍,장편,한국,4,1861500,253,7700,1,드라마,15세이상관람가,17729.41568646126,2019,11,국내,0.3952569169960474
당신은 아름답다,장편,한국,2,1777406,252,902000,118,다큐멘터리,전체관람가,16995.65882577931,2010,8,국내,46.82539682539682
허수아비들의 땅,장편,한국,2,1574288,252,1045000,162,드라마,15세이상관람가,15053.432778733984,2009,4,국내,64.28571428571429
데드라인,장편,미국,1,1815504,251,1787000,247,공포(호러),15세이상관람가,17429.117265876255,2010,4,해외,98.40637450199203
점보,장편,프랑스,12,2334600,251,1541100,168,드라마,15세이상관람가,22412.518600297608,2021,5,해외,66.93227091633466
리포! 더 제네틱 오페라,장편,미국,5,1250000,250,1250000,250,공포(호러),청소년관람불가,12048.192771084337,2013,7,해외,100.0
출동! 시크릿 보틀 수호대,단편,한국,10,2339500,250,1183000,131,애니메이션,전체관람가,22549.39759036145,2021,3,국내,52.400000000000006
딥,장편,한국,9,1796500,248,1468100,181,멜로/로맨스,15세이상관람가,17455.305091333074,2018,9,국내,72.98387096774194
3개의 얼굴들,장편,프랑스,5,1971900,248,1478400,180,드라마,15세이상관람가,19159.541391371942,2021,3,해외,72.58064516129032
리튼,장편,한국,1,1519549,247,1293000,206,드라마,15세이상관람가,14824.145163650554,2008,12,국내,83.40080971659918
북극의 후예 이누크,장편,기타,4,1723000,247,804000,110,어드벤처,12세이상관람가,16808.936149456124,2013,8,해외,44.534412955465584
포이즌 로즈,장편,미국,14,2078650,247,1172650,141,스릴러,15세이상관람가,20278.522998878107,2021,7,해외,57.08502024291497
엘리노의 비밀,장편,프랑스,2,1617000,245,803000,106,애니메이션,전체관람가,15903.614457831327,2012,1,해외,43.26530612244898
파리 에듀케이션,장편,프랑스,1,2128500,245,1642500,177,드라마,15세이상관람가,20934.349643471847,2019,7,해외,72.24489795918367
신선조-혈풍,장편,일본,6,1015000,244,555000,139,액션,청소년관람불가,10023.701362828364,2014,11,해외,56.9672131147541
구름이하는말,장편,한국,6,1762500,243,1136500,165,드라마,15세이상관람가,17477.316674103822,2025,11,국내,67.90123456790124
"시, 나리오",장편,한국,18,1928000,243,939500,104,드라마,15세이상관람가,19118.449105062224,2020,7,국내,42.79835390946502
깡치,장편,한국,6,1572000,241,1214000,171,액션,청소년관람불가,15717.642353646954,2016,9,국내,70.95435684647303
데스 숏컷,장편,기타,10,1526720,241,138100,17,판타지,15세이상관람가,15264.910263460482,2021,2,해외,7.053941908713693
잭애스 3D,장편,미국,6,3019000,241,1746000,139,코미디,청소년관람불가,30185.472179173124,2011,4,해외,57.676348547717836
프랑스인 김명실,장편,한국,7,1583000,241,748000,105,다큐멘터리,전체관람가,15827.625856121584,2014,6,국내,43.56846473029046
모험의 세계 원더월드 대탐험,장편,한국,1,3080000,240,2800000,200,애니메이션,전체관람가,30923.694779116468,2026,1,국내,83.33333333333334
쥬라기 리턴즈,장편,영국,5,1200000,240,100000,20,액션,12세이상관람가,12048.192771084337,2022,5,해외,8.333333333333332
공각기동대 어라이즈 보더:3 고스트 티어즈,장편,일본,6,1930000,239,1609500,196,애니메이션,15세이상관람가,19458.587488027424,2014,7,해외,82.00836820083683
행성탈출: 반란의 서막,장편,호주,1,1904000,238,1904000,238,액션,15세이상관람가,19277.108433734942,2017,7,해외,100.0
극장판 카케구루이2: 절체절명의 러시안 룰렛,장편,일본,5,1537500,237,1109000,170,스릴러,15세이상관람가,15632.148848558794,2023,2,해외,71.72995780590718
극장판 후르츠 바스켓: 프렐류드,장편,일본,5,1729100,237,688000,86,애니메이션,12세이상관람가,17580.19419449952,2024,3,해외,36.28691983122363
라이브 하드,장편,한국,10,1945070,237,1527070,178,드라마,15세이상관람가,19776.015454221953,2021,2,국내,75.10548523206751
넥스트 제네레이션 패트레이버4,장편,일본,2,1643000,236,1643000,236,액션,12세이상관람가,16775.576883806414,2014,11,해외,100.0
서바이벌 패밀리,장편,일본,7,1141000,236,2000,1,코미디,전체관람가,11649.989789667145,2018,1,해외,0.423728813559322
나폴라,장편,독일,2,1252000,235,859000,109,드라마,15세이상관람가,12837.73391438093,2013,8,해외,46.38297872340426
로드 투 로마,장편,미국,5,1348000,234,467000,108,멜로/로맨스,15세이상관람가,13881.165688394605,2017,12,해외,46.15384615384615
스페셜 포스,장편,프랑스,3,1638000,233,508000,67,액션,15세이상관람가,16939.86245410828,2012,6,해외,28.75536480686695
나의 스캔들,장편,한국,1,1780000,232,1568000,196,멜로/로맨스,15세이상관람가,18487.744079767348,2008,3,국내,84.48275862068965
맨 온 더 트레인,장편,캐나다,1,1392000,232,1392000,232,드라마,15세이상관람가,14457.831325301206,2014,9,해외,100.0
익스트림 스키야키,장편,일본,1,1392000,232,1392000,232,코미디,12세이상관람가,14457.831325301206,2014,7,해외,100.0
블레이즈,장편,미국,5,2259500,231,1911000,199,멜로/로맨스,15세이상관람가,23569.603087675376,2022,9,해외,86.14718614718615
쏴!쏴!쏴!쏴!탕,장편,한국,3,1457000,231,154000,30,드라마,12세이상관람가,15198.456162311584,2022,5,국내,12.987012987012985
야경 : 죽음의 택시,장편,한국,1,1528500,231,1317000,168,공포(호러),15세이상관람가,15944.296667188233,2017,12,국내,72.72727272727273
71 : 벨파스트의 눈물,장편,영국,5,1771000,231,1186000,143,액션,15세이상관람가,18473.895582329318,2016,7,해외,61.904761904761905
스마트 체이스,장편,중국,10,1554700,230,921300,143,액션,15세이상관람가,16288.108957569408,2019,4,해외,62.17391304347826
휴게소,장편,한국,4,1133000,230,22000,11,공포(호러),청소년관람불가,11870.089051859613,2018,9,국내,4.782608695652174
인플루언서,장편,한국,7,2292900,229,1739000,164,다큐멘터리,전체관람가,24126.90061556269,2020,11,국내,71.61572052401746
정직한 사람들,장편,한국,9,2256500,229,1984500,198,드라마,12세이상관람가,23743.883832272324,2024,6,국내,86.46288209606988
"동학, 수운 최제우",장편,한국,1,1333000,228,390000,50,드라마,15세이상관람가,14087.930670048616,2012,6,국내,21.929824561403507
아웃브레이크 호텔,장편,캐나다,5,1140000,228,800000,160,스릴러,15세이상관람가,12048.192771084337,2022,2,해외,70.17543859649122
2035: 더 그린라이트,장편,한국,7,1834500,227,1111500,118,미스터리,15세이상관람가,19473.488668329708,2025,6,국내,51.98237885462555
기억의 소리,장편,한국,4,1425700,225,926000,143,드라마,15세이상관람가,15268.540829986614,2016,12,국내,63.55555555555556
사우스사이드 위드 유,장편,미국,2,1278000,224,550000,64,드라마,12세이상관람가,13747.848537005164,2018,9,해외,28.57142857142857
우쿨렐레 사랑모임,장편,한국,3,1546000,224,1062000,149,다큐멘터리,전체관람가,16630.80895008606,2012,7,국내,66.51785714285714
위대한 환상,장편,이탈리아,11,1759300,224,1060300,133,전쟁,12세이상관람가,18925.344234079173,2026,6,해외,59.375
넥스트 제네레이션 패트레이버 3,장편,일본,1,1752000,223,1752000,223,액션,15세이상관람가,18931.330703981846,2014,8,해외,100.0
금의위 3인의 무사,장편,중국,20,953000,222,903000,172,액션,15세이상관람가,10344.079018777815,2021,1,해외,77.47747747747748
도다리 - 리덕스,장편,한국,2,1213000,222,465000,60,드라마,15세이상관람가,13166.17822641919,2012,11,국내,27.027027027027028
마스터 클래스의 산책,옴니버스,한국,5,1316000,222,735000,103,드라마,15세이상관람가,14284.163681754044,2013,3,국내,46.3963963963964
애정 남녀,장편,홍콩,5,1110000,222,550000,110,멜로/로맨스,12세이상관람가,12048.192771084337,2016,5,해외,49.549549549549546
천공의 벌,장편,일본,5,1132000,222,1040000,208,스릴러,15세이상관람가,12286.985780961686,2016,11,해외,93.69369369369369
달의 차고 기움,장편,일본,4,1606600,221,925800,123,드라마,12세이상관람가,17517.30905522543,2024,11,해외,55.65610859728507
마지막부자 최준,장편,한국,1,2640000,220,2640000,220,드라마,12세이상관람가,28915.66265060241,2022,5,국내,100.0
별 볼일 없는 인생,장편,한국,7,2034000,220,1796500,195,멜로/로맨스,15세이상관람가,22278.20372398686,2023,1,국내,88.63636363636364
사랑은 빛,장편,일본,5,1534700,220,496000,62,멜로/로맨스,12세이상관람가,16809.419496166483,2024,4,해외,28.18181818181818
아빠가 돌아왔다,장편,한국,1,1450000,220,1436000,218,가족,15세이상관람가,15881.708652792991,2016,5,국내,99.0909090909091
카사네 : 빼앗는 얼굴,장편,일본,6,2076000,220,1154000,112,판타지,15세이상관람가,22738.225629791894,2022,5,해외,50.90909090909091
사쿠라,장편,일본,4,1514897,219,1074298,151,드라마,15세이상관람가,16668.28409528525,2023,4,해외,68.94977168949772
7월7일,장편,한국,18,1846560,219,1283580,145,드라마,12세이상관람가,20317.544149199537,2020,9,국내,66.21004566210046
극장판 블리치 : 페이드 투 블랙,장편,일본,1,1703000,218,1703000,218,애니메이션,12세이상관람가,18823.919531336356,2025,6,해외,100.0
본 투 드라이브,장편,노르웨이,4,1058000,218,334000,46,다큐멘터리,전체관람가,11694.484359456173,2019,12,해외,21.100917431192663
덩케르크 이스케이프,장편,영국,13,1572900,217,686400,87,전쟁,15세이상관람가,17465.993004275166,2020,8,해외,40.09216589861751
아메리카 타운,장편,한국,7,1289000,217,164000,19,드라마,15세이상관람가,14313.475098550885,2018,12,국내,8.755760368663594
가시,장편,한국,1,1696500,216,1524000,191,드라마,15세이상관람가,18925.70281124498,2012,3,국내,88.42592592592592
너와 나의 21세기,장편,한국,1,1343871,216,1144000,182,드라마,15세이상관람가,14991.867469879518,2009,12,국내,84.25925925925925
아이아이 가사: 다시 만난 그날,장편,일본,3,1495000,216,1378000,172,가족,12세이상관람가,16677.82240071397,2019,5,해외,79.62962962962963
플래닛 어스 : 대자연의 힘,장편,영국,9,2290200,216,841850,73,다큐멘터리,전체관람가,25548.862115127176,2026,4,해외,33.7962962962963
드레드,장편,영국,2,1819180,215,1792000,212,공포(호러),청소년관람불가,20388.68030260577,2009,12,해외,98.6046511627907
모스크바 미션,장편,중국,16,1715600,215,394100,46,액션,15세이상관람가,19227.794900532364,2024,11,해외,21.3953488372093
연련,장편,한국,5,1032000,214,82000,11,가족,12세이상관람가,11620.313027812184,2024,3,국내,5.14018691588785
이별의 목적,장편,한국,15,1690470,214,997500,124,멜로/로맨스,12세이상관람가,19034.680779191534,2020,9,국내,57.943925233644855
촌철살인,옴니버스,한국,2,1499400,214,1106400,142,드라마,15세이상관람가,16883.233870059677,2011,2,국내,66.35514018691589
교주전: 천공의 눈,장편,중국,1,1119000,212,1083000,200,판타지,15세이상관람가,12718.799727210731,2017,9,해외,94.33962264150944
배짱이들,장편,한국,6,1521600,210,792000,93,다큐멘터리,12세이상관람가,17459.552495697073,2016,5,국내,44.285714285714285
보라,장편,한국,5,1402000,210,1040000,151,다큐멘터리,전체관람가,16087.20596672404,2011,11,국내,71.9047619047619
리유니언,장편,기타,11,1953300,209,1397800,154,공포(호러),15세이상관람가,22520.320516515825,2021,12,해외,73.68421052631578
상해전기,장편,중국,1,1120000,209,325000,65,다큐멘터리,전체관람가,12912.895601544937,2014,11,해외,31.100478468899524
스위트홈 감독판,장편,한국,1,1718000,209,686000,66,스릴러,청소년관람불가,19807.459503084105,2025,5,국내,31.57894736842105
영화 xxx홀릭,장편,일본,4,1464600,209,831800,117,판타지,12세이상관람가,16885.916873234568,2024,8,해외,55.980861244019145
청와대 건너 붉은 벽돌집,장편,한국,4,2055800,209,1588000,162,다큐멘터리,12세이상관람가,23702.081051478643,2025,12,국내,77.51196172248804
동화,장편,한국,5,1112500,208,689000,69,드라마,15세이상관람가,12888.090824837813,2018,10,국내,33.17307692307692
파노스와 요르고스 그리고 당나귀,장편,독일,1,1188000,208,888000,148,드라마,12세이상관람가,13762.743280815572,2017,2,해외,71.15384615384616
하룻밤,장편,일본,4,1413098,208,993099,147,드라마,15세이상관람가,16370.458758109362,2023,4,해외,70.67307692307693
가족은 괴로워3: 아내여 장미처럼,장편,일본,4,1013400,207,113400,27,드라마,전체관람가,11796.75222629649,2021,8,해외,13.043478260869565
카무이 외전,장편,일본,3,1633500,207,1633500,207,액션,15세이상관람가,19015.191199580935,2011,3,해외,100.0
노가리,장편,한국,6,1738870,205,1431970,168,드라마,12세이상관람가,20439.25947693212,2021,3,국내,81.95121951219512
그 아이는 귀족,장편,일본,5,1344782,204,887856,135,드라마,12세이상관람가,15884.502716749352,2023,5,해외,66.17647058823529
탱크 투 베를린,장편,러시아,16,1498740,204,877800,98,액션,15세이상관람가,17703.047484053863,2020,12,해외,48.03921568627451
22분: 아덴만 구출작전,장편,러시아,5,1132000,204,532000,84,액션,청소년관람불가,13371.131585164187,2016,4,해외,41.17647058823529
노크,장편,한국,3,1492000,203,856000,107,공포(호러),청소년관람불가,17710.24986646092,2012,11,국내,52.70935960591133
행복을 전하는 편지,장편,러시아,9,1140570,203,774570,97,드라마,전체관람가,13538.726333907058,2022,4,해외,47.783251231527096
벨빌 캅,장편,프랑스,5,1600500,202,1042000,131,범죄,15세이상관람가,19092.210425861864,2020,6,해외,64.85148514851485
별일아니다,장편,한국,3,1555200,202,1391200,177,드라마,15세이상관람가,18551.83108672313,2014,2,국내,87.62376237623762
스톰 인사이드,장편,프랑스,4,1181000,201,74000,12,드라마,15세이상관람가,14158.125037463285,2017,5,해외,5.970149253731343
태어나서 미안해,장편,한국,1,1631500,201,1520000,186,코미디,15세이상관람가,19558.832344302584,2012,3,국내,92.53731343283582
데이 투 다이,장편,미국,5,1000000,200,700000,140,범죄,청소년관람불가,12048.192771084337,2022,7,해외,70.0
러쉬라이트,장편,미국,1,1000000,200,1000000,200,액션,청소년관람불가,12048.192771084337,2013,7,해외,100.0
밈지,장편,미국,1,1200000,200,1200000,200,SF,12세이상관람가,14457.831325301206,2008,4,해외,100.0
브랜디드,장편,미국,5,1000000,200,1000000,200,SF,15세이상관람가,12048.192771084337,2013,9,해외,100.0
사일런트 스크림,장편,미국,5,1000000,200,1000000,200,공포(호러),청소년관람불가,12048.192771084337,2014,1,해외,100.0
상하이 콜링,장편,미국,5,1000000,200,1000000,200,멜로/로맨스,12세이상관람가,12048.192771084337,2013,12,해외,100.0
수상한 가족,장편,미국,5,1000000,200,1000000,200,코미디,15세이상관람가,12048.192771084337,2013,8,해외,100.0
아름다운 이별은 없다,장편,한국,1,1000000,200,1000000,200,스릴러,청소년관람불가,12048.192771084337,2013,8,국내,100.0
오렌지,장편,미국,5,1000000,200,1000000,200,코미디,15세이상관람가,12048.192771084337,2013,11,해외,100.0
카오스,장편,프랑스,1,1000000,200,1000000,200,스릴러,청소년관람불가,12048.192771084337,2013,7,해외,100.0
컴다운,장편,영국,1,1000000,200,1000000,200,공포(호러),청소년관람불가,12048.192771084337,2013,7,해외,100.0
코스모볼,장편,러시아,3,1000000,200,200000,40,SF,12세이상관람가,12048.192771084337,2021,11,해외,20.0
클린스킨,장편,영국,5,1000000,200,1000000,200,범죄,청소년관람불가,12048.192771084337,2014,1,해외,100.0
펠로니,장편,호주,6,1342000,200,567000,81,스릴러,15세이상관람가,16168.674698795181,2016,7,해외,40.5
은밀한 교육의 비밀,장편,미국,22,942000,199,538000,113,스릴러,청소년관람불가,11406.42973905673,2017,12,해외,56.78391959798995
클로버,장편,일본,2,1568000,199,1568000,199,멜로/로맨스,12세이상관람가,18986.498758854515,2017,11,해외,100.0
숲의 비명 : 사라진 사람들,장편,한국,6,1688170,195,1117200,130,공포(호러),15세이상관람가,20860.92060549892,2021,8,국내,66.66666666666666
지워야 산다,장편,한국,19,1036000,195,732000,138,범죄,청소년관람불가,12801.977139326536,2017,11,국내,70.76923076923077
소림사 무림탐정 : 황제의 옥패,장편,중국,6,965000,193,345000,69,액션,15세이상관람가,12048.192771084337,2016,4,해외,35.751295336787564
양성인간,장편,대만,12,1776800,193,1079500,101,드라마,15세이상관람가,22183.656907422435,2022,12,해외,52.331606217616574
근거리 연애,장편,일본,1,844000,192,644000,92,멜로/로맨스,15세이상관람가,10592.369477911647,2017,9,해외,47.91666666666667
납치: 사라진 메구미,장편,일본,1,1920000,192,930000,93,드라마,15세이상관람가,24096.385542168675,2023,9,해외,48.4375
제불찰씨 이야기,장편,한국,1,1170353,192,1794500,192,애니메이션,15세이상관람가,14688.165160642571,2009,3,국내,100.0
뚜르드 프랑스: 기적의 레이스,장편,프랑스,1,1528000,191,1528000,191,드라마,12세이상관람가,19277.108433734942,2014,7,해외,100.0
섬·망(望),장편,한국,1,1510500,191,642000,69,드라마,15세이상관람가,19056.33003217057,2024,12,국내,36.12565445026178
수춘도 2: 수라전장,장편,중국,1,845000,191,759000,155,액션,15세이상관람가,10660.442818393994,2017,11,해외,81.15183246073299
아수라,장편,일본,1,955000,191,955000,191,애니메이션,청소년관람불가,12048.192771084337,2013,5,해외,100.0
천국에서 무덤까지,장편,영국,12,1890800,191,1391100,131,범죄,15세이상관람가,23854.160095880907,2022,4,해외,68.58638743455498
북 오브 블러드,장편,영국,1,1570464,190,1547000,187,공포(호러),청소년관람불가,19917.108433734942,2009,12,해외,98.42105263157895
사랑하는 기생충,장편,일본,7,1294673,190,208000,26,드라마,12세이상관람가,16419.441978440078,2024,1,해외,13.684210526315791
펑정지에는 펑정지에다,장편,한국,5,1328000,190,755000,91,드라마,12세이상관람가,16842.105263157897,2016,5,국내,47.89473684210526
로봇 오버로드,장편,영국,20,988000,189,524000,106,SF,12세이상관람가,12596.417415694525,2017,1,해외,56.08465608465608
스매시 앤 그랩: 보석강도단 핑크 팬더,장편,영국,9,1474000,189,1078000,129,다큐멘터리,12세이상관람가,18792.63084082361,2021,3,해외,68.25396825396825
스티브 맥퀸: 더 맨 앤 르망,장편,미국,15,1819400,189,1342400,135,다큐멘터리,12세이상관람가,23196.277172180788,2021,10,해외,71.42857142857143
안티갱 스쿼드,장편,프랑스,5,1070000,189,514000,110,범죄,15세이상관람가,13641.86906355581,2017,12,해외,58.201058201058196
51구역,장편,미국,0,1486500,189,1486500,189,공포(호러),청소년관람불가,18951.99847007076,2011,12,해외,100.0
사랑을 말하다,장편,한국,2,940000,188,548000,90,드라마,15세이상관람가,12048.192771084337,2012,9,국내,47.87234042553192
양귀비 : 왕조의 여인,장편,중국,4,960000,186,380000,70,멜로/로맨스,15세이상관람가,12436.844150796735,2016,3,해외,37.634408602150536
실종: 사라진아내,장편,한국,20,974000,185,582000,115,스릴러,청소년관람불가,12686.421361120158,2016,11,국내,62.16216216216216
천개의 별 이야기 더 시리즈,장편,기타,18,2774500,185,1664500,111,드라마,12세이상관람가,36138.065776619995,2023,4,해외,60.0
로미오와 줄리엣 결혼하다,장편,브라질,1,1080500,184,1080500,184,멜로/로맨스,12세이상관람가,14150.078575170246,2008,4,해외,100.0
굿바이 크루얼 월드,장편,일본,8,1182200,183,446500,65,액션,청소년관람불가,15566.528408716835,2024,7,해외,35.51912568306011
8일 만에 죽은 괴수의 12일 이야기,장편,일본,5,1211778,183,718639,108,드라마,전체관람가,15955.994469682008,2024,5,해외,59.01639344262295
곡녀,장편,한국,7,1616200,181,1214500,123,드라마,12세이상관람가,21516.341609532054,2022,3,국내,67.95580110497238
십이야: 깊고 붉은 열두 개의 밤 Chapter1,장편,한국,3,1267000,181,1209000,173,공포(호러),15세이상관람가,16867.469879518074,2015,7,국내,95.58011049723757
댐999: 거대한 물폭탄,장편,인도,5,1620000,180,1400000,140,어드벤처,12세이상관람가,21686.746987951807,2016,2,해외,77.77777777777779
맨 인 러브,장편,홍콩,5,900000,180,100000,20,멜로/로맨스,15세이상관람가,12048.192771084337,2021,11,해외,11.11111111111111
암스테르담 바이스,장편,네덜란드,5,900000,180,100000,20,액션,15세이상관람가,12048.192771084337,2022,9,해외,11.11111111111111
하우스 오브 디,장편,미국,1,1163000,180,1163000,180,드라마,12세관람가,15568.942436412317,2008,12,해외,100.0
만물생장-끝없는 관계,장편,중국,5,895000,179,310000,62,멜로/로맨스,15세이상관람가,12048.192771084337,2016,4,해외,34.63687150837989
봉태리,장편,한국,21,1862500,179,371000,31,멜로/로맨스,12세이상관람가,25072.35646496601,2023,10,국내,17.318435754189945
아빠는 나의 여신,장편,일본,2,1309000,179,1222000,165,드라마,15세이상관람가,17621.323281954636,2017,3,해외,92.17877094972067
분신사바 3,장편,중국,5,890000,178,310000,62,공포(호러),15세이상관람가,12048.192771084337,2016,3,해외,34.831460674157306
소림사: 무림적팔방,장편,중국,5,890000,178,310000,62,액션,15세이상관람가,12048.192771084337,2016,3,해외,34.831460674157306
스파이형 모델,장편,한국,4,1130000,178,708000,116,SF,15세이상관람가,15297.143630702585,2022,7,국내,65.1685393258427
속사정,장편,한국,20,901000,177,625000,125,스릴러,청소년관람불가,12266.013205363828,2017,5,국내,70.62146892655367
환상극장,옴니버스,한국,3,1089000,176,609000,78,공포(호러),15세이상관람가,14909.638554216868,2011,3,국내,44.31818181818182
분홍돌고래,장편,한국,1,1152088,175,1134000,172,드라마,12세이상관람가,15863.518072289156,2010,7,국내,98.28571428571429
피치 오브 타임 극장판,장편,한국,5,1521970,175,1435970,163,멜로/로맨스,12세이상관람가,20956.557659208265,2021,10,국내,93.14285714285714
신들의 분노,장편,폴란드,6,912000,174,400000,80,액션,15세이상관람가,12629.829663481514,2022,1,해외,45.97701149425287
마지막 파티,장편,호주,1,1211000,173,1211000,173,코미디,15세이상관람가,16867.469879518074,2014,4,해외,100.0
수호지 천하호걸-고대수,장편,중국,1,1038000,173,1038000,173,액션,15세이상관람가,14457.831325301206,2013,1,해외,100.0
그녀에게,장편,한국,2,1123642,172,840000,119,드라마,15세이상관람가,15741.692350798543,2010,5,국내,69.18604651162791
사랑이 필요할 때,장편,미국,5,1146000,171,861000,123,드라마,15세이상관람가,16148.805749313042,2014,3,해외,71.9298245614035
숏텀 12,장편,미국,5,1170000,171,389000,53,드라마,15세이상관람가,16487.00063411541,2015,7,해외,30.994152046783626
프로젝트-M,장편,캐나다,5,1569000,171,1409000,141,SF,12세이상관람가,22109.490593954768,2016,3,해외,82.45614035087719
호리아,장편,프랑스,6,1491300,171,1164200,119,드라마,12세이상관람가,21014.584654407103,2024,12,해외,69.5906432748538
내가 좀비?,장편,한국,1,1882000,170,373000,51,기타,12세이상관람가,26676.11622962438,2024,9,국내,30.0
모두가 그녀를 사랑해,장편,프랑스,7,1541900,170,856900,88,드라마,15세이상관람가,21855.421686746988,2026,2,해외,51.76470588235295
포크레인,장편,한국,6,1081000,170,643000,93,드라마,15세이상관람가,15322.466335931964,2017,7,국내,54.70588235294118
관전TV,장편,한국,20,933000,169,664000,125,스릴러,청소년관람불가,13302.915805232768,2019,11,국내,73.96449704142012
윌로우 트리,장편,이란,1,1109926,169,1092500,166,드라마,전체관람가,15825.564981820775,2010,4,해외,98.22485207100591
정크 헤드,장편,일본,5,1216000,169,716000,92,애니메이션,15세이상관람가,17337.991017323733,2024,9,해외,54.437869822485204
몽골,장편,카자흐스탄,3,1072500,168,970000,145,드라마,15세이상관람가,15382.960413080897,2011,2,해외,86.30952380952381
스톱,장편,한국,2,1485500,168,1485500,168,드라마,15세이상관람가,21306.655192197362,2016,12,국내,100.0
사운드 오브 호프 : 포썸 트롯의 기적,장편,미국,16,1433000,167,416000,46,드라마,12세이상관람가,20676.71885145372,2026,2,해외,27.54491017964072
월하,장편,한국,1,1211500,167,1177000,156,공포(호러),15세이상관람가,17480.701248106197,2017,12,국내,93.41317365269461
레디액션! 폭력영화,옴니버스,한국,6,1143000,166,878000,119,액션,청소년관람불가,16591.667876324576,2014,6,국내,71.6867469879518
스물 아홉살,장편,한국,1,1356000,166,1356000,166,드라마,12세이상관람가,19683.553491072726,2011,3,국내,100.0
룸 203,장편,일본,21,1653550,164,412700,43,공포(호러),15세이상관람가,24295.47458125184,2023,6,해외,26.21951219512195
오 마이 갓,장편,한국,4,921000,164,537000,108,기타,12세이상관람가,13532.177490449605,2025,4,국내,65.85365853658537
"혜원아, 사랑해",장편,한국,4,962000,164,110000,22,미스터리,청소년관람불가,14134.587129003821,2012,3,국내,13.414634146341465
논스톱: 다마스커스 타겟,장편,이란,5,850000,163,600000,120,액션,15세이상관람가,12565.599822603299,2018,8,해외,73.61963190184049
더 시크릿 하우스,장편,스페인,3,822600,163,617600,122,드라마,15세이상관람가,12160.544016557027,2018,8,해외,74.84662576687117
돌아오는 길,장편,한국,7,935000,163,395000,65,드라마,15세이상관람가,13822.159804863628,2011,4,국내,39.87730061349693
배틀필드: 카르발라 전투,장편,폴란드,5,844000,163,600000,120,전쟁,15세이상관람가,12476.901470914332,2018,6,해외,73.61963190184049
사다코,장편,일본,5,777900,162,77900,22,공포(호러),15세이상관람가,11570.727353859886,2021,9,해외,13.580246913580247
소림사 - 죽음의 객잔,장편,중국,3,810000,162,270000,54,액션,15세이상관람가,12048.192771084337,2016,3,해외,33.33333333333333
터칭 더 보이드,장편,영국,8,1130640,162,881660,126,다큐멘터리,12세이상관람가,16817.492190986166,2020,9,해외,77.77777777777779
필로포비아,장편,영국,10,1288900,162,1181900,117,코미디,청소년관람불가,19171.500818087163,2021,12,해외,72.22222222222221
블랙 나이트 퍼레이드,장편,일본,5,1207700,161,759100,99,판타지,12세이상관람가,18075.28249644541,2024,12,해외,61.49068322981367
비트 더 드럼,장편,미국,1,1020000,161,1020000,161,드라마,12세이상관람가,15266.033076405,2008,1,해외,100.0
"아르헨티나여, 나를 위해 울어주나요?",장편,한국,1,1005500,161,1005500,161,다큐멘터리,15세이상관람가,15049.015939534536,2008,10,국내,100.0
그리움의 종착역,장편,한국,1,1080000,160,857000,121,다큐멘터리,전체관람가,16265.060240963856,2012,5,국내,75.625
도시락,장편,한국,2,883705,160,717000,109,액션,청소년관람불가,13308.810240963856,2009,8,국내,68.125
베이비 메이커스,장편,미국,3,1292000,160,400000,54,어드벤처,청소년관람불가,19457.831325301206,2013,1,해외,33.75
스코치드 어스: 분노의 추격자,장편,캐나다,5,800000,160,100000,20,액션,15세이상관람가,12048.192771084337,2021,9,해외,12.5
야쿠자 프린세스,장편,브라질,5,800000,160,400000,80,액션,청소년관람불가,12048.192771084337,2022,12,해외,50.0
트루 마더스,장편,일본,5,1126600,160,804600,114,드라마,12세이상관람가,16966.86746987952,2023,1,해외,71.25
가슴 배구단,장편,일본,1,1208200,159,1208200,159,코미디,12세이상관람가,18310.222020156096,2012,1,해외,100.0
바이올린 플레이어,장편,기타,14,1331810,159,685040,76,멜로/로맨스,15세이상관람가,20183.526559066457,2021,4,해외,47.79874213836478
참을 수 없는 사랑,장편,미국,5,804000,159,638000,126,드라마,15세이상관람가,12184.58740622869,2015,1,해외,79.24528301886792
로망은 없다,장편,한국,1,942465,158,806000,136,애니메이션,12세이상관람가,14373.417721518988,2009,12,국내,86.07594936708861
부귀영화,장편,한국,1,1149500,158,928000,123,공포(호러),15세이상관람가,17530.883025773983,2012,10,국내,77.84810126582279
극장판 이치케이의 까마귀,장편,일본,4,1106000,157,571000,78,드라마,12세이상관람가,16974.905993400353,2024,9,해외,49.681528662420384
슈퍼스타,장편,프랑스,5,758000,157,199000,27,드라마,15세이상관람가,11633.796331824113,2013,8,해외,17.197452229299362
C+ 탐정,장편,홍콩,3,1156783,157,625500,81,드라마,15세이상관람가,17754.324303583762,2009,12,해외,51.59235668789809
할복: 사무라이의 죽음,장편,일본,3,1131000,156,773000,104,사극,청소년관람불가,17469.87951807229,2012,7,해외,66.66666666666666
꿍따리 유랑단,장편,한국,2,838000,155,623000,104,다큐멘터리,전체관람가,13027.59424795958,2011,12,국내,67.0967741935484
마운틴맨,장편,인도,6,1090200,155,372000,46,드라마,12세이상관람가,16948.30936649825,2017,5,해외,29.677419354838708
킬링 타임,장편,한국,1,1208000,155,1208000,155,공포(호러),청소년관람불가,18779.63466770307,2012,3,국내,100.0
미션스쿨,장편,한국,4,951000,152,618000,87,드라마,12세이상관람가,15076.093849080533,2015,10,국내,57.23684210526315
메멘토모리,장편,한국,7,1237800,151,681800,74,스릴러,15세이상관람가,19752.652996090324,2018,6,국내,49.00662251655629
고스트 패밀리: 구출 대작전,장편,영국,2,900000,150,900000,150,판타지,12세이상관람가,14457.831325301206,2014,3,해외,100.0
고혹자-가두지왕,장편,중국,3,750000,150,750000,150,액션,15세이상관람가,12048.192771084337,2013,7,해외,100.0
리댁티드,장편,미국,2,900000,150,900000,150,전쟁,청소년관람불가,14457.831325301206,2014,4,해외,100.0
미라클맨,장편,미국,2,900000,150,900000,150,코미디,15세이상관람가,14457.831325301206,2014,4,해외,100.0
슈가박스,장편,미국,1,750000,150,750000,150,범죄,청소년관람불가,12048.192771084337,2013,3,해외,100.0
슈퍼히어로의 진실,장편,미국,2,900000,150,900000,150,다큐멘터리,15세이상관람가,14457.831325301206,2014,4,해외,100.0
어그레션 스케일,장편,미국,1,750000,150,750000,150,액션,청소년관람불가,12048.192771084337,2013,6,해외,100.0
작전명씨울프,장편,미국,4,1130000,150,654000,82,드라마,15세이상관람가,18152.61044176707,2023,9,해외,54.666666666666664
페이퍼맨,장편,미국,2,900000,150,900000,150,코미디,15세이상관람가,14457.831325301206,2014,5,해외,100.0
필부,장편,중국,1,750000,150,750000,150,액션,15세이상관람가,12048.192771084337,2013,4,해외,100.0
V/H/S:죽음을 부르는 비디오,장편,미국,1,750000,150,750000,150,공포(호러),청소년관람불가,12048.192771084337,2013,5,해외,100.0
가벼운 잠,장편,한국,3,845000,149,461000,70,드라마,15세이상관람가,13665.399854451362,2008,10,국내,46.97986577181208
이월화개,장편,중국,6,914000,149,757000,89,액션,15세이상관람가,14781.272741974612,2017,5,해외,59.73154362416108
태평륜,장편,중국,1,730000,146,730000,146,드라마,15세이상관람가,12048.192771084337,2016,8,해외,100.0
"리벤지, 미친 사랑 이야기",장편,홍콩,3,1196000,145,872000,105,공포(호러),청소년관람불가,19875.36352305775,2011,10,해외,72.41379310344827
여수 밤바다,장편,한국,9,1000300,145,410000,50,코미디,15세이상관람가,16623.182384711257,2019,10,국내,34.48275862068966
극장판 오드 택시 인 더 우즈,장편,일본,6,965039,143,268000,34,애니메이션,15세이상관람가,16261.504760299942,2024,2,해외,23.776223776223777
체인지 어드레스,장편,프랑스,1,921000,143,921000,143,코미디,15세이상관람가,15519.420338697448,2011,10,해외,100.0
촉루성의 7인-레드버전,장편,일본,1,1386000,142,1386000,142,액션,12세이상관람가,23519.429832004073,2008,11,해외,100.0
아이돌레시피,장편,한국,11,1037000,141,672500,68,코미디,15세이상관람가,17721.951636332564,2022,3,국내,48.226950354609926
배틀 크랙,장편,미국,5,700000,140,200000,40,SF,15세이상관람가,12048.192771084337,2021,7,해외,28.57142857142857
어웨이크,장편,일본,4,965898,140,703600,99,드라마,12세이상관람가,16624.7504302926,2022,12,해외,70.71428571428572
좀비캠프,장편,미국,5,700000,140,300000,60,스릴러,청소년관람불가,12048.192771084337,2020,9,해외,42.857142857142854
퀵샌드,장편,미국,23,1256750,140,22500,3,스릴러,12세이상관람가,21630.80895008606,2023,11,해외,2.142857142857143
착한아내,장편,한국,21,758000,139,324000,65,스릴러,청소년관람불가,13140.331108607092,2016,10,국내,46.76258992805755
환생령,장편,말레이시아,5,645000,139,16000,8,공포(호러),12세이상관람가,11181.416312732947,2018,9,해외,5.755395683453238
은실이,장편,한국,1,1089000,138,949500,118,애니메이션,청소년관람불가,19015.191199580935,2012,3,국내,85.5072463768116
닥터 코토 진료소,장편,일본,5,913500,137,490000,66,드라마,12세이상관람가,16067.188461876704,2024,10,해외,48.175182481751825
둠벙,장편,한국,5,1069000,137,496000,50,미스터리,15세이상관람가,18802.216163925776,2024,8,국내,36.496350364963504
라이어×라이어,장편,일본,5,908200,137,650200,95,멜로/로맨스,12세이상관람가,15973.968868173424,2022,10,해외,69.34306569343066
마이 스몰 랜드,장편,일본,6,895578,137,152000,19,드라마,12세이상관람가,15751.965526338934,2024,2,해외,13.86861313868613
썬 오브 람세스,장편,프랑스,6,1105600,137,825600,90,스릴러,15세이상관람가,19445.959018555975,2024,2,해외,65.69343065693431
풍운대전,장편,중국,5,717000,137,520000,104,액션,15세이상관람가,12611.028053821125,2017,11,해외,75.91240875912408
그날은 오리라,장편,중국,3,746200,136,5000,1,드라마,15세이상관람가,13221.11977321049,2019,12,해외,0.7352941176470588
"실론, 세렌디피티",장편,한국,1,900400,136,900400,136,드라마,15세이상관람가,15953.22466335932,2015,12,국내,100.0
좀비파이터,장편,한국,5,1137000,136,801000,88,공포(호러),15세이상관람가,20145.287030474843,2020,4,국내,64.70588235294117
꿈꾸는 나비,장편,한국,21,752000,135,321000,64,미스터리,청소년관람불가,13422.579205711736,2016,8,국내,47.40740740740741
사랑의 추구와 발견,장편,독일,1,975500,135,975500,135,드라마,15세이상관람가,17411.869701026328,2008,4,해외,100.0
우리들의 일기,장편,한국,6,570000,135,299000,43,액션,청소년관람불가,10174.029451137887,2017,6,국내,31.851851851851855
인 더 블러드,장편,미국,1,945000,135,945000,135,액션,청소년관람불가,16867.469879518074,2014,10,해외,100.0
제이오원 더 무비 <미완성> - 고 투 더 탑-,장편,일본,2,2680000,134,2680000,134,다큐멘터리,전체관람가,48192.77108433735,2022,12,해외,100.0
탐정 당인: 차이나타운 살인사건,장편,중국,1,613000,133,613000,133,액션,15세이상관람가,11106.078449134886,2018,3,해외,100.0
톤비,장편,일본,4,909000,132,382000,51,드라마,12세이상관람가,16593.64731653888,2024,10,해외,38.63636363636363
테이큰 하드체이싱,장편,미국,9,1102700,131,399500,46,액션,15세이상관람가,20283.270486526257,2021,4,해외,35.11450381679389
혼 : 공포의 시작,장편,한국,9,945000,131,251000,32,공포(호러),12세이상관람가,17382.50712774763,2020,2,국내,24.427480916030532
바이킹: 왕좌의 게임,장편,러시아,5,661000,130,540000,108,액션,15세이상관람가,12252.085264133459,2018,6,해외,83.07692307692308
베이비 어쌔신: 나이스 데이즈,장편,일본,4,1124500,130,955500,106,액션,15세이상관람가,20843.373493975905,2025,2,해외,81.53846153846153
아파치 정션 : 무법자의 지대,장편,미국,14,902900,130,483900,63,서부극(웨스턴),15세이상관람가,16735.86654309546,2022,4,해외,48.46153846153846
에이리,장편,일본,4,1281710,130,1051740,107,미스터리,15세이상관람가,23757.367933271547,2021,7,해외,82.3076923076923
설화,장편,한국,4,743000,129,300000,60,스릴러,15세이상관람가,13878.770897543664,2020,4,국내,46.51162790697674
이지머니 3,장편,스웨덴,5,646000,129,300000,60,범죄,청소년관람불가,12066.872139721678,2016,7,해외,46.51162790697674
페이퍼 스파이더스,장편,미국,7,1020326,128,510326,59,드라마,15세이상관람가,19207.944277108436,2023,5,해외,46.09375
"피에르 보나르, 마르타 보나르",장편,프랑스,5,981000,127,393000,48,멜로/로맨스,15세이상관람가,18613.034816431078,2025,11,해외,37.79527559055118
섹시한 미녀는 괴로워,장편,미국,1,1035254,126,1019000,124,멜로/로맨스,15세이상관람가,19798.31707783515,2010,6,해외,98.4126984126984
진격의 거인 파트1,장편,일본,1,1134000,126,1134000,126,SF,15세이상관람가,21686.746987951807,2016,5,해외,100.0
챌린지 게임,장편,한국,21,657000,126,321000,64,스릴러,청소년관람불가,12564.543889845096,2016,8,국내,50.79365079365079
테이크 더 리드,장편,미국,1,695000,126,447000,64,드라마,12세이상관람가,13291.260279212087,2008,1,해외,50.79365079365079
네버 렛 고: 악의 끈,장편,미국,11,1164000,125,261500,28,공포(호러),15세이상관람가,22438.55421686747,2025,4,해외,22.400000000000002
디 아더 맨,장편,미국,1,1072000,125,1072000,125,드라마,15세이상관람가,20665.060240963856,2013,2,해외,100.0
마이코 한!!!,장편,일본,1,938000,125,938000,125,코미디,15세이상관람가,18081.927710843374,2011,12,해외,100.0
원나잇스탠드,장편,한국,21,642000,125,318000,64,스릴러,청소년관람불가,12375.903614457831,2017,3,국내,51.2
더 레터,장편,미국,2,949000,124,949000,124,드라마,15세이상관람가,18441.507967353285,2013,8,해외,100.0
미드 와이프,장편,핀란드,5,701000,124,270000,54,전쟁,청소년관람불가,13622.230858919549,2016,9,해외,43.54838709677419
IS 탈출,장편,기타,5,623000,124,600000,120,액션,15세이상관람가,12106.490478041198,2021,4,해외,96.7741935483871
갤로워커: 블레이드의 귀환,장편,미국,4,620000,123,18000,2,액션,청소년관람불가,12146.145557841122,2014,4,해외,1.6260162601626018
디셈버,장편,일본,5,818657,122,40000,5,드라마,15세이상관람가,16169.405490815721,2023,12,해외,4.098360655737705
허리 고 라운드,장편,일본,4,1210800,122,1129800,115,다큐멘터리,15세이상관람가,23914.675093817896,2021,7,해외,94.26229508196722
관계의 일변,장편,한국,4,717000,121,154000,29,드라마,15세이상관람가,14278.602011351191,2023,2,국내,23.96694214876033
"독도야, 반갑다",장편,한국,2,771000,121,483000,70,다큐멘터리,12세이상관람가,15353.977895051281,2011,9,국내,57.85123966942148
휴가,장편,한국,5,806700,121,287000,36,가족,12세이상관람가,16064.92084038634,2016,12,국내,29.75206611570248
간증,장편,한국,1,957000,120,643500,79,스릴러,청소년관람불가,19216.86746987952,2011,3,국내,65.83333333333333
키네마의 신,장편,일본,6,833138,120,232000,29,드라마,12세이상관람가,16729.678714859438,2023,10,해외,24.166666666666668
표적이 된 학원,장편,일본,1,600000,120,600000,120,애니메이션,전체관람가,12048.192771084337,2013,12,해외,100.0
후계자,장편,프랑스,34,495000,119,40000,4,스릴러,15세이상관람가,10023.286423002937,2025,11,해외,3.361344537815126
인간실격,장편,일본,5,799599,118,552500,80,애니메이션,15세이상관람가,16328.34388401062,2022,10,해외,67.79661016949152
살인게임 무삭제판,장편,일본,5,593000,117,309000,61,공포(호러),청소년관람불가,12212.95438162908,2015,2,해외,52.13675213675214
나는 원래 대전에서 로맨틱 코미디를 찍으려고 했었다,장편,한국,1,497000,116,161000,68,드라마,12세이상관람가,10324.054840049854,2019,6,국내,58.620689655172406
더 탱크,장편,미국,5,591000,116,520000,104,스릴러,15세이상관람가,12276.6929788118,2017,7,해외,89.65517241379311
사슬 - 두 여자의 유혹,장편,한국,20,599000,116,314000,62,스릴러,청소년관람불가,12442.874948068136,2017,4,국내,53.44827586206896
메이킹 패밀리,장편,한국,1,626500,115,626500,115,멜로/로맨스,12세이상관람가,13127.291775798849,2016,11,국내,100.0
킬링 군터,장편,미국,5,908900,115,555900,67,액션,15세이상관람가,19044.525929806183,2018,7,해외,58.26086956521739
방과 후 미드나이터즈,장편,일본,4,716000,114,426000,69,애니메이션,12세이상관람가,15134.221094905939,2012,11,해외,60.526315789473685
삼인행: 생존 게임,장편,홍콩,1,637500,114,637500,114,범죄,15세이상관람가,13474.952441344327,2018,3,해외,100.0
천녀유혼: 인간정,장편,중국,13,1019800,114,191800,19,판타지,15세이상관람가,21555.69647009089,2021,4,해외,16.666666666666664
스카이파이어,장편,미국,5,707500,113,103500,11,액션,12세이상관람가,15086.89625759676,2021,12,해외,9.734513274336283
엑소시즈머스,장편,스페인,0,1005000,113,963000,107,공포(호러),청소년관람불가,21430.85616803497,2012,7,해외,94.69026548672566
폐교,장편,한국,20,670300,113,404300,70,공포(호러),15세이상관람가,14293.634715854569,2019,9,국내,61.94690265486725
나비두더지,장편,한국,1,746500,112,722500,107,드라마,15세이상관람가,16060.67125645439,2008,2,국내,95.53571428571429
어밴던드,장편,스페인,1,886925,112,873000,110,공포(호러),청소년관람불가,19081.86316695353,2010,4,해외,98.21428571428571
배틀독,장편,미국,5,580000,111,525000,105,공포(호러),청소년관람불가,12590.90415716922,2015,5,해외,94.5945945945946
"소녀, 하늘을 날다!",장편,일본,11,757200,109,306800,40,멜로/로맨스,12세이상관람가,16739.250580302865,2018,9,해외,36.69724770642202
인싸,장편,한국,10,1007700,109,495500,49,액션,12세이상관람가,22276.99789985631,2021,3,국내,44.95412844036697
갈리폴리 상륙작전,장편,터키,5,927000,108,767000,78,전쟁,12세이상관람가,20682.73092369478,2015,11,해외,72.22222222222221
그날의 기억,장편,한국,1,972000,108,972000,108,드라마,12세이상관람가,21686.746987951807,2018,4,국내,100.0
붓다 : 위대한 여정,장편,일본,7,781000,108,472000,64,애니메이션,전체관람가,17425.256581883088,2015,5,해외,59.25925925925925
사다코 디엑스,장편,일본,5,751900,108,416500,56,공포(호러),12세이상관람가,16775.99286033021,2024,7,해외,51.85185185185185
순진한 유학생,장편,일본,1,864000,108,864000,108,코미디,청소년관람불가,19277.108433734942,2012,11,해외,100.0
우주전쟁2:넥스트웨이브,장편,미국,0,540000,108,540000,108,스릴러,12세이상관람가,12048.192771084337,2012,10,해외,100.0
퍼스트 스텝,장편,한국,5,669000,108,499000,51,다큐멘터리,12세이상관람가,14926.372155287818,2018,2,국내,47.22222222222222
고딩감독,장편,캐나다,1,856000,107,856000,107,코미디,청소년관람불가,19277.108433734942,2014,12,해외,100.0
라모나,장편,스페인,5,709800,107,54300,7,드라마,15세이상관람가,15984.686409188154,2023,8,해외,6.5420560747663545
캣 런,장편,미국,0,963000,107,963000,107,액션,청소년관람불가,21686.746987951807,2012,7,해외,100.0
그 노래,장편,한국,5,890300,106,450800,38,드라마,12세이상관람가,20238.690611502614,2023,8,국내,35.84905660377358
인어; 바다를 부른 여인,장편,한국,8,1466200,106,1245700,90,멜로/로맨스,15세이상관람가,33330.30234144124,2022,11,국내,84.90566037735849
더 도터,장편,스페인,10,788900,105,437400,46,스릴러,15세이상관람가,18104.41767068273,2023,10,해외,43.80952380952381
미스터좀비,장편,한국,2,662908,105,460500,68,코미디,15세이상관람가,15213.034997131384,2010,8,국내,64.76190476190476
제이 켈리,장편,미국,35,884000,105,572000,56,드라마,15세이상관람가,20286.861732644866,2025,11,해외,53.333333333333336
피그테일:피그테일과 거미소녀 그리고 레슬링,장편,일본,12,823000,105,639000,81,애니메이션,15세이상관람가,18886.976477337925,2020,7,해외,77.14285714285715
다크 월드: 이퀄리브리엄,장편,러시아,5,632000,104,532000,84,SF,15세이상관람가,14643.188137164041,2016,1,해외,80.76923076923077
종이 비행기,장편,한국,3,507000,104,229000,23,드라마,15세이상관람가,11746.98795180723,2018,1,국내,22.115384615384613
칼큘레이터,장편,러시아,5,631000,104,531000,84,액션,12세이상관람가,14620.018535681187,2016,1,해외,80.76923076923077
보조바퀴,장편,한국,1,876000,103,738000,81,드라마,전체관람가,20493.62498537841,2021,11,국내,78.64077669902912
분노의 핑퐁,장편,미국,1,717723,103,707000,101,액션,15세이상관람가,16790.805942215466,2009,2,해외,98.05825242718447
하늘을 걷는 소년,장편,한국,3,591500,103,303500,47,드라마,12세이상관람가,13837.875774944438,2008,10,국내,45.63106796116505
데스 드라이브,장편,미국,1,714000,102,714000,102,액션,15세이상관람가,16867.469879518074,2011,7,해외,100.0
이지머니,장편,스웨덴,5,614000,102,514000,82,액션,청소년관람불가,14505.079140089772,2016,2,해외,80.3921568627451
스크림: 허수아비의 저주,장편,영국,5,543000,101,300000,60,공포(호러),청소년관람불가,12954.7894548491,2019,10,해외,59.4059405940594
엑시던트,장편,홍콩,2,679000,101,434000,62,스릴러,청소년관람불가,16199.45127042825,2010,12,해외,61.386138613861384
판타스틱 피어,장편,영국,5,720000,101,424000,53,코미디,청소년관람불가,17177.621376595493,2017,3,해외,52.475247524752476
5월 1일,장편,대만,1,967000,101,967000,101,드라마,15세이상관람가,23070.499821066445,2016,4,해외,100.0
아스테릭스: 더 미들 킹덤,장편,프랑스,24,852500,97,63000,7,코미디,전체관람가,21177.493479070923,2024,8,해외,7.216494845360824
탐하다: 욕망의 섬,장편,한국,20,450000,81,124000,22,스릴러,청소년관람불가,13386.880856760376,2017,5,국내,27.160493827160494
타임 이즈 업2,장편,이탈리아,19,651000,73,143000,17,멜로/로맨스,15세이상관람가,21488.69450404357,2023,5,해외,23.28767123287671
힘,장편,미국,18,719000,73,556500,56,공포(호러),청소년관람불가,23733.289321670247,2025,11,해외,76.71232876712328
원샷,장편,영국,50,374000,72,194000,36,액션,15세이상관람가,12516.733601070951,2022,1,해외,50.0
인 더 로스트 랜드,장편,독일,23,512500,58,218500,22,액션,15세이상관람가,21292.06481096801,2025,11,해외,37.93103448275862
초능력 에볼루션,장편,미국,19,240900,36,126400,14,SF,15세이상관람가,16124.497991967874,2021,5,해외,38.88888888888889
레저렉션 이펙트,장편,기타,21,189940,30,100940,12,SF,청소년관람불가,15256.224899598394,2021,6,해외,40.0
스페이스 시그널,장편,미국,18,118480,24,53540,8,액션,12세이상관람가,11895.58232931727,2021,5,해외,33.33333333333333
더 엑시트,장편,미국,18,116500,23,38000,7,판타지,15세이상관람가,12205.343111576743,2021,6,해외,30.434782608695656
